stt,filename,file_path,full_text,nominal,upper_tol,lower_tol,case_type,has_fraction_line,is_boxed,angle
1,syn_000001.png,images/syn_000001.png,M4.04 -0.002/-0.004,M4.04,-0.002,-0.004,stacked_normal,False,False,-0.66
2,syn_000002.png,images/syn_000002.png,12.5°,12.5°,,,angle_decimal_deg,False,False,60.67
3,syn_000003.png,images/syn_000003.png,R1.998 +0.02/0,R1.998,+0.02,0,stacked_fraction,True,False,0.52
4,syn_000004.png,images/syn_000004.png,26.232 +0.015/-0.002,26.232,+0.015,-0.002,stacked_normal,False,False,0.49
5,syn_000005.png,images/syn_000005.png,R33.613 +0.004/+0.002,R33.613,+0.004,+0.002,stacked_normal,False,False,0.73
6,syn_000006.png,images/syn_000006.png,57.63 +0.003/0,57.63,+0.003,0,stacked_fraction,True,False,0.12
7,syn_000007.png,images/syn_000007.png,Ø50.324±0.015,Ø50.324,+0.015,-0.015,symmetric_tight,False,False,0.1
8,syn_000008.png,images/syn_000008.png,Ø75 +0.015/0,Ø75,+0.015,0,stacked_normal,False,False,-0.7
9,syn_000009.png,images/syn_000009.png,R81.436±0.005,R81.436,+0.005,-0.005,symmetric_tight,False,False,0.51
10,syn_000010.png,images/syn_000010.png,50.324±0.02,50.324,+0.02,-0.02,symmetric_tight,False,False,-0.13
11,syn_000011.png,images/syn_000011.png,0.25,0.25,,,simple_nominal_plain,False,False,0.44
12,syn_000012.png,images/syn_000012.png,Ø79.348 -0.003/-0.008,Ø79.348,-0.003,-0.008,stacked_normal,False,False,0.56
13,syn_000013.png,images/syn_000013.png,C0.1,C0.1,,,simple_chamfer,False,False,-0.64
14,syn_000014.png,images/syn_000014.png,73.65±0.025,73.65,+0.025,-0.025,symmetric_tight,False,False,0.57
15,syn_000015.png,images/syn_000015.png,Ø16 +0.005/+0.002,Ø16,+0.005,+0.002,stacked_fraction,True,False,0.46
16,syn_000016.png,images/syn_000016.png,1.430 +0.03/0,1.430,+0.03,0,stacked_fraction,True,False,-0.5
17,syn_000017.png,images/syn_000017.png,2.75 -0.002/-0.007,2.75,-0.002,-0.007,stacked_fraction,True,False,0.58
18,syn_000018.png,images/syn_000018.png,12.160 +0.05/-0.02,12.160,+0.05,-0.02,stacked_fraction,True,False,0.05
19,syn_000019.png,images/syn_000019.png,57.63 -0.01/-0.013,57.63,-0.01,-0.013,stacked_normal,False,False,5.86
20,syn_000020.png,images/syn_000020.png,0.5°,0.5°,,,angle_decimal_deg,False,False,-29.8
21,syn_000021.png,images/syn_000021.png,0.652 +0.01/0,0.652,+0.01,0,stacked_normal,False,False,4.08
22,syn_000022.png,images/syn_000022.png,Ø63.077 0/-0.05,Ø63.077,0,-0.05,stacked_normal,False,False,-0.58
23,syn_000023.png,images/syn_000023.png,"90°21'10""","90°21'10""",,,angle_dms_full,False,False,58.58
24,syn_000024.png,images/syn_000024.png,45° 56',45° 56',,,angle_dms_min,False,False,-0.6
25,syn_000025.png,images/syn_000025.png,11.264±0.02,11.264,+0.02,-0.02,symmetric_tight,False,False,0.43
26,syn_000026.png,images/syn_000026.png,1.998 0/-0.03,1.998,0,-0.03,stacked_normal,False,False,-0.36
27,syn_000027.png,images/syn_000027.png,25 +0.004/+0.001,25,+0.004,+0.001,stacked_fraction,True,False,-0.17
28,syn_000028.png,images/syn_000028.png,R1.5 MIN,R1.5 MIN,,,simple_radius_corner,False,False,-31.32
29,syn_000029.png,images/syn_000029.png,1.998±0.1,1.998,+0.1,-0.1,symmetric_tight,False,False,-0.35
30,syn_000030.png,images/syn_000030.png,Ø43.337 +0.007/+0.005,Ø43.337,+0.007,+0.005,stacked_fraction,True,False,-0.03
31,syn_000031.png,images/syn_000031.png,30 +0.02/0,30,+0.02,0,stacked_fraction,True,False,-0.41
32,syn_000032.png,images/syn_000032.png,50,50,,,simple_nominal_plain,False,False,-0.51
33,syn_000033.png,images/syn_000033.png,M2.75 +0.01/-0.005,M2.75,+0.01,-0.005,stacked_fraction,True,False,0.13
34,syn_000034.png,images/syn_000034.png,Ø56.003 +0.003/0,Ø56.003,+0.003,0,stacked_fraction,True,False,0.3
35,syn_000035.png,images/syn_000035.png,R5 MIN,R5 MIN,,,simple_radius_corner,False,False,0.51
36,syn_000036.png,images/syn_000036.png,2.75 +0.01/0,2.75,+0.01,0,stacked_normal,False,False,-0.02
37,syn_000037.png,images/syn_000037.png,Ø38.350 +0.003/0,Ø38.350,+0.003,0,stacked_normal,False,False,-0.51
38,syn_000038.png,images/syn_000038.png,12°55',12°55',,,angle_dms_min,False,False,-60.56
39,syn_000039.png,images/syn_000039.png,Ø11.511 -0.001/-0.004,Ø11.511,-0.001,-0.004,stacked_normal,False,False,0.81
40,syn_000040.png,images/syn_000040.png,7.525 0/-0.03,7.525,0,-0.03,stacked_fraction,True,False,-0.07
41,syn_000041.png,images/syn_000041.png,Ø32±0.02,Ø32,+0.02,-0.02,symmetric_tight,False,False,0.0
42,syn_000042.png,images/syn_000042.png,11.631 0/-0.002,11.631,0,-0.002,stacked_fraction,True,False,2.66
43,syn_000043.png,images/syn_000043.png,50.324 +0.02/-0.03,50.324,+0.02,-0.03,stacked_normal,False,False,0.46
44,syn_000044.png,images/syn_000044.png,32±0.1,32,+0.1,-0.1,symmetric_tight,False,False,0.75
45,syn_000045.png,images/syn_000045.png,120°45',120°45',,,angle_dms_min,False,False,-0.77
46,syn_000046.png,images/syn_000046.png,0.0816±0.025,0.0816,+0.025,-0.025,symmetric_tight,False,False,0.37
47,syn_000047.png,images/syn_000047.png,4.026 -0.001/-0.004,4.026,-0.001,-0.004,stacked_fraction,True,False,0.4
48,syn_000048.png,images/syn_000048.png,R4.04±0.1,R4.04,+0.1,-0.1,symmetric_tight,False,False,-0.08
49,syn_000049.png,images/syn_000049.png,Ø67.686 +0.015/0,Ø67.686,+0.015,0,stacked_normal,False,False,0.58
50,syn_000050.png,images/syn_000050.png,M12,M12,,,simple_thread_qty,False,False,-0.24
51,syn_000051.png,images/syn_000051.png,Ø56.003 +0.015/0,Ø56.003,+0.015,0,stacked_fraction,True,False,-0.1
52,syn_000052.png,images/syn_000052.png,Ø32.506 +0.05/-0.002,Ø32.506,+0.05,-0.002,stacked_normal,False,False,1.87
53,syn_000053.png,images/syn_000053.png,0.25 TYP,0.25 TYP,,,simple_boxed_ref,False,False,-0.25
54,syn_000054.png,images/syn_000054.png,Ø50.00±0.015,Ø50.00,+0.015,-0.015,symmetric_tight,False,False,0.54
55,syn_000055.png,images/syn_000055.png,C16 +0.01/0,C16,+0.01,0,stacked_fraction,True,False,-0.72
56,syn_000056.png,images/syn_000056.png,C12.150±0.002,C12.150,+0.002,-0.002,symmetric_tight,False,False,-0.51
57,syn_000057.png,images/syn_000057.png,50.324 0/-0.008,50.324,0,-0.008,stacked_normal,False,False,-0.72
58,syn_000058.png,images/syn_000058.png,90° 55',90° 55',,,angle_dms_min,False,False,-0.04
59,syn_000059.png,images/syn_000059.png,60 +0.004/+0.002,60,+0.004,+0.002,stacked_fraction,True,False,0.16
60,syn_000060.png,images/syn_000060.png,Ø12.150±0.1,Ø12.150,+0.1,-0.1,symmetric_tight,False,False,0.29
61,syn_000061.png,images/syn_000061.png,73.65,73.65,,,simple_nominal_plain,False,False,0.59
62,syn_000062.png,images/syn_000062.png,R12.50 0/-0.015,R12.50,0,-0.015,stacked_normal,False,False,0.32
63,syn_000063.png,images/syn_000063.png,57.63 0/-0.008,57.63,0,-0.008,stacked_normal,False,False,0.09
64,syn_000064.png,images/syn_000064.png,0.2043 +0.006/+0.001,0.2043,+0.006,+0.001,stacked_fraction,True,False,-0.66
65,syn_000065.png,images/syn_000065.png,45°34',45°34',,,angle_dms_min,False,False,14.08
66,syn_000066.png,images/syn_000066.png,56.881±0.05,56.881,+0.05,-0.05,symmetric_tight,False,False,0.23
67,syn_000067.png,images/syn_000067.png,0.523°,0.523°,,,angle_decimal_deg,False,False,45.47
68,syn_000068.png,images/syn_000068.png,"2°47'51""","2°47'51""",,,angle_dms_full,False,False,15.96
69,syn_000069.png,images/syn_000069.png,M9.727 0/-0.002,M9.727,0,-0.002,stacked_fraction,True,False,-0.55
70,syn_000070.png,images/syn_000070.png,Ø10 +0.01/-0.02,Ø10,+0.01,-0.02,stacked_fraction,True,False,-0.19
71,syn_000071.png,images/syn_000071.png,C0.5,C0.5,,,simple_chamfer,False,False,44.64
72,syn_000072.png,images/syn_000072.png,62.216 -0.001/-0.004,62.216,-0.001,-0.004,stacked_normal,False,False,-0.56
73,syn_000073.png,images/syn_000073.png,69.635±0.025,69.635,+0.025,-0.025,symmetric_tight,False,False,-0.77
74,syn_000074.png,images/syn_000074.png,59.688 +0.002/0,59.688,+0.002,0,stacked_fraction,True,False,-3.59
75,syn_000075.png,images/syn_000075.png,C0.3893±0.01,C0.3893,+0.01,-0.01,symmetric_tight,False,False,-0.11
76,syn_000076.png,images/syn_000076.png,40 +0.01/-0.03,40,+0.01,-0.03,stacked_fraction,True,False,-0.0
77,syn_000077.png,images/syn_000077.png,10.50 0/-0.003,10.50,0,-0.003,stacked_fraction,True,False,0.17
78,syn_000078.png,images/syn_000078.png,R0.5MIN,R0.5MIN,,,simple_radius_corner,False,False,28.87
79,syn_000079.png,images/syn_000079.png,22.709 +0.005/-0.002,22.709,+0.005,-0.002,stacked_fraction,True,False,-0.3
80,syn_000080.png,images/syn_000080.png,6.513 -0.003/-0.008,6.513,-0.003,-0.008,stacked_fraction,True,False,-0.13
81,syn_000081.png,images/syn_000081.png,25.259±0.02,25.259,+0.02,-0.02,symmetric_tight,False,False,0.22
82,syn_000082.png,images/syn_000082.png,10.50±0.015,10.50,+0.015,-0.015,symmetric_tight,False,False,0.29
83,syn_000083.png,images/syn_000083.png,56.003 +0.005/-0.002,56.003,+0.005,-0.002,stacked_normal,False,False,-0.6
84,syn_000084.png,images/syn_000084.png,R4.04±0.05,R4.04,+0.05,-0.05,symmetric_tight,False,False,-0.23
85,syn_000085.png,images/syn_000085.png,Ø14.941 +0.015/-0.03,Ø14.941,+0.015,-0.03,stacked_fraction,True,False,-0.32
86,syn_000086.png,images/syn_000086.png,16.350 +0.007/+0.002,16.350,+0.007,+0.002,stacked_normal,False,False,0.22
87,syn_000087.png,images/syn_000087.png,16.350 +0.005/0,16.350,+0.005,0,stacked_normal,False,False,0.55
88,syn_000088.png,images/syn_000088.png,90°,90°,,,simple_angle_simple,False,False,-14.52
89,syn_000089.png,images/syn_000089.png,"30°53'42""","30°53'42""",,,angle_dms_full,False,False,-45.87
90,syn_000090.png,images/syn_000090.png,R74.462 +0.03/0,R74.462,+0.03,0,stacked_normal,False,False,0.78
91,syn_000091.png,images/syn_000091.png,86.213 +0.015/0,86.213,+0.015,0,stacked_normal,False,False,0.19
92,syn_000092.png,images/syn_000092.png,11.89 0/-0.008,11.89,0,-0.008,stacked_fraction,True,False,0.43
93,syn_000093.png,images/syn_000093.png,2.160 0/-0.01,2.160,0,-0.01,stacked_fraction,True,False,-0.7
94,syn_000094.png,images/syn_000094.png,45° 46',45° 46',,,angle_dms_min,False,False,0.22
95,syn_000095.png,images/syn_000095.png,Ø55.086 +0.03/0,Ø55.086,+0.03,0,stacked_normal,False,False,-0.4
96,syn_000096.png,images/syn_000096.png,Ø47.702 0/-0.03,Ø47.702,0,-0.03,stacked_normal,False,False,-5.43
97,syn_000097.png,images/syn_000097.png,12.50 -0.005/-0.008,12.50,-0.005,-0.008,stacked_fraction,True,False,0.75
98,syn_000098.png,images/syn_000098.png,Ø83.836 +0.008/+0.005,Ø83.836,+0.008,+0.005,stacked_fraction,True,False,-0.79
99,syn_000099.png,images/syn_000099.png,Ø20 0/-0.003,Ø20,0,-0.003,stacked_normal,False,False,0.49
100,syn_000100.png,images/syn_000100.png,R0.1 MAX,R0.1 MAX,,,simple_radius_corner,False,False,-0.24
101,syn_000101.png,images/syn_000101.png,57.63 +0.006/+0.001,57.63,+0.006,+0.001,stacked_fraction,True,False,-0.76
102,syn_000102.png,images/syn_000102.png,Ø0.290 +0.01/0,Ø0.290,+0.01,0,stacked_normal,False,False,-0.2
103,syn_000103.png,images/syn_000103.png,Ø8 +0.004/+0.002,Ø8,+0.004,+0.002,stacked_normal,False,False,-0.12
104,syn_000104.png,images/syn_000104.png,Ø26.197 -0.005/-0.008,Ø26.197,-0.005,-0.008,stacked_normal,False,False,-0.29
105,syn_000105.png,images/syn_000105.png,27.938 +0.05/0,27.938,+0.05,0,stacked_fraction,True,False,-0.08
106,syn_000106.png,images/syn_000106.png,35.916 0/-0.002,35.916,0,-0.002,stacked_fraction,True,False,-0.1
107,syn_000107.png,images/syn_000107.png,86.078 -0.01/-0.012,86.078,-0.01,-0.012,stacked_normal,False,False,0.18
108,syn_000108.png,images/syn_000108.png,5.04 0/-0.03,5.04,0,-0.03,stacked_normal,False,False,-0.3
109,syn_000109.png,images/syn_000109.png,15°,15°,,,simple_angle_simple,False,False,-0.59
110,syn_000110.png,images/syn_000110.png,R35.726±0.005,R35.726,+0.005,-0.005,symmetric_tight,False,False,0.64
111,syn_000111.png,images/syn_000111.png,50 TYP,50 TYP,,,simple_boxed_ref,False,False,-0.46
112,syn_000112.png,images/syn_000112.png,50.324 0/-0.005,50.324,0,-0.005,stacked_fraction,True,False,-0.48
113,syn_000113.png,images/syn_000113.png,R5 MAX,R5 MAX,,,simple_radius_corner,False,False,-45.33
114,syn_000114.png,images/syn_000114.png,Ø30 +0.02/0,Ø30,+0.02,0,stacked_fraction,True,False,-1.78
115,syn_000115.png,images/syn_000115.png,12.160,12.160,,,simple_nominal_plain,False,False,-0.3
116,syn_000116.png,images/syn_000116.png,4.04 -0.005/-0.007,4.04,-0.005,-0.007,stacked_fraction,True,False,0.09
117,syn_000117.png,images/syn_000117.png,Ø88.042 0/-0.02,Ø88.042,0,-0.02,stacked_fraction,True,False,0.97
118,syn_000118.png,images/syn_000118.png,60°±0.5°,60°,+0.5°,-0.5°,angle_dms_tol,False,False,-29.48
119,syn_000119.png,images/syn_000119.png,17.257 0/-0.02,17.257,0,-0.02,stacked_fraction,True,False,-0.48
120,syn_000120.png,images/syn_000120.png,0.3077 -0.005/-0.007,0.3077,-0.005,-0.007,stacked_normal,False,False,0.5
121,syn_000121.png,images/syn_000121.png,R0.05,R0.05,,,simple_radius_corner,False,False,-14.52
122,syn_000122.png,images/syn_000122.png,0.052°,0.052°,,,angle_decimal_deg,False,False,13.87
123,syn_000123.png,images/syn_000123.png,16.350 +0.01/+0.005,16.350,+0.01,+0.005,stacked_fraction,True,False,-0.53
124,syn_000124.png,images/syn_000124.png,90°±15',90°,+15',-15',angle_dms_tol,False,False,-44.01
125,syn_000125.png,images/syn_000125.png,Ø8.490 +0.02/-0.02,Ø8.490,+0.02,-0.02,stacked_fraction,True,False,-0.19
126,syn_000126.png,images/syn_000126.png,5.04±0.002,5.04,+0.002,-0.002,symmetric_tight,False,False,-0.21
127,syn_000127.png,images/syn_000127.png,R73.65 0/-0.002,R73.65,0,-0.002,stacked_fraction,True,False,0.38
128,syn_000128.png,images/syn_000128.png,2X Ø5,2X Ø5,,,simple_thread_qty,False,False,-0.68
129,syn_000129.png,images/syn_000129.png,12.50 0/-0.003,12.50,0,-0.003,stacked_normal,False,False,-0.74
130,syn_000130.png,images/syn_000130.png,0.0558 -0.002/-0.004,0.0558,-0.002,-0.004,stacked_normal,False,False,0.32
131,syn_000131.png,images/syn_000131.png,11.89 +0.02/-0.03,11.89,+0.02,-0.03,stacked_normal,False,False,0.18
132,syn_000132.png,images/syn_000132.png,16.350 0/-0.002,16.350,0,-0.002,stacked_fraction,True,False,0.24
133,syn_000133.png,images/syn_000133.png,0.1524±0.015,0.1524,+0.015,-0.015,symmetric_tight,False,False,-0.71
134,syn_000134.png,images/syn_000134.png,12°31',12°31',,,angle_dms_min,False,False,0.3
135,syn_000135.png,images/syn_000135.png,R8.308 0/-0.015,R8.308,0,-0.015,stacked_fraction,True,False,-0.05
136,syn_000136.png,images/syn_000136.png,16.350 +0.02/0,16.350,+0.02,0,stacked_normal,False,False,0.65
137,syn_000137.png,images/syn_000137.png,56.003 +0.003/0,56.003,+0.003,0,stacked_normal,False,False,-0.63
138,syn_000138.png,images/syn_000138.png,10.50 +0.005/0,10.50,+0.005,0,stacked_fraction,True,False,0.27
139,syn_000139.png,images/syn_000139.png,Ø31.106 +0.002/0,Ø31.106,+0.002,0,stacked_fraction,True,False,-0.5
140,syn_000140.png,images/syn_000140.png,R0.2 MAX,R0.2 MAX,,,simple_radius_corner,False,False,-0.46
141,syn_000141.png,images/syn_000141.png,R0.05MAX,R0.05MAX,,,simple_radius_corner,False,False,0.2
142,syn_000142.png,images/syn_000142.png,14.615 -0.005/-0.008,14.615,-0.005,-0.008,stacked_fraction,True,False,-0.03
143,syn_000143.png,images/syn_000143.png,M12,M12,,,simple_thread_qty,False,False,-0.56
144,syn_000144.png,images/syn_000144.png,R0.12MIN,R0.12MIN,,,simple_radius_corner,False,False,-0.13
145,syn_000145.png,images/syn_000145.png,0.613 +0.005/-0.005,0.613,+0.005,-0.005,stacked_normal,False,False,-0.93
146,syn_000146.png,images/syn_000146.png,83.261 +0.004/+0.001,83.261,+0.004,+0.001,stacked_fraction,True,False,0.34
147,syn_000147.png,images/syn_000147.png,0.262°,0.262°,,,angle_decimal_deg,False,False,13.88
148,syn_000148.png,images/syn_000148.png,M55.356 0/-0.05,M55.356,0,-0.05,stacked_fraction,True,False,-0.32
149,syn_000149.png,images/syn_000149.png,13.259 +0.03/0,13.259,+0.03,0,stacked_fraction,True,False,0.7
150,syn_000150.png,images/syn_000150.png,2.284 +0.005/0,2.284,+0.005,0,stacked_fraction,True,False,0.28
151,syn_000151.png,images/syn_000151.png,Ø15.434 0/-0.015,Ø15.434,0,-0.015,stacked_fraction,True,False,5.33
152,syn_000152.png,images/syn_000152.png,0.896±0.05,0.896,+0.05,-0.05,symmetric_tight,False,False,0.48
153,syn_000153.png,images/syn_000153.png,15°56',15°56',,,angle_dms_min,False,False,14.25
154,syn_000154.png,images/syn_000154.png,20 0/-0.002,20,0,-0.002,stacked_normal,False,False,-1.96
155,syn_000155.png,images/syn_000155.png,60°±5',60°,+5',-5',angle_dms_tol,False,False,0.69
156,syn_000156.png,images/syn_000156.png,Ø8,Ø8,,,simple_diameter,False,False,-0.8
157,syn_000157.png,images/syn_000157.png,Ø0.3126±0.01,Ø0.3126,+0.01,-0.01,symmetric_tight,False,False,-0.01
158,syn_000158.png,images/syn_000158.png,C3.032 +0.002/0,C3.032,+0.002,0,stacked_fraction,True,False,0.32
159,syn_000159.png,images/syn_000159.png,10.535 +0.006/+0.001,10.535,+0.006,+0.001,stacked_normal,False,False,0.36
160,syn_000160.png,images/syn_000160.png,"25°58'15""","25°58'15""",,,angle_dms_full,False,False,0.55
161,syn_000161.png,images/syn_000161.png,Ø50.00 +0.02/0,Ø50.00,+0.02,0,stacked_normal,False,False,-0.46
162,syn_000162.png,images/syn_000162.png,5.04 0/-0.01,5.04,0,-0.01,stacked_normal,False,False,0.32
163,syn_000163.png,images/syn_000163.png,3.032 +0.013/+0.01,3.032,+0.013,+0.01,stacked_fraction,True,False,0.35
164,syn_000164.png,images/syn_000164.png,7.525 +0.03/0,7.525,+0.03,0,stacked_fraction,True,False,0.08
165,syn_000165.png,images/syn_000165.png,18.653 -0.005/-0.008,18.653,-0.005,-0.008,stacked_normal,False,False,0.1
166,syn_000166.png,images/syn_000166.png,Ø0.3856 -0.003/-0.006,Ø0.3856,-0.003,-0.006,stacked_fraction,True,False,-0.08
167,syn_000167.png,images/syn_000167.png,60°27',60°27',,,angle_dms_min,False,False,0.49
168,syn_000168.png,images/syn_000168.png,57.340±0.025,57.340,+0.025,-0.025,symmetric_tight,False,False,0.58
169,syn_000169.png,images/syn_000169.png,90.228 +0.015/+0.01,90.228,+0.015,+0.01,stacked_fraction,True,False,-0.34
170,syn_000170.png,images/syn_000170.png,"30°15'13""","30°15'13""",,,angle_dms_full,False,False,16.29
171,syn_000171.png,images/syn_000171.png,21.191±0.005,21.191,+0.005,-0.005,symmetric_tight,False,False,0.49
172,syn_000172.png,images/syn_000172.png,14.941 +0.015/0,14.941,+0.015,0,stacked_normal,False,False,0.62
173,syn_000173.png,images/syn_000173.png,"2°10'20""","2°10'20""",,,angle_dms_full,False,False,0.53
174,syn_000174.png,images/syn_000174.png,C0.25 +0.002/0,C0.25,+0.002,0,stacked_fraction,True,False,2.3
175,syn_000175.png,images/syn_000175.png,73.65 -0.01/-0.013,73.65,-0.01,-0.013,stacked_normal,False,False,-0.79
176,syn_000176.png,images/syn_000176.png,Ø82.380 +0.012/+0.01,Ø82.380,+0.012,+0.01,stacked_normal,False,False,0.36
177,syn_000177.png,images/syn_000177.png,3.285 0/-0.008,3.285,0,-0.008,stacked_fraction,True,False,-0.59
178,syn_000178.png,images/syn_000178.png,M73.65 +0.015/-0.02,M73.65,+0.015,-0.02,stacked_fraction,True,False,0.29
179,syn_000179.png,images/syn_000179.png,15°16',15°16',,,angle_dms_min,False,False,0.61
180,syn_000180.png,images/syn_000180.png,"15°43'28""","15°43'28""",,,angle_dms_full,False,False,0.78
181,syn_000181.png,images/syn_000181.png,0.0599 +0.015/0,0.0599,+0.015,0,stacked_fraction,True,False,0.53
182,syn_000182.png,images/syn_000182.png,R0.03MAX,R0.03MAX,,,simple_radius_corner,False,False,0.46
183,syn_000183.png,images/syn_000183.png,50.00 0/-0.002,50.00,0,-0.002,stacked_normal,False,False,-0.57
184,syn_000184.png,images/syn_000184.png,0.2229±0.02,0.2229,+0.02,-0.02,symmetric_tight,False,False,0.33
185,syn_000185.png,images/syn_000185.png,75.445±0.05,75.445,+0.05,-0.05,symmetric_tight,False,False,0.79
186,syn_000186.png,images/syn_000186.png,R12.160 +0.003/0,R12.160,+0.003,0,stacked_normal,False,False,-0.77
187,syn_000187.png,images/syn_000187.png,56.003 -0.002/-0.005,56.003,-0.002,-0.005,stacked_fraction,True,False,-0.07
188,syn_000188.png,images/syn_000188.png,R1.5 MAX,R1.5 MAX,,,simple_radius_corner,False,False,-14.35
189,syn_000189.png,images/syn_000189.png,M29.732 +0.02/0,M29.732,+0.02,0,stacked_fraction,True,False,-0.32
190,syn_000190.png,images/syn_000190.png,"45°8'56""","45°8'56""",,,angle_dms_full,False,False,-61.19
191,syn_000191.png,images/syn_000191.png,R2.160 -0.01/-0.013,R2.160,-0.01,-0.013,stacked_normal,False,False,0.53
192,syn_000192.png,images/syn_000192.png,16.350 0/-0.003,16.350,0,-0.003,stacked_normal,False,False,0.77
193,syn_000193.png,images/syn_000193.png,R0.25,R0.25,,,simple_radius_corner,False,False,0.05
194,syn_000194.png,images/syn_000194.png,Ø16,Ø16,,,simple_diameter,False,False,0.59
195,syn_000195.png,images/syn_000195.png,32 +0.003/+0.001,32,+0.003,+0.001,stacked_normal,False,False,0.05
196,syn_000196.png,images/syn_000196.png,89.353 0/-0.02,89.353,0,-0.02,stacked_fraction,True,False,0.35
197,syn_000197.png,images/syn_000197.png,Ø4.127 +0.003/0,Ø4.127,+0.003,0,stacked_normal,False,False,0.41
198,syn_000198.png,images/syn_000198.png,Ø2.75 -0.003/-0.006,Ø2.75,-0.003,-0.006,stacked_fraction,True,False,-0.53
199,syn_000199.png,images/syn_000199.png,50.00 +0.015/-0.01,50.00,+0.015,-0.01,stacked_fraction,True,False,-0.38
200,syn_000200.png,images/syn_000200.png,Ø35.726±0.025,Ø35.726,+0.025,-0.025,symmetric_tight,False,False,0.03
201,syn_000201.png,images/syn_000201.png,5.04 +0.007/+0.002,5.04,+0.007,+0.002,stacked_normal,False,False,0.29
202,syn_000202.png,images/syn_000202.png,12.50 +0.013/+0.01,12.50,+0.013,+0.01,stacked_normal,False,False,-0.24
203,syn_000203.png,images/syn_000203.png,28°20',28°20',,,angle_dms_min,False,False,-44.14
204,syn_000204.png,images/syn_000204.png,120°,120°,,,simple_angle_simple,False,False,-0.63
205,syn_000205.png,images/syn_000205.png,44.564 -0.003/-0.005,44.564,-0.003,-0.005,stacked_fraction,True,False,0.18
206,syn_000206.png,images/syn_000206.png,Ø5.04 0/-0.003,Ø5.04,0,-0.003,stacked_fraction,True,False,0.56
207,syn_000207.png,images/syn_000207.png,0°22',0°22',,,angle_dms_min,False,False,-0.61
208,syn_000208.png,images/syn_000208.png,9.588 0/-0.03,9.588,0,-0.03,stacked_fraction,True,False,0.8
209,syn_000209.png,images/syn_000209.png,Ø24.50 +0.015/0,Ø24.50,+0.015,0,stacked_normal,False,False,-0.73
210,syn_000210.png,images/syn_000210.png,R0.2,R0.2,,,simple_radius_corner,False,False,0.12
211,syn_000211.png,images/syn_000211.png,R0.2MAX,R0.2MAX,,,simple_radius_corner,False,False,-30.16
212,syn_000212.png,images/syn_000212.png,81.430 +0.002/0,81.430,+0.002,0,stacked_normal,False,False,0.0
213,syn_000213.png,images/syn_000213.png,Ø24.50 +0.005/-0.03,Ø24.50,+0.005,-0.03,stacked_fraction,True,False,-0.63
214,syn_000214.png,images/syn_000214.png,"2°35'27""","2°35'27""",,,angle_dms_full,False,False,-0.32
215,syn_000215.png,images/syn_000215.png,Ø0.652 0/-0.003,Ø0.652,0,-0.003,stacked_normal,False,False,0.29
216,syn_000216.png,images/syn_000216.png,M80.868 +0.01/+0.005,M80.868,+0.01,+0.005,stacked_fraction,True,False,-0.12
217,syn_000217.png,images/syn_000217.png,R1.0MAX,R1.0MAX,,,simple_radius_corner,False,False,-0.79
218,syn_000218.png,images/syn_000218.png,15.80 0/-0.015,15.80,0,-0.015,stacked_normal,False,False,0.06
219,syn_000219.png,images/syn_000219.png,0°23',0°23',,,angle_dms_min,False,False,-46.35
220,syn_000220.png,images/syn_000220.png,5.04 -0.002/-0.007,5.04,-0.002,-0.007,stacked_fraction,True,False,5.69
221,syn_000221.png,images/syn_000221.png,Ø5.04±0.002,Ø5.04,+0.002,-0.002,symmetric_tight,False,False,0.41
222,syn_000222.png,images/syn_000222.png,12.155,12.155,,,simple_boxed_ref,False,True,-0.31
223,syn_000223.png,images/syn_000223.png,70.299±0.025,70.299,+0.025,-0.025,symmetric_tight,False,False,1.6
224,syn_000224.png,images/syn_000224.png,60°±5',60°,+5',-5',angle_dms_tol,False,False,43.58
225,syn_000225.png,images/syn_000225.png,12.160 +0.004/+0.002,12.160,+0.004,+0.002,stacked_fraction,True,False,0.35
226,syn_000226.png,images/syn_000226.png,50.00±0.015,50.00,+0.015,-0.015,symmetric_tight,False,False,0.77
227,syn_000227.png,images/syn_000227.png,12.150 +0.004/+0.002,12.150,+0.004,+0.002,stacked_fraction,True,False,-0.66
228,syn_000228.png,images/syn_000228.png,0.4808±0.1,0.4808,+0.1,-0.1,symmetric_tight,False,False,-0.48
229,syn_000229.png,images/syn_000229.png,5°32',5°32',,,angle_dms_min,False,False,29.73
230,syn_000230.png,images/syn_000230.png,50.324 +0.013/+0.01,50.324,+0.013,+0.01,stacked_normal,False,False,0.09
231,syn_000231.png,images/syn_000231.png,"0°48'13""","0°48'13""",,,angle_dms_full,False,False,-61.4
232,syn_000232.png,images/syn_000232.png,Ø12.155 +0.015/0,Ø12.155,+0.015,0,stacked_fraction,True,False,-0.52
233,syn_000233.png,images/syn_000233.png,8.308 +0.01/0,8.308,+0.01,0,stacked_normal,False,False,-0.56
234,syn_000234.png,images/syn_000234.png,16.350 +0.02/-0.03,16.350,+0.02,-0.03,stacked_fraction,True,False,-0.55
235,syn_000235.png,images/syn_000235.png,Ø84.895 +0.004/+0.001,Ø84.895,+0.004,+0.001,stacked_fraction,True,False,-0.65
236,syn_000236.png,images/syn_000236.png,Ø89.402 0/-0.02,Ø89.402,0,-0.02,stacked_fraction,True,False,5.78
237,syn_000237.png,images/syn_000237.png,0.052°,0.052°,,,angle_decimal_deg,False,False,0.24
238,syn_000238.png,images/syn_000238.png,15° 10',15° 10',,,angle_dms_min,False,False,-0.51
239,syn_000239.png,images/syn_000239.png,50.324 0/-0.03,50.324,0,-0.03,stacked_normal,False,False,0.04
240,syn_000240.png,images/syn_000240.png,75±0.002,75,+0.002,-0.002,symmetric_tight,False,False,-0.37
241,syn_000241.png,images/syn_000241.png,Ø6,Ø6,,,simple_diameter,False,False,0.44
242,syn_000242.png,images/syn_000242.png,Ø91.712 0/-0.05,Ø91.712,0,-0.05,stacked_normal,False,False,-0.71
243,syn_000243.png,images/syn_000243.png,2.75 +0.05/0,2.75,+0.05,0,stacked_fraction,True,False,0.4
244,syn_000244.png,images/syn_000244.png,C0.25,C0.25,,,simple_chamfer,False,False,45.02
245,syn_000245.png,images/syn_000245.png,"45°35'45""","45°35'45""",,,angle_dms_full,False,False,-0.31
246,syn_000246.png,images/syn_000246.png,4.026 -0.002/-0.004,4.026,-0.002,-0.004,stacked_normal,False,False,-4.69
247,syn_000247.png,images/syn_000247.png,5.04 -0.005/-0.008,5.04,-0.005,-0.008,stacked_fraction,True,False,0.17
248,syn_000248.png,images/syn_000248.png,78.435 +0.005/+0.002,78.435,+0.005,+0.002,stacked_normal,False,False,0.72
249,syn_000249.png,images/syn_000249.png,12.160 0/-0.002,12.160,0,-0.002,stacked_fraction,True,False,-0.48
250,syn_000250.png,images/syn_000250.png,"5°7'11""","5°7'11""",,,angle_dms_full,False,False,0.15
251,syn_000251.png,images/syn_000251.png,56.003 +0.015/0,56.003,+0.015,0,stacked_normal,False,False,-0.13
252,syn_000252.png,images/syn_000252.png,15°±1°,15°,+1°,-1°,angle_dms_tol,False,False,-15.36
253,syn_000253.png,images/syn_000253.png,0.262°,0.262°,,,angle_decimal_deg,False,False,0.61
254,syn_000254.png,images/syn_000254.png,12.150 0/-0.01,12.150,0,-0.01,stacked_normal,False,False,0.37
255,syn_000255.png,images/syn_000255.png,0.25 0/-0.015,0.25,0,-0.015,stacked_fraction,True,False,0.2
256,syn_000256.png,images/syn_000256.png,Ø74.986 0/-0.03,Ø74.986,0,-0.03,stacked_fraction,True,False,-0.37
257,syn_000257.png,images/syn_000257.png,Ø17.388 0/-0.008,Ø17.388,0,-0.008,stacked_normal,False,False,0.61
258,syn_000258.png,images/syn_000258.png,4.04±0.005,4.04,+0.005,-0.005,symmetric_tight,False,False,0.07
259,syn_000259.png,images/syn_000259.png,15.80 0/-0.015,15.80,0,-0.015,stacked_normal,False,False,0.01
260,syn_000260.png,images/syn_000260.png,90°±15',90°,+15',-15',angle_dms_tol,False,False,0.15
261,syn_000261.png,images/syn_000261.png,50.00 0/-0.015,50.00,0,-0.015,stacked_normal,False,False,0.56
262,syn_000262.png,images/syn_000262.png,84.309,84.309,,,simple_nominal_plain,False,False,-0.35
263,syn_000263.png,images/syn_000263.png,R60 0/-0.03,R60,0,-0.03,stacked_fraction,True,False,0.24
264,syn_000264.png,images/syn_000264.png,80.649 0/-0.015,80.649,0,-0.015,stacked_fraction,True,False,-4.77
265,syn_000265.png,images/syn_000265.png,16.350 0/-0.005,16.350,0,-0.005,stacked_fraction,True,False,0.68
266,syn_000266.png,images/syn_000266.png,15.80 +0.02/-0.02,15.80,+0.02,-0.02,stacked_fraction,True,False,0.55
267,syn_000267.png,images/syn_000267.png,Ø33.613 +0.005/0,Ø33.613,+0.005,0,stacked_normal,False,False,0.63
268,syn_000268.png,images/syn_000268.png,M2.75 0/-0.002,M2.75,0,-0.002,stacked_normal,False,False,0.11
269,syn_000269.png,images/syn_000269.png,180°,180°,,,simple_angle_simple,False,False,-29.61
270,syn_000270.png,images/syn_000270.png,"25°59'43""","25°59'43""",,,angle_dms_full,False,False,0.05
271,syn_000271.png,images/syn_000271.png,90.150 0/-0.015,90.150,0,-0.015,stacked_fraction,True,False,-0.17
272,syn_000272.png,images/syn_000272.png,48.287 0/-0.003,48.287,0,-0.003,stacked_fraction,True,False,-0.41
273,syn_000273.png,images/syn_000273.png,Ø40±0.025,Ø40,+0.025,-0.025,symmetric_tight,False,False,0.36
274,syn_000274.png,images/syn_000274.png,60°40',60°40',,,angle_dms_min,False,False,-16.05
275,syn_000275.png,images/syn_000275.png,60°±1°,60°,+1°,-1°,angle_dms_tol,False,False,-46.37
276,syn_000276.png,images/syn_000276.png,32.099±0.005,32.099,+0.005,-0.005,symmetric_tight,False,False,0.18
277,syn_000277.png,images/syn_000277.png,R14.941 +0.05/-0.01,R14.941,+0.05,-0.01,stacked_fraction,True,False,-0.79
278,syn_000278.png,images/syn_000278.png,10 0/-0.03,10,0,-0.03,stacked_fraction,True,False,-0.49
279,syn_000279.png,images/syn_000279.png,31.066 0/-0.01,31.066,0,-0.01,stacked_fraction,True,False,-0.8
280,syn_000280.png,images/syn_000280.png,Ø18.263 +0.002/0,Ø18.263,+0.002,0,stacked_normal,False,False,3.33
281,syn_000281.png,images/syn_000281.png,5.04 0/-0.005,5.04,0,-0.005,stacked_normal,False,False,-0.57
282,syn_000282.png,images/syn_000282.png,Ø3.032 0/-0.005,Ø3.032,0,-0.005,stacked_normal,False,False,0.4
283,syn_000283.png,images/syn_000283.png,12.160 REF,12.160 REF,,,simple_boxed_ref,False,False,-0.53
284,syn_000284.png,images/syn_000284.png,"12°12'10""","12°12'10""",,,angle_dms_full,False,False,45.77
285,syn_000285.png,images/syn_000285.png,8.308 0/-0.002,8.308,0,-0.002,stacked_normal,False,False,0.28
286,syn_000286.png,images/syn_000286.png,Ø10.50 -0.005/-0.007,Ø10.50,-0.005,-0.007,stacked_fraction,True,False,-0.07
287,syn_000287.png,images/syn_000287.png,50.00 0/-0.002,50.00,0,-0.002,stacked_normal,False,False,-0.74
288,syn_000288.png,images/syn_000288.png,"12°19'39""","12°19'39""",,,angle_dms_full,False,False,46.01
289,syn_000289.png,images/syn_000289.png,"60° 40' 10""","60° 40' 10""",,,angle_dms_full,False,False,-31.25
290,syn_000290.png,images/syn_000290.png,R16.674 0/-0.002,R16.674,0,-0.002,stacked_normal,False,False,0.53
291,syn_000291.png,images/syn_000291.png,0.941 +0.02/0,0.941,+0.02,0,stacked_normal,False,False,-0.67
292,syn_000292.png,images/syn_000292.png,35.726 +0.015/0,35.726,+0.015,0,stacked_normal,False,False,-0.22
293,syn_000293.png,images/syn_000293.png,"75° 30' 38""","75° 30' 38""",,,angle_dms_full,False,False,0.66
294,syn_000294.png,images/syn_000294.png,Ø15.80±0.002,Ø15.80,+0.002,-0.002,symmetric_tight,False,False,-0.24
295,syn_000295.png,images/syn_000295.png,"5° 14' 20""","5° 14' 20""",,,angle_dms_full,False,False,0.08
296,syn_000296.png,images/syn_000296.png,57.63 +0.05/0,57.63,+0.05,0,stacked_normal,False,False,-3.15
297,syn_000297.png,images/syn_000297.png,50.00 +0.01/0,50.00,+0.01,0,stacked_normal,False,False,-1.26
298,syn_000298.png,images/syn_000298.png,1.047°,1.047°,,,angle_decimal_deg,False,False,-30.04
299,syn_000299.png,images/syn_000299.png,R12.50 0/-0.02,R12.50,0,-0.02,stacked_normal,False,False,0.71
300,syn_000300.png,images/syn_000300.png,24.5,24.5,,,simple_nominal_plain,False,False,-0.32
301,syn_000301.png,images/syn_000301.png,"0°46'8""","0°46'8""",,,angle_dms_full,False,False,0.04
302,syn_000302.png,images/syn_000302.png,0.0024 0/-0.01,0.0024,0,-0.01,stacked_fraction,True,False,0.36
303,syn_000303.png,images/syn_000303.png,16 +0.05/-0.002,16,+0.05,-0.002,stacked_fraction,True,False,-2.92
304,syn_000304.png,images/syn_000304.png,73.65 0/-0.03,73.65,0,-0.03,stacked_fraction,True,False,0.71
305,syn_000305.png,images/syn_000305.png,15°±5',15°,+5',-5',angle_dms_tol,False,False,-15.83
306,syn_000306.png,images/syn_000306.png,R4.04 +0.02/-0.02,R4.04,+0.02,-0.02,stacked_fraction,True,False,0.61
307,syn_000307.png,images/syn_000307.png,Ø12.150 +0.003/0,Ø12.150,+0.003,0,stacked_fraction,True,False,-0.6
308,syn_000308.png,images/syn_000308.png,0.523°,0.523°,,,angle_decimal_deg,False,False,44.19
309,syn_000309.png,images/syn_000309.png,11.89 +0.02/-0.02,11.89,+0.02,-0.02,stacked_normal,False,False,0.35
310,syn_000310.png,images/syn_000310.png,0.941 0/-0.03,0.941,0,-0.03,stacked_normal,False,False,0.34
311,syn_000311.png,images/syn_000311.png,0.268 +0.005/-0.002,0.268,+0.005,-0.002,stacked_fraction,True,False,-0.42
312,syn_000312.png,images/syn_000312.png,9.862 +0.05/0,9.862,+0.05,0,stacked_fraction,True,False,-0.92
313,syn_000313.png,images/syn_000313.png,51.325±0.002,51.325,+0.002,-0.002,symmetric_tight,False,False,0.06
314,syn_000314.png,images/syn_000314.png,"25° 13' 43""","25° 13' 43""",,,angle_dms_full,False,False,0.79
315,syn_000315.png,images/syn_000315.png,R15.80 +0.015/-0.002,R15.80,+0.015,-0.002,stacked_normal,False,False,-0.7
316,syn_000316.png,images/syn_000316.png,27.964 +0.004/+0.001,27.964,+0.004,+0.001,stacked_normal,False,False,-0.48
317,syn_000317.png,images/syn_000317.png,25.4,25.4,,,simple_nominal_plain,False,False,-0.58
318,syn_000318.png,images/syn_000318.png,60°±15',60°,+15',-15',angle_dms_tol,False,False,-28.79
319,syn_000319.png,images/syn_000319.png,15°±30',15°,+30',-30',angle_dms_tol,False,False,-60.84
320,syn_000320.png,images/syn_000320.png,12°42',12°42',,,angle_dms_min,False,False,0.42
321,syn_000321.png,images/syn_000321.png,R2.160 +0.012/+0.01,R2.160,+0.012,+0.01,stacked_fraction,True,False,0.56
322,syn_000322.png,images/syn_000322.png,Ø10,Ø10,,,simple_diameter,False,False,0.29
323,syn_000323.png,images/syn_000323.png,50 TYP,50 TYP,,,simple_boxed_ref,False,False,0.44
324,syn_000324.png,images/syn_000324.png,56.003±0.015,56.003,+0.015,-0.015,symmetric_tight,False,False,-3.5
325,syn_000325.png,images/syn_000325.png,30°39',30°39',,,angle_dms_min,False,False,30.4
326,syn_000326.png,images/syn_000326.png,0.1873 -0.01/-0.015,0.1873,-0.01,-0.015,stacked_normal,False,False,0.78
327,syn_000327.png,images/syn_000327.png,12.50 +0.01/-0.02,12.50,+0.01,-0.02,stacked_fraction,True,False,0.36
328,syn_000328.png,images/syn_000328.png,0.941 +0.005/-0.005,0.941,+0.005,-0.005,stacked_fraction,True,False,-4.45
329,syn_000329.png,images/syn_000329.png,(0.25),(0.25),,,simple_boxed_ref,False,False,-0.59
330,syn_000330.png,images/syn_000330.png,2.160 +0.01/-0.03,2.160,+0.01,-0.03,stacked_normal,False,False,0.63
331,syn_000331.png,images/syn_000331.png,92.984,92.984,,,simple_nominal_plain,False,False,-0.62
332,syn_000332.png,images/syn_000332.png,30° 27',30° 27',,,angle_dms_min,False,False,14.24
333,syn_000333.png,images/syn_000333.png,73.65 +0.002/0,73.65,+0.002,0,stacked_fraction,True,False,4.98
334,syn_000334.png,images/syn_000334.png,Ø14.941 +0.005/0,Ø14.941,+0.005,0,stacked_fraction,True,False,0.45
335,syn_000335.png,images/syn_000335.png,57.63 0/-0.003,57.63,0,-0.003,stacked_normal,False,False,-0.34
336,syn_000336.png,images/syn_000336.png,0.2733±0.05,0.2733,+0.05,-0.05,symmetric_tight,False,False,0.57
337,syn_000337.png,images/syn_000337.png,0.262°,0.262°,,,angle_decimal_deg,False,False,-0.26
338,syn_000338.png,images/syn_000338.png,C0.1549 +0.05/-0.005,C0.1549,+0.05,-0.005,stacked_fraction,True,False,0.39
339,syn_000339.png,images/syn_000339.png,M12.150 +0.004/+0.001,M12.150,+0.004,+0.001,stacked_fraction,True,False,-0.51
340,syn_000340.png,images/syn_000340.png,Ø6,Ø6,,,simple_diameter,False,False,-0.35
341,syn_000341.png,images/syn_000341.png,Ø12.689 0/-0.005,Ø12.689,0,-0.005,stacked_normal,False,False,0.57
342,syn_000342.png,images/syn_000342.png,12.50 +0.03/0,12.50,+0.03,0,stacked_normal,False,False,-3.68
343,syn_000343.png,images/syn_000343.png,C73.65 +0.01/+0.005,C73.65,+0.01,+0.005,stacked_normal,False,False,0.53
344,syn_000344.png,images/syn_000344.png,Ø11.89 +0.005/-0.002,Ø11.89,+0.005,-0.002,stacked_fraction,True,False,0.33
345,syn_000345.png,images/syn_000345.png,40 0/-0.003,40,0,-0.003,stacked_fraction,True,False,0.02
346,syn_000346.png,images/syn_000346.png,Ø5±0.025,Ø5,+0.025,-0.025,symmetric_tight,False,False,-0.03
347,syn_000347.png,images/syn_000347.png,50.00±0.002,50.00,+0.002,-0.002,symmetric_tight,False,False,0.03
348,syn_000348.png,images/syn_000348.png,8.063 +0.007/+0.002,8.063,+0.007,+0.002,stacked_normal,False,False,0.69
349,syn_000349.png,images/syn_000349.png,47.855 +0.005/-0.005,47.855,+0.005,-0.005,stacked_fraction,True,False,0.61
350,syn_000350.png,images/syn_000350.png,24.50±0.025,24.50,+0.025,-0.025,symmetric_tight,False,False,-0.53
351,syn_000351.png,images/syn_000351.png,C0.5,C0.5,,,simple_chamfer,False,False,-0.58
352,syn_000352.png,images/syn_000352.png,33.613 +0.015/-0.03,33.613,+0.015,-0.03,stacked_normal,False,False,0.78
353,syn_000353.png,images/syn_000353.png,C46.633 +0.02/-0.02,C46.633,+0.02,-0.02,stacked_fraction,True,False,-0.29
354,syn_000354.png,images/syn_000354.png,R3 MAX,R3 MAX,,,simple_radius_corner,False,False,-0.06
355,syn_000355.png,images/syn_000355.png,15°22',15°22',,,angle_dms_min,False,False,0.77
356,syn_000356.png,images/syn_000356.png,Ø68.124 0/-0.005,Ø68.124,0,-0.005,stacked_fraction,True,False,-0.62
357,syn_000357.png,images/syn_000357.png,28°13',28°13',,,angle_dms_min,False,False,0.67
358,syn_000358.png,images/syn_000358.png,Ø12.393±0.1,Ø12.393,+0.1,-0.1,symmetric_tight,False,False,0.52
359,syn_000359.png,images/syn_000359.png,12.5°,12.5°,,,angle_decimal_deg,False,False,29.01
360,syn_000360.png,images/syn_000360.png,48.528,48.528,,,simple_nominal_plain,False,False,0.47
361,syn_000361.png,images/syn_000361.png,7.525 -0.01/-0.015,7.525,-0.01,-0.015,stacked_fraction,True,False,0.34
362,syn_000362.png,images/syn_000362.png,5.04 0/-0.008,5.04,0,-0.008,stacked_fraction,True,False,-0.75
363,syn_000363.png,images/syn_000363.png,"75°4'54""","75°4'54""",,,angle_dms_full,False,False,45.21
364,syn_000364.png,images/syn_000364.png,C1.5,C1.5,,,simple_chamfer,False,False,-58.62
365,syn_000365.png,images/syn_000365.png,Ø35.726 -0.005/-0.008,Ø35.726,-0.005,-0.008,stacked_normal,False,False,0.52
366,syn_000366.png,images/syn_000366.png,Ø66.424 +0.01/-0.01,Ø66.424,+0.01,-0.01,stacked_fraction,True,False,-0.35
367,syn_000367.png,images/syn_000367.png,R5 MIN,R5 MIN,,,simple_radius_corner,False,False,-0.31
368,syn_000368.png,images/syn_000368.png,1.998 0/-0.03,1.998,0,-0.03,stacked_normal,False,False,-0.56
369,syn_000369.png,images/syn_000369.png,28°44',28°44',,,angle_dms_min,False,False,-0.16
370,syn_000370.png,images/syn_000370.png,(0.25),(0.25),,,simple_boxed_ref,False,False,-0.72
371,syn_000371.png,images/syn_000371.png,56.003±0.05,56.003,+0.05,-0.05,symmetric_tight,False,False,-0.66
372,syn_000372.png,images/syn_000372.png,0°3',0°3',,,angle_dms_min,False,False,-59.84
373,syn_000373.png,images/syn_000373.png,12.50 0/-0.003,12.50,0,-0.003,stacked_fraction,True,False,-0.58
374,syn_000374.png,images/syn_000374.png,40 +0.007/+0.005,40,+0.007,+0.005,stacked_fraction,True,False,-0.72
375,syn_000375.png,images/syn_000375.png,C0.3,C0.3,,,simple_chamfer,False,False,0.72
376,syn_000376.png,images/syn_000376.png,R50.00 -0.003/-0.005,R50.00,-0.003,-0.005,stacked_fraction,True,False,-0.09
377,syn_000377.png,images/syn_000377.png,Ø8 -0.003/-0.005,Ø8,-0.003,-0.005,stacked_normal,False,False,-4.32
378,syn_000378.png,images/syn_000378.png,R5MAX,R5MAX,,,simple_radius_corner,False,False,-43.85
379,syn_000379.png,images/syn_000379.png,C17.997 +0.01/-0.03,C17.997,+0.01,-0.03,stacked_fraction,True,False,5.13
380,syn_000380.png,images/syn_000380.png,R0.25±0.1,R0.25,+0.1,-0.1,symmetric_tight,False,False,-0.24
381,syn_000381.png,images/syn_000381.png,12.150 +0.005/0,12.150,+0.005,0,stacked_normal,False,False,1.59
382,syn_000382.png,images/syn_000382.png,32.057 +0.01/+0.005,32.057,+0.01,+0.005,stacked_fraction,True,False,-0.26
383,syn_000383.png,images/syn_000383.png,C0.3313 +0.01/0,C0.3313,+0.01,0,stacked_normal,False,False,0.67
384,syn_000384.png,images/syn_000384.png,0.941 0/-0.05,0.941,0,-0.05,stacked_fraction,True,False,0.78
385,syn_000385.png,images/syn_000385.png,7.525±0.015,7.525,+0.015,-0.015,symmetric_tight,False,False,-0.75
386,syn_000386.png,images/syn_000386.png,R0.25 +0.01/0,R0.25,+0.01,0,stacked_normal,False,False,-0.41
387,syn_000387.png,images/syn_000387.png,Ø0.652 +0.012/+0.01,Ø0.652,+0.012,+0.01,stacked_fraction,True,False,-0.48
388,syn_000388.png,images/syn_000388.png,(25.4),(25.4),,,simple_boxed_ref,False,False,0.23
389,syn_000389.png,images/syn_000389.png,Ø12.155 +0.003/+0.001,Ø12.155,+0.003,+0.001,stacked_fraction,True,False,0.42
390,syn_000390.png,images/syn_000390.png,10.50±0.05,10.50,+0.05,-0.05,symmetric_tight,False,False,-0.04
391,syn_000391.png,images/syn_000391.png,Ø4.04 +0.05/0,Ø4.04,+0.05,0,stacked_fraction,True,False,-0.58
392,syn_000392.png,images/syn_000392.png,11.89 0/-0.03,11.89,0,-0.03,stacked_normal,False,False,0.43
393,syn_000393.png,images/syn_000393.png,C0.2,C0.2,,,simple_chamfer,False,False,-0.32
394,syn_000394.png,images/syn_000394.png,Ø20 0/-0.005,Ø20,0,-0.005,stacked_fraction,True,False,-0.14
395,syn_000395.png,images/syn_000395.png,C0.652 -0.001/-0.004,C0.652,-0.001,-0.004,stacked_fraction,True,False,-0.72
396,syn_000396.png,images/syn_000396.png,50.00 +0.01/+0.005,50.00,+0.01,+0.005,stacked_normal,False,False,-0.34
397,syn_000397.png,images/syn_000397.png,4.04±0.025,4.04,+0.025,-0.025,symmetric_tight,False,False,0.65
398,syn_000398.png,images/syn_000398.png,87.281 +0.005/-0.005,87.281,+0.005,-0.005,stacked_normal,False,False,-0.5
399,syn_000399.png,images/syn_000399.png,Ø12.160 0/-0.03,Ø12.160,0,-0.03,stacked_normal,False,False,-0.51
400,syn_000400.png,images/syn_000400.png,4.401 0/-0.005,4.401,0,-0.005,stacked_fraction,True,False,0.06
401,syn_000401.png,images/syn_000401.png,Ø4.04 0/-0.005,Ø4.04,0,-0.005,stacked_fraction,True,False,-0.47
402,syn_000402.png,images/syn_000402.png,Ø0.290 -0.005/-0.01,Ø0.290,-0.005,-0.01,stacked_normal,False,False,4.62
403,syn_000403.png,images/syn_000403.png,0.2672 0/-0.002,0.2672,0,-0.002,stacked_fraction,True,False,0.67
404,syn_000404.png,images/syn_000404.png,19.790 -0.01/-0.012,19.790,-0.01,-0.012,stacked_normal,False,False,-0.76
405,syn_000405.png,images/syn_000405.png,"2°13'17""","2°13'17""",,,angle_dms_full,False,False,44.33
406,syn_000406.png,images/syn_000406.png,14.941±0.002,14.941,+0.002,-0.002,symmetric_tight,False,False,0.39
407,syn_000407.png,images/syn_000407.png,"0°5'59""","0°5'59""",,,angle_dms_full,False,False,0.49
408,syn_000408.png,images/syn_000408.png,Ø5.04±0.005,Ø5.04,+0.005,-0.005,symmetric_tight,False,False,0.66
409,syn_000409.png,images/syn_000409.png,30°±15',30°,+15',-15',angle_dms_tol,False,False,-15.88
410,syn_000410.png,images/syn_000410.png,73.65 0/-0.015,73.65,0,-0.015,stacked_normal,False,False,-0.73
411,syn_000411.png,images/syn_000411.png,C0.05,C0.05,,,simple_chamfer,False,False,0.3
412,syn_000412.png,images/syn_000412.png,Ø78.551±0.025,Ø78.551,+0.025,-0.025,symmetric_tight,False,False,0.73
413,syn_000413.png,images/syn_000413.png,53.551 -0.005/-0.008,53.551,-0.005,-0.008,stacked_fraction,True,False,-0.76
414,syn_000414.png,images/syn_000414.png,0.25,0.25,,,simple_nominal_plain,False,False,-0.51
415,syn_000415.png,images/syn_000415.png,12.411 +0.003/+0.001,12.411,+0.003,+0.001,stacked_normal,False,False,-0.51
416,syn_000416.png,images/syn_000416.png,M8,M8,,,simple_thread_qty,False,False,0.35
417,syn_000417.png,images/syn_000417.png,0.652±0.01,0.652,+0.01,-0.01,symmetric_tight,False,False,0.47
418,syn_000418.png,images/syn_000418.png,Ø16.350±0.01,Ø16.350,+0.01,-0.01,symmetric_tight,False,False,0.56
419,syn_000419.png,images/syn_000419.png,0.25 -0.002/-0.004,0.25,-0.002,-0.004,stacked_fraction,True,False,0.56
420,syn_000420.png,images/syn_000420.png,R0.25 MIN,R0.25 MIN,,,simple_radius_corner,False,False,-0.32
421,syn_000421.png,images/syn_000421.png,"89°18'50""","89°18'50""",,,angle_dms_full,False,False,44.13
422,syn_000422.png,images/syn_000422.png,0.785°,0.785°,,,angle_decimal_deg,False,False,0.11
423,syn_000423.png,images/syn_000423.png,R12.160 0/-0.015,R12.160,0,-0.015,stacked_normal,False,False,-0.5
424,syn_000424.png,images/syn_000424.png,Ø4.649 +0.02/-0.02,Ø4.649,+0.02,-0.02,stacked_normal,False,False,0.34
425,syn_000425.png,images/syn_000425.png,0.0222±0.002,0.0222,+0.002,-0.002,symmetric_tight,False,False,0.01
426,syn_000426.png,images/syn_000426.png,Ø90.431 -0.002/-0.005,Ø90.431,-0.002,-0.005,stacked_fraction,True,False,0.55
427,syn_000427.png,images/syn_000427.png,4X Ø6.5,4X Ø6.5,,,simple_thread_qty,False,False,0.7
428,syn_000428.png,images/syn_000428.png,Ø10.50 +0.05/-0.005,Ø10.50,+0.05,-0.005,stacked_normal,False,False,-0.43
429,syn_000429.png,images/syn_000429.png,77.809 -0.002/-0.004,77.809,-0.002,-0.004,stacked_fraction,True,False,0.65
430,syn_000430.png,images/syn_000430.png,Ø75.447 +0.03/0,Ø75.447,+0.03,0,stacked_fraction,True,False,0.46
431,syn_000431.png,images/syn_000431.png,C0.1208 -0.003/-0.008,C0.1208,-0.003,-0.008,stacked_normal,False,False,0.79
432,syn_000432.png,images/syn_000432.png,R24.50±0.005,R24.50,+0.005,-0.005,symmetric_tight,False,False,0.6
433,syn_000433.png,images/syn_000433.png,3.032 +0.013/+0.01,3.032,+0.013,+0.01,stacked_fraction,True,False,-0.74
434,syn_000434.png,images/syn_000434.png,R0.05 MAX,R0.05 MAX,,,simple_radius_corner,False,False,-0.47
435,syn_000435.png,images/syn_000435.png,25.071 0/-0.002,25.071,0,-0.002,stacked_normal,False,False,0.28
436,syn_000436.png,images/syn_000436.png,2.657,2.657,,,simple_nominal_plain,False,False,-0.0
437,syn_000437.png,images/syn_000437.png,R0.25MIN,R0.25MIN,,,simple_radius_corner,False,False,-0.27
438,syn_000438.png,images/syn_000438.png,R0.03MAX,R0.03MAX,,,simple_radius_corner,False,False,45.84
439,syn_000439.png,images/syn_000439.png,45.665 +0.02/0,45.665,+0.02,0,stacked_fraction,True,False,0.21
440,syn_000440.png,images/syn_000440.png,5.04 0/-0.003,5.04,0,-0.003,stacked_fraction,True,False,-1.87
441,syn_000441.png,images/syn_000441.png,Ø25 +0.01/0,Ø25,+0.01,0,stacked_normal,False,False,3.05
442,syn_000442.png,images/syn_000442.png,"15°27'19""","15°27'19""",,,angle_dms_full,False,False,-43.82
443,syn_000443.png,images/syn_000443.png,87.902±0.005,87.902,+0.005,-0.005,symmetric_tight,False,False,0.45
444,syn_000444.png,images/syn_000444.png,"75°51'33""","75°51'33""",,,angle_dms_full,False,False,-0.53
445,syn_000445.png,images/syn_000445.png,44.708±0.1,44.708,+0.1,-0.1,symmetric_tight,False,False,-0.6
446,syn_000446.png,images/syn_000446.png,56.003 0/-0.002,56.003,0,-0.002,stacked_fraction,True,False,1.14
447,syn_000447.png,images/syn_000447.png,60°±15',60°,+15',-15',angle_dms_tol,False,False,45.82
448,syn_000448.png,images/syn_000448.png,0.523°,0.523°,,,angle_decimal_deg,False,False,58.84
449,syn_000449.png,images/syn_000449.png,24.50 +0.03/0,24.50,+0.03,0,stacked_normal,False,False,-0.27
450,syn_000450.png,images/syn_000450.png,24.50 -0.005/-0.01,24.50,-0.005,-0.01,stacked_normal,False,False,0.31
451,syn_000451.png,images/syn_000451.png,44.451 0/-0.02,44.451,0,-0.02,stacked_normal,False,False,-0.26
452,syn_000452.png,images/syn_000452.png,R4.04 -0.01/-0.012,R4.04,-0.01,-0.012,stacked_normal,False,False,-5.48
453,syn_000453.png,images/syn_000453.png,0.1037 0/-0.002,0.1037,0,-0.002,stacked_normal,False,False,0.65
454,syn_000454.png,images/syn_000454.png,32±0.1,32,+0.1,-0.1,symmetric_tight,False,False,5.39
455,syn_000455.png,images/syn_000455.png,0.3376 0/-0.015,0.3376,0,-0.015,stacked_fraction,True,False,0.58
456,syn_000456.png,images/syn_000456.png,45°26',45°26',,,angle_dms_min,False,False,-61.34
457,syn_000457.png,images/syn_000457.png,3.142°,3.142°,,,angle_decimal_deg,False,False,-0.0
458,syn_000458.png,images/syn_000458.png,R1.998±0.025,R1.998,+0.025,-0.025,symmetric_tight,False,False,0.36
459,syn_000459.png,images/syn_000459.png,50,50,,,simple_nominal_plain,False,False,0.13
460,syn_000460.png,images/syn_000460.png,Ø0.2569 -0.003/-0.008,Ø0.2569,-0.003,-0.008,stacked_normal,False,False,-0.63
461,syn_000461.png,images/syn_000461.png,Ø8.308 +0.02/0,Ø8.308,+0.02,0,stacked_fraction,True,False,0.31
462,syn_000462.png,images/syn_000462.png,51.119 -0.002/-0.004,51.119,-0.002,-0.004,stacked_fraction,True,False,-0.67
463,syn_000463.png,images/syn_000463.png,0.1689 -0.005/-0.01,0.1689,-0.005,-0.01,stacked_fraction,True,False,0.47
464,syn_000464.png,images/syn_000464.png,Ø0.3277 +0.05/-0.03,Ø0.3277,+0.05,-0.03,stacked_fraction,True,False,0.31
465,syn_000465.png,images/syn_000465.png,24.50 +0.007/+0.005,24.50,+0.007,+0.005,stacked_normal,False,False,-0.56
466,syn_000466.png,images/syn_000466.png,73.65 +0.002/0,73.65,+0.002,0,stacked_fraction,True,False,-0.08
467,syn_000467.png,images/syn_000467.png,Ø73.65±0.01,Ø73.65,+0.01,-0.01,symmetric_tight,False,False,-0.27
468,syn_000468.png,images/syn_000468.png,R0.4839±0.05,R0.4839,+0.05,-0.05,symmetric_tight,False,False,-0.71
469,syn_000469.png,images/syn_000469.png,0.290 0/-0.05,0.290,0,-0.05,stacked_normal,False,False,-0.07
470,syn_000470.png,images/syn_000470.png,"25°16'45""","25°16'45""",,,angle_dms_full,False,False,0.08
471,syn_000471.png,images/syn_000471.png,Ø15.80±0.02,Ø15.80,+0.02,-0.02,symmetric_tight,False,False,-0.02
472,syn_000472.png,images/syn_000472.png,R20.766 0/-0.01,R20.766,0,-0.01,stacked_normal,False,False,0.71
473,syn_000473.png,images/syn_000473.png,1.25°,1.25°,,,angle_decimal_deg,False,False,-31.0
474,syn_000474.png,images/syn_000474.png,M26.197 -0.005/-0.007,M26.197,-0.005,-0.007,stacked_fraction,True,False,0.27
475,syn_000475.png,images/syn_000475.png,R56.306 0/-0.03,R56.306,0,-0.03,stacked_fraction,True,False,0.54
476,syn_000476.png,images/syn_000476.png,18.699 0/-0.02,18.699,0,-0.02,stacked_normal,False,False,0.18
477,syn_000477.png,images/syn_000477.png,50.324 0/-0.003,50.324,0,-0.003,stacked_normal,False,False,-0.04
478,syn_000478.png,images/syn_000478.png,0.941 0/-0.005,0.941,0,-0.005,stacked_normal,False,False,0.01
479,syn_000479.png,images/syn_000479.png,Ø30 -0.005/-0.008,Ø30,-0.005,-0.008,stacked_fraction,True,False,-0.76
480,syn_000480.png,images/syn_000480.png,100 +0.015/-0.005,100,+0.015,-0.005,stacked_fraction,True,False,-0.8
481,syn_000481.png,images/syn_000481.png,Ø24.596 0/-0.005,Ø24.596,0,-0.005,stacked_fraction,True,False,0.4
482,syn_000482.png,images/syn_000482.png,Ø26.197 +0.003/0,Ø26.197,+0.003,0,stacked_fraction,True,False,0.67
483,syn_000483.png,images/syn_000483.png,C0.15,C0.15,,,simple_chamfer,False,False,60.34
484,syn_000484.png,images/syn_000484.png,67.957±0.005,67.957,+0.005,-0.005,symmetric_tight,False,False,0.12
485,syn_000485.png,images/syn_000485.png,R12±0.002,R12,+0.002,-0.002,symmetric_tight,False,False,0.76
486,syn_000486.png,images/syn_000486.png,Ø67.214 +0.002/0,Ø67.214,+0.002,0,stacked_normal,False,False,0.13
487,syn_000487.png,images/syn_000487.png,10.50±0.002,10.50,+0.002,-0.002,symmetric_tight,False,False,-0.29
488,syn_000488.png,images/syn_000488.png,28°27',28°27',,,angle_dms_min,False,False,-45.1
489,syn_000489.png,images/syn_000489.png,0.4108 -0.005/-0.007,0.4108,-0.005,-0.007,stacked_fraction,True,False,0.13
490,syn_000490.png,images/syn_000490.png,90°,90°,,,simple_angle_simple,False,False,0.32
491,syn_000491.png,images/syn_000491.png,Ø11.89 0/-0.005,Ø11.89,0,-0.005,stacked_normal,False,False,-0.26
492,syn_000492.png,images/syn_000492.png,12.50±0.01,12.50,+0.01,-0.01,symmetric_tight,False,False,-0.14
493,syn_000493.png,images/syn_000493.png,11.89 0/-0.01,11.89,0,-0.01,stacked_fraction,True,False,0.04
494,syn_000494.png,images/syn_000494.png,26.197 +0.003/0,26.197,+0.003,0,stacked_normal,False,False,0.74
495,syn_000495.png,images/syn_000495.png,15.8,15.8,,,simple_nominal_plain,False,False,-0.72
496,syn_000496.png,images/syn_000496.png,24.50 +0.05/-0.01,24.50,+0.05,-0.01,stacked_normal,False,False,-0.38
497,syn_000497.png,images/syn_000497.png,16 +0.01/0,16,+0.01,0,stacked_fraction,True,False,-0.31
498,syn_000498.png,images/syn_000498.png,"89° 17' 29""","89° 17' 29""",,,angle_dms_full,False,False,-0.5
499,syn_000499.png,images/syn_000499.png,12.50 +0.015/-0.03,12.50,+0.015,-0.03,stacked_fraction,True,False,-0.62
500,syn_000500.png,images/syn_000500.png,12°54',12°54',,,angle_dms_min,False,False,-30.81
501,syn_000501.png,images/syn_000501.png,2.094°,2.094°,,,angle_decimal_deg,False,False,-31.22
502,syn_000502.png,images/syn_000502.png,53.623 +0.005/+0.002,53.623,+0.005,+0.002,stacked_normal,False,False,-0.32
503,syn_000503.png,images/syn_000503.png,12.160 0/-0.03,12.160,0,-0.03,stacked_normal,False,False,0.61
504,syn_000504.png,images/syn_000504.png,C0.5,C0.5,,,simple_chamfer,False,False,-0.45
505,syn_000505.png,images/syn_000505.png,54.908,54.908,,,simple_nominal_plain,False,False,0.63
506,syn_000506.png,images/syn_000506.png,Ø80.356 +0.02/0,Ø80.356,+0.02,0,stacked_normal,False,False,0.19
507,syn_000507.png,images/syn_000507.png,M6,M6,,,simple_thread_qty,False,False,-0.41
508,syn_000508.png,images/syn_000508.png,4.574 +0.005/-0.02,4.574,+0.005,-0.02,stacked_normal,False,False,0.2
509,syn_000509.png,images/syn_000509.png,0.4915 -0.001/-0.004,0.4915,-0.001,-0.004,stacked_fraction,True,False,0.28
510,syn_000510.png,images/syn_000510.png,4.04 0/-0.03,4.04,0,-0.03,stacked_fraction,True,False,0.57
511,syn_000511.png,images/syn_000511.png,M8,M8,,,simple_thread_qty,False,False,0.24
512,syn_000512.png,images/syn_000512.png,M2.160 -0.005/-0.008,M2.160,-0.005,-0.008,stacked_normal,False,False,0.07
513,syn_000513.png,images/syn_000513.png,93.076 +0.02/0,93.076,+0.02,0,stacked_normal,False,False,-0.61
514,syn_000514.png,images/syn_000514.png,27.397±0.02,27.397,+0.02,-0.02,symmetric_tight,False,False,-0.68
515,syn_000515.png,images/syn_000515.png,"30°11'47""","30°11'47""",,,angle_dms_full,False,False,43.66
516,syn_000516.png,images/syn_000516.png,0.3837 -0.005/-0.007,0.3837,-0.005,-0.007,stacked_normal,False,False,0.03
517,syn_000517.png,images/syn_000517.png,R0.008 -0.005/-0.007,R0.008,-0.005,-0.007,stacked_fraction,True,False,-2.63
518,syn_000518.png,images/syn_000518.png,32 +0.05/0,32,+0.05,0,stacked_fraction,True,False,-0.37
519,syn_000519.png,images/syn_000519.png,32.432 +0.005/0,32.432,+0.005,0,stacked_fraction,True,False,-0.6
520,syn_000520.png,images/syn_000520.png,Ø60±0.01,Ø60,+0.01,-0.01,symmetric_tight,False,False,0.76
521,syn_000521.png,images/syn_000521.png,Ø0.0597 0/-0.002,Ø0.0597,0,-0.002,stacked_normal,False,False,-0.64
522,syn_000522.png,images/syn_000522.png,Ø12.160 -0.001/-0.004,Ø12.160,-0.001,-0.004,stacked_normal,False,False,0.38
523,syn_000523.png,images/syn_000523.png,C2.0,C2.0,,,simple_chamfer,False,False,30.7
524,syn_000524.png,images/syn_000524.png,Ø2.75 0/-0.05,Ø2.75,0,-0.05,stacked_normal,False,False,0.44
525,syn_000525.png,images/syn_000525.png,C0.25,C0.25,,,simple_chamfer,False,False,-45.78
526,syn_000526.png,images/syn_000526.png,40.382 -0.001/-0.003,40.382,-0.001,-0.003,stacked_normal,False,False,0.37
527,syn_000527.png,images/syn_000527.png,0.25 +0.015/0,0.25,+0.015,0,stacked_fraction,True,False,-0.73
528,syn_000528.png,images/syn_000528.png,60°±0.5°,60°,+0.5°,-0.5°,angle_dms_tol,False,False,0.7
529,syn_000529.png,images/syn_000529.png,25.346 0/-0.002,25.346,0,-0.002,stacked_normal,False,False,-1.55
530,syn_000530.png,images/syn_000530.png,C0.0167 +0.008/+0.005,C0.0167,+0.008,+0.005,stacked_normal,False,False,-0.25
531,syn_000531.png,images/syn_000531.png,1.25°,1.25°,,,angle_decimal_deg,False,False,0.3
532,syn_000532.png,images/syn_000532.png,Ø57.63 +0.01/0,Ø57.63,+0.01,0,stacked_normal,False,False,0.7
533,syn_000533.png,images/syn_000533.png,C2.0,C2.0,,,simple_chamfer,False,False,45.38
534,syn_000534.png,images/syn_000534.png,20±0.05,20,+0.05,-0.05,symmetric_tight,False,False,-0.63
535,syn_000535.png,images/syn_000535.png,24.50 +0.02/0,24.50,+0.02,0,stacked_fraction,True,False,-0.77
536,syn_000536.png,images/syn_000536.png,12.160,12.160,,,simple_nominal_plain,False,False,0.39
537,syn_000537.png,images/syn_000537.png,Ø92.523 +0.006/+0.001,Ø92.523,+0.006,+0.001,stacked_normal,False,False,0.26
538,syn_000538.png,images/syn_000538.png,20,20,,,simple_nominal_plain,False,False,-0.42
539,syn_000539.png,images/syn_000539.png,11.89 +0.005/-0.02,11.89,+0.005,-0.02,stacked_normal,False,False,0.46
540,syn_000540.png,images/syn_000540.png,1.25°,1.25°,,,angle_decimal_deg,False,False,-15.88
541,syn_000541.png,images/syn_000541.png,C2.0,C2.0,,,simple_chamfer,False,False,-0.02
542,syn_000542.png,images/syn_000542.png,Ø90.129 +0.02/-0.03,Ø90.129,+0.02,-0.03,stacked_fraction,True,False,0.13
543,syn_000543.png,images/syn_000543.png,16.350 0/-0.015,16.350,0,-0.015,stacked_normal,False,False,-0.78
544,syn_000544.png,images/syn_000544.png,"30° 28' 12""","30° 28' 12""",,,angle_dms_full,False,False,-29.64
545,syn_000545.png,images/syn_000545.png,C2.0,C2.0,,,simple_chamfer,False,False,-59.64
546,syn_000546.png,images/syn_000546.png,11.89±0.05,11.89,+0.05,-0.05,symmetric_tight,False,False,-0.48
547,syn_000547.png,images/syn_000547.png,45.055 0/-0.003,45.055,0,-0.003,stacked_normal,False,False,0.75
548,syn_000548.png,images/syn_000548.png,M5.04±0.01,M5.04,+0.01,-0.01,symmetric_tight,False,False,-0.79
549,syn_000549.png,images/syn_000549.png,2.160 +0.015/-0.01,2.160,+0.015,-0.01,stacked_fraction,True,False,0.36
550,syn_000550.png,images/syn_000550.png,75.480 +0.002/0,75.480,+0.002,0,stacked_fraction,True,False,-0.17
551,syn_000551.png,images/syn_000551.png,Ø12.150 0/-0.02,Ø12.150,0,-0.02,stacked_normal,False,False,0.34
552,syn_000552.png,images/syn_000552.png,4.04 +0.005/-0.01,4.04,+0.005,-0.01,stacked_fraction,True,False,-0.39
553,syn_000553.png,images/syn_000553.png,12.155,12.155,,,simple_boxed_ref,False,True,0.53
554,syn_000554.png,images/syn_000554.png,Ø50.00 +0.002/0,Ø50.00,+0.002,0,stacked_normal,False,False,-0.35
555,syn_000555.png,images/syn_000555.png,16.350 +0.01/-0.03,16.350,+0.01,-0.03,stacked_fraction,True,False,0.61
556,syn_000556.png,images/syn_000556.png,15°±15',15°,+15',-15',angle_dms_tol,False,False,0.22
557,syn_000557.png,images/syn_000557.png,R1.5MAX,R1.5MAX,,,simple_radius_corner,False,False,-29.61
558,syn_000558.png,images/syn_000558.png,4x M6,4x M6,,,simple_thread_qty,False,False,-0.48
559,syn_000559.png,images/syn_000559.png,35.726 -0.001/-0.003,35.726,-0.001,-0.003,stacked_normal,False,False,0.2
560,syn_000560.png,images/syn_000560.png,61.140±0.1,61.140,+0.1,-0.1,symmetric_tight,False,False,-0.54
561,syn_000561.png,images/syn_000561.png,"30°52'51""","30°52'51""",,,angle_dms_full,False,False,-0.77
562,syn_000562.png,images/syn_000562.png,Ø0.4163 -0.001/-0.006,Ø0.4163,-0.001,-0.006,stacked_fraction,True,False,0.25
563,syn_000563.png,images/syn_000563.png,Ø7.525 0/-0.03,Ø7.525,0,-0.03,stacked_normal,False,False,-0.18
564,syn_000564.png,images/syn_000564.png,4.026 -0.01/-0.015,4.026,-0.01,-0.015,stacked_fraction,True,False,-0.37
565,syn_000565.png,images/syn_000565.png,2.75 0/-0.003,2.75,0,-0.003,stacked_normal,False,False,-0.78
566,syn_000566.png,images/syn_000566.png,26.197 -0.005/-0.01,26.197,-0.005,-0.01,stacked_normal,False,False,-0.63
567,syn_000567.png,images/syn_000567.png,0.941 -0.005/-0.01,0.941,-0.005,-0.01,stacked_fraction,True,False,-0.63
568,syn_000568.png,images/syn_000568.png,120°48',120°48',,,angle_dms_min,False,False,0.44
569,syn_000569.png,images/syn_000569.png,M8,M8,,,simple_thread_qty,False,False,0.47
570,syn_000570.png,images/syn_000570.png,24.752 +0.004/+0.002,24.752,+0.004,+0.002,stacked_fraction,True,False,-0.3
571,syn_000571.png,images/syn_000571.png,R3MIN,R3MIN,,,simple_radius_corner,False,False,0.01
572,syn_000572.png,images/syn_000572.png,12.150 0/-0.03,12.150,0,-0.03,stacked_normal,False,False,0.56
573,syn_000573.png,images/syn_000573.png,24 +0.005/+0.002,24,+0.005,+0.002,stacked_fraction,True,False,0.61
574,syn_000574.png,images/syn_000574.png,Ø16.350 +0.05/-0.005,Ø16.350,+0.05,-0.005,stacked_normal,False,False,-0.25
575,syn_000575.png,images/syn_000575.png,45° 17',45° 17',,,angle_dms_min,False,False,0.3
576,syn_000576.png,images/syn_000576.png,4.04±0.02,4.04,+0.02,-0.02,symmetric_tight,False,False,-0.52
577,syn_000577.png,images/syn_000577.png,C0.5,C0.5,,,simple_chamfer,False,False,-15.91
578,syn_000578.png,images/syn_000578.png,0.3312 0/-0.002,0.3312,0,-0.002,stacked_fraction,True,False,-0.13
579,syn_000579.png,images/syn_000579.png,"15° 7' 57""","15° 7' 57""",,,angle_dms_full,False,False,-43.57
580,syn_000580.png,images/syn_000580.png,1.571°,1.571°,,,angle_decimal_deg,False,False,0.51
581,syn_000581.png,images/syn_000581.png,R0.12,R0.12,,,simple_radius_corner,False,False,-30.67
582,syn_000582.png,images/syn_000582.png,50.324 0/-0.015,50.324,0,-0.015,stacked_fraction,True,False,0.13
583,syn_000583.png,images/syn_000583.png,C0.05,C0.05,,,simple_chamfer,False,False,0.31
584,syn_000584.png,images/syn_000584.png,49.696 -0.001/-0.004,49.696,-0.001,-0.004,stacked_normal,False,False,-0.44
585,syn_000585.png,images/syn_000585.png,67.470 0/-0.005,67.470,0,-0.005,stacked_fraction,True,False,0.62
586,syn_000586.png,images/syn_000586.png,M12.155 -0.003/-0.006,M12.155,-0.003,-0.006,stacked_fraction,True,False,-5.39
587,syn_000587.png,images/syn_000587.png,2.160 0/-0.05,2.160,0,-0.05,stacked_fraction,True,False,-0.44
588,syn_000588.png,images/syn_000588.png,Ø56.003 +0.006/+0.001,Ø56.003,+0.006,+0.001,stacked_fraction,True,False,0.2
589,syn_000589.png,images/syn_000589.png,57.63±0.02,57.63,+0.02,-0.02,symmetric_tight,False,False,0.22
590,syn_000590.png,images/syn_000590.png,M35.726 +0.005/-0.01,M35.726,+0.005,-0.01,stacked_normal,False,False,0.64
591,syn_000591.png,images/syn_000591.png,0.290±0.05,0.290,+0.05,-0.05,symmetric_tight,False,False,-0.01
592,syn_000592.png,images/syn_000592.png,12.155 +0.03/0,12.155,+0.03,0,stacked_fraction,True,False,-0.8
593,syn_000593.png,images/syn_000593.png,50.00 +0.012/+0.01,50.00,+0.012,+0.01,stacked_normal,False,False,0.39
594,syn_000594.png,images/syn_000594.png,10,10,,,simple_nominal_plain,False,False,0.4
595,syn_000595.png,images/syn_000595.png,C57.63 +0.03/0,C57.63,+0.03,0,stacked_fraction,True,False,0.79
596,syn_000596.png,images/syn_000596.png,12.155,12.155,,,simple_boxed_ref,False,True,-0.34
597,syn_000597.png,images/syn_000597.png,100±0.005,100,+0.005,-0.005,symmetric_tight,False,False,0.37
598,syn_000598.png,images/syn_000598.png,Ø25.4,Ø25.4,,,simple_diameter,False,False,-0.55
599,syn_000599.png,images/syn_000599.png,R11.89 0/-0.01,R11.89,0,-0.01,stacked_fraction,True,False,0.5
600,syn_000600.png,images/syn_000600.png,50.00 0/-0.01,50.00,0,-0.01,stacked_normal,False,False,-5.93
601,syn_000601.png,images/syn_000601.png,50 TYP,50 TYP,,,simple_boxed_ref,False,False,0.13
602,syn_000602.png,images/syn_000602.png,57.63 +0.003/0,57.63,+0.003,0,stacked_fraction,True,False,0.77
603,syn_000603.png,images/syn_000603.png,15°15',15°15',,,angle_dms_min,False,False,-0.2
604,syn_000604.png,images/syn_000604.png,0.1193 0/-0.01,0.1193,0,-0.01,stacked_normal,False,False,-0.18
605,syn_000605.png,images/syn_000605.png,R5.04±0.05,R5.04,+0.05,-0.05,symmetric_tight,False,False,-0.75
606,syn_000606.png,images/syn_000606.png,Ø10.50±0.02,Ø10.50,+0.02,-0.02,symmetric_tight,False,False,-0.77
607,syn_000607.png,images/syn_000607.png,R50.00 +0.007/+0.005,R50.00,+0.007,+0.005,stacked_normal,False,False,-0.51
608,syn_000608.png,images/syn_000608.png,10.884±0.05,10.884,+0.05,-0.05,symmetric_tight,False,False,0.4
609,syn_000609.png,images/syn_000609.png,"2° 14' 51""","2° 14' 51""",,,angle_dms_full,False,False,0.64
610,syn_000610.png,images/syn_000610.png,60°30',60°30',,,angle_dms_min,False,False,0.08
611,syn_000611.png,images/syn_000611.png,24.50 0/-0.015,24.50,0,-0.015,stacked_fraction,True,False,-3.75
612,syn_000612.png,images/syn_000612.png,16 +0.015/+0.01,16,+0.015,+0.01,stacked_fraction,True,False,-0.37
613,syn_000613.png,images/syn_000613.png,Ø59.061 0/-0.005,Ø59.061,0,-0.005,stacked_normal,False,False,-0.01
614,syn_000614.png,images/syn_000614.png,Ø73.65 +0.002/0,Ø73.65,+0.002,0,stacked_normal,False,False,-0.07
615,syn_000615.png,images/syn_000615.png,0.523°,0.523°,,,angle_decimal_deg,False,False,-0.45
616,syn_000616.png,images/syn_000616.png,Ø66.991 0/-0.008,Ø66.991,0,-0.008,stacked_normal,False,False,0.1
617,syn_000617.png,images/syn_000617.png,"89°36'33""","89°36'33""",,,angle_dms_full,False,False,-44.96
618,syn_000618.png,images/syn_000618.png,4.026 +0.005/+0.002,4.026,+0.005,+0.002,stacked_fraction,True,False,0.42
619,syn_000619.png,images/syn_000619.png,0.941 +0.01/0,0.941,+0.01,0,stacked_normal,False,False,0.41
620,syn_000620.png,images/syn_000620.png,78.479,78.479,,,simple_nominal_plain,False,False,-0.41
621,syn_000621.png,images/syn_000621.png,M10.50 +0.01/0,M10.50,+0.01,0,stacked_normal,False,False,0.51
622,syn_000622.png,images/syn_000622.png,Ø19.403±0.025,Ø19.403,+0.025,-0.025,symmetric_tight,False,False,-1.15
623,syn_000623.png,images/syn_000623.png,40±0.025,40,+0.025,-0.025,symmetric_tight,False,False,-0.52
624,syn_000624.png,images/syn_000624.png,73.65 REF,73.65 REF,,,simple_boxed_ref,False,False,0.05
625,syn_000625.png,images/syn_000625.png,11.89 +0.015/-0.03,11.89,+0.015,-0.03,stacked_normal,False,False,0.19
626,syn_000626.png,images/syn_000626.png,Ø4.026 0/-0.01,Ø4.026,0,-0.01,stacked_fraction,True,False,0.76
627,syn_000627.png,images/syn_000627.png,3.032±0.025,3.032,+0.025,-0.025,symmetric_tight,False,False,-0.71
628,syn_000628.png,images/syn_000628.png,Ø12.50 +0.005/0,Ø12.50,+0.005,0,stacked_normal,False,False,0.06
629,syn_000629.png,images/syn_000629.png,C0.2,C0.2,,,simple_chamfer,False,False,0.49
630,syn_000630.png,images/syn_000630.png,73.65,73.65,,,simple_boxed_ref,False,True,0.6
631,syn_000631.png,images/syn_000631.png,0.25±0.005,0.25,+0.005,-0.005,symmetric_tight,False,False,-5.01
632,syn_000632.png,images/syn_000632.png,R0.25MAX,R0.25MAX,,,simple_radius_corner,False,False,0.72
633,syn_000633.png,images/syn_000633.png,12.150 +0.02/-0.03,12.150,+0.02,-0.03,stacked_fraction,True,False,1.08
634,syn_000634.png,images/syn_000634.png,50.717 +0.02/-0.002,50.717,+0.02,-0.002,stacked_fraction,True,False,-0.27
635,syn_000635.png,images/syn_000635.png,C0.5,C0.5,,,simple_chamfer,False,False,0.78
636,syn_000636.png,images/syn_000636.png,C0.5,C0.5,,,simple_chamfer,False,False,58.81
637,syn_000637.png,images/syn_000637.png,0.3107±0.02,0.3107,+0.02,-0.02,symmetric_tight,False,False,-0.18
638,syn_000638.png,images/syn_000638.png,8.308 +0.05/-0.02,8.308,+0.05,-0.02,stacked_fraction,True,False,-0.72
639,syn_000639.png,images/syn_000639.png,73.65 TYP,73.65 TYP,,,simple_boxed_ref,False,False,0.63
640,syn_000640.png,images/syn_000640.png,73.65±0.02,73.65,+0.02,-0.02,symmetric_tight,False,False,-0.05
641,syn_000641.png,images/syn_000641.png,Ø92.488±0.015,Ø92.488,+0.015,-0.015,symmetric_tight,False,False,3.06
642,syn_000642.png,images/syn_000642.png,30°,30°,,,simple_angle_simple,False,False,0.07
643,syn_000643.png,images/syn_000643.png,Ø78.885±0.01,Ø78.885,+0.01,-0.01,symmetric_tight,False,False,0.03
644,syn_000644.png,images/syn_000644.png,Ø12.155 +0.02/-0.005,Ø12.155,+0.02,-0.005,stacked_fraction,True,False,0.25
645,syn_000645.png,images/syn_000645.png,35.726±0.05,35.726,+0.05,-0.05,symmetric_tight,False,False,-0.33
646,syn_000646.png,images/syn_000646.png,Ø50.324 -0.002/-0.005,Ø50.324,-0.002,-0.005,stacked_fraction,True,False,-2.28
647,syn_000647.png,images/syn_000647.png,C0.3,C0.3,,,simple_chamfer,False,False,0.01
648,syn_000648.png,images/syn_000648.png,Ø24.50 -0.003/-0.005,Ø24.50,-0.003,-0.005,stacked_fraction,True,False,0.51
649,syn_000649.png,images/syn_000649.png,28°57',28°57',,,angle_dms_min,False,False,-0.7
650,syn_000650.png,images/syn_000650.png,"2°53'55""","2°53'55""",,,angle_dms_full,False,False,-0.19
651,syn_000651.png,images/syn_000651.png,12.155 -0.01/-0.015,12.155,-0.01,-0.015,stacked_normal,False,False,-0.76
652,syn_000652.png,images/syn_000652.png,5.04 +0.005/0,5.04,+0.005,0,stacked_fraction,True,False,-0.78
653,syn_000653.png,images/syn_000653.png,5.04±0.025,5.04,+0.025,-0.025,symmetric_tight,False,False,0.7
654,syn_000654.png,images/syn_000654.png,"75° 17' 50""","75° 17' 50""",,,angle_dms_full,False,False,13.95
655,syn_000655.png,images/syn_000655.png,4.04 +0.005/-0.03,4.04,+0.005,-0.03,stacked_fraction,True,False,0.44
656,syn_000656.png,images/syn_000656.png,C15.80 +0.002/0,C15.80,+0.002,0,stacked_fraction,True,False,0.21
657,syn_000657.png,images/syn_000657.png,C0.05,C0.05,,,simple_chamfer,False,False,0.75
658,syn_000658.png,images/syn_000658.png,8.308 +0.005/0,8.308,+0.005,0,stacked_fraction,True,False,0.77
659,syn_000659.png,images/syn_000659.png,Ø0.4837 0/-0.015,Ø0.4837,0,-0.015,stacked_normal,False,False,2.61
660,syn_000660.png,images/syn_000660.png,10.50 +0.05/-0.005,10.50,+0.05,-0.005,stacked_normal,False,False,0.77
661,syn_000661.png,images/syn_000661.png,57.63 +0.013/+0.01,57.63,+0.013,+0.01,stacked_normal,False,False,5.09
662,syn_000662.png,images/syn_000662.png,"1°28'23""","1°28'23""",,,angle_dms_full,False,False,0.4
663,syn_000663.png,images/syn_000663.png,R73.65 +0.01/-0.005,R73.65,+0.01,-0.005,stacked_fraction,True,False,-0.29
664,syn_000664.png,images/syn_000664.png,Ø5.04 0/-0.002,Ø5.04,0,-0.002,stacked_fraction,True,False,-0.43
665,syn_000665.png,images/syn_000665.png,Ø73.65 +0.03/0,Ø73.65,+0.03,0,stacked_fraction,True,False,-1.33
666,syn_000666.png,images/syn_000666.png,(73.65),(73.65),,,simple_boxed_ref,False,False,0.04
667,syn_000667.png,images/syn_000667.png,R10.171 +0.02/-0.02,R10.171,+0.02,-0.02,stacked_normal,False,False,0.08
668,syn_000668.png,images/syn_000668.png,R2MIN,R2MIN,,,simple_radius_corner,False,False,-44.88
669,syn_000669.png,images/syn_000669.png,C0.3,C0.3,,,simple_chamfer,False,False,43.56
670,syn_000670.png,images/syn_000670.png,30°45',30°45',,,angle_dms_min,False,False,-0.43
671,syn_000671.png,images/syn_000671.png,Ø0.4343±0.05,Ø0.4343,+0.05,-0.05,symmetric_tight,False,False,-0.32
672,syn_000672.png,images/syn_000672.png,0.290 +0.003/0,0.290,+0.003,0,stacked_fraction,True,False,0.08
673,syn_000673.png,images/syn_000673.png,25.4 TYP,25.4 TYP,,,simple_boxed_ref,False,False,0.21
674,syn_000674.png,images/syn_000674.png,0.3700 -0.01/-0.015,0.3700,-0.01,-0.015,stacked_normal,False,False,-0.07
675,syn_000675.png,images/syn_000675.png,R0.05MAX,R0.05MAX,,,simple_radius_corner,False,False,-0.5
676,syn_000676.png,images/syn_000676.png,0.4253 0/-0.03,0.4253,0,-0.03,stacked_fraction,True,False,0.57
677,syn_000677.png,images/syn_000677.png,8 +0.002/0,8,+0.002,0,stacked_normal,False,False,-0.74
678,syn_000678.png,images/syn_000678.png,Ø2.75 +0.05/0,Ø2.75,+0.05,0,stacked_normal,False,False,-0.2
679,syn_000679.png,images/syn_000679.png,M10,M10,,,simple_thread_qty,False,False,0.22
680,syn_000680.png,images/syn_000680.png,M0.290 +0.05/-0.02,M0.290,+0.05,-0.02,stacked_fraction,True,False,-0.79
681,syn_000681.png,images/syn_000681.png,12.155,12.155,,,simple_boxed_ref,False,True,0.71
682,syn_000682.png,images/syn_000682.png,0.3417 -0.001/-0.004,0.3417,-0.001,-0.004,stacked_fraction,True,False,-0.05
683,syn_000683.png,images/syn_000683.png,12.160 -0.002/-0.007,12.160,-0.002,-0.007,stacked_normal,False,False,-0.28
684,syn_000684.png,images/syn_000684.png,2.75 +0.02/0,2.75,+0.02,0,stacked_fraction,True,False,0.49
685,syn_000685.png,images/syn_000685.png,45°40',45°40',,,angle_dms_min,False,False,30.82
686,syn_000686.png,images/syn_000686.png,Ø57.63 +0.02/0,Ø57.63,+0.02,0,stacked_normal,False,False,0.72
687,syn_000687.png,images/syn_000687.png,0.0904 +0.05/-0.03,0.0904,+0.05,-0.03,stacked_normal,False,False,0.46
688,syn_000688.png,images/syn_000688.png,C0.15,C0.15,,,simple_chamfer,False,False,-31.13
689,syn_000689.png,images/syn_000689.png,15 +0.015/+0.01,15,+0.015,+0.01,stacked_normal,False,False,0.59
690,syn_000690.png,images/syn_000690.png,0.25 +0.002/0,0.25,+0.002,0,stacked_fraction,True,False,-0.58
691,syn_000691.png,images/syn_000691.png,0.941±0.002,0.941,+0.002,-0.002,symmetric_tight,False,False,-0.73
692,syn_000692.png,images/syn_000692.png,12.160 +0.01/0,12.160,+0.01,0,stacked_normal,False,False,0.15
693,syn_000693.png,images/syn_000693.png,"12°1'50""","12°1'50""",,,angle_dms_full,False,False,-60.62
694,syn_000694.png,images/syn_000694.png,73.65 +0.01/-0.02,73.65,+0.01,-0.02,stacked_normal,False,False,-0.36
695,syn_000695.png,images/syn_000695.png,M12.150 0/-0.02,M12.150,0,-0.02,stacked_fraction,True,False,0.77
696,syn_000696.png,images/syn_000696.png,11.89 +0.05/-0.002,11.89,+0.05,-0.002,stacked_normal,False,False,4.31
697,syn_000697.png,images/syn_000697.png,15°±10',15°,+10',-10',angle_dms_tol,False,False,-16.32
698,syn_000698.png,images/syn_000698.png,"2°54'52""","2°54'52""",,,angle_dms_full,False,False,29.89
699,syn_000699.png,images/syn_000699.png,R0.05MAX,R0.05MAX,,,simple_radius_corner,False,False,-0.13
700,syn_000700.png,images/syn_000700.png,12.50±0.015,12.50,+0.015,-0.015,symmetric_tight,False,False,-5.64
701,syn_000701.png,images/syn_000701.png,45°,45°,,,simple_angle_simple,False,False,-0.27
702,syn_000702.png,images/syn_000702.png,0.4938 +0.01/0,0.4938,+0.01,0,stacked_fraction,True,False,-0.08
703,syn_000703.png,images/syn_000703.png,C0.1,C0.1,,,simple_chamfer,False,False,0.41
704,syn_000704.png,images/syn_000704.png,1.047°,1.047°,,,angle_decimal_deg,False,False,0.72
705,syn_000705.png,images/syn_000705.png,Ø5±0.05,Ø5,+0.05,-0.05,symmetric_tight,False,False,0.05
706,syn_000706.png,images/syn_000706.png,15.8,15.8,,,simple_nominal_plain,False,False,-0.59
707,syn_000707.png,images/syn_000707.png,1.5,1.5,,,simple_nominal_plain,False,False,0.73
708,syn_000708.png,images/syn_000708.png,Ø0.652 +0.02/0,Ø0.652,+0.02,0,stacked_normal,False,False,-0.08
709,syn_000709.png,images/syn_000709.png,30°,30°,,,simple_angle_simple,False,False,44.03
710,syn_000710.png,images/syn_000710.png,1.998 0/-0.03,1.998,0,-0.03,stacked_fraction,True,False,-0.67
711,syn_000711.png,images/syn_000711.png,0.4923 +0.01/0,0.4923,+0.01,0,stacked_fraction,True,False,0.54
712,syn_000712.png,images/syn_000712.png,10.50 +0.02/-0.02,10.50,+0.02,-0.02,stacked_fraction,True,False,0.06
713,syn_000713.png,images/syn_000713.png,50.00 +0.05/-0.03,50.00,+0.05,-0.03,stacked_fraction,True,False,0.02
714,syn_000714.png,images/syn_000714.png,Ø0.008 0/-0.03,Ø0.008,0,-0.03,stacked_normal,False,False,0.73
715,syn_000715.png,images/syn_000715.png,73.65 TYP,73.65 TYP,,,simple_boxed_ref,False,False,0.73
716,syn_000716.png,images/syn_000716.png,5.04 0/-0.008,5.04,0,-0.008,stacked_normal,False,False,0.18
717,syn_000717.png,images/syn_000717.png,Ø0.652 0/-0.01,Ø0.652,0,-0.01,stacked_normal,False,False,-0.15
718,syn_000718.png,images/syn_000718.png,Ø25.914 +0.05/-0.005,Ø25.914,+0.05,-0.005,stacked_normal,False,False,0.31
719,syn_000719.png,images/syn_000719.png,3.032 0/-0.008,3.032,0,-0.008,stacked_normal,False,False,-0.69
720,syn_000720.png,images/syn_000720.png,11.89±0.05,11.89,+0.05,-0.05,symmetric_tight,False,False,-0.7
721,syn_000721.png,images/syn_000721.png,82.504 0/-0.015,82.504,0,-0.015,stacked_fraction,True,False,3.56
722,syn_000722.png,images/syn_000722.png,5.04±0.01,5.04,+0.01,-0.01,symmetric_tight,False,False,-0.24
723,syn_000723.png,images/syn_000723.png,Ø7.525±0.015,Ø7.525,+0.015,-0.015,symmetric_tight,False,False,3.91
724,syn_000724.png,images/syn_000724.png,14.941 0/-0.003,14.941,0,-0.003,stacked_normal,False,False,-0.11
725,syn_000725.png,images/syn_000725.png,53.053 +0.015/0,53.053,+0.015,0,stacked_fraction,True,False,0.05
726,syn_000726.png,images/syn_000726.png,56.003±0.015,56.003,+0.015,-0.015,symmetric_tight,False,False,0.55
727,syn_000727.png,images/syn_000727.png,44.420 0/-0.008,44.420,0,-0.008,stacked_fraction,True,False,0.53
728,syn_000728.png,images/syn_000728.png,60°±5',60°,+5',-5',angle_dms_tol,False,False,0.34
729,syn_000729.png,images/syn_000729.png,15.80 0/-0.002,15.80,0,-0.002,stacked_fraction,True,False,-0.61
730,syn_000730.png,images/syn_000730.png,0.1108 +0.015/0,0.1108,+0.015,0,stacked_normal,False,False,-0.74
731,syn_000731.png,images/syn_000731.png,50.230±0.05,50.230,+0.05,-0.05,symmetric_tight,False,False,-0.73
732,syn_000732.png,images/syn_000732.png,26.230,26.230,,,simple_nominal_plain,False,False,0.4
733,syn_000733.png,images/syn_000733.png,0.941 -0.003/-0.005,0.941,-0.003,-0.005,stacked_fraction,True,False,-4.73
734,syn_000734.png,images/syn_000734.png,70.693±0.025,70.693,+0.025,-0.025,symmetric_tight,False,False,-0.61
735,syn_000735.png,images/syn_000735.png,M24 +0.007/+0.002,M24,+0.007,+0.002,stacked_fraction,True,False,0.03
736,syn_000736.png,images/syn_000736.png,Ø15.80 +0.013/+0.01,Ø15.80,+0.013,+0.01,stacked_fraction,True,False,-0.19
737,syn_000737.png,images/syn_000737.png,71.791±0.1,71.791,+0.1,-0.1,symmetric_tight,False,False,-0.45
738,syn_000738.png,images/syn_000738.png,C33.613±0.025,C33.613,+0.025,-0.025,symmetric_tight,False,False,0.05
739,syn_000739.png,images/syn_000739.png,5.04±0.025,5.04,+0.025,-0.025,symmetric_tight,False,False,-0.2
740,syn_000740.png,images/syn_000740.png,Ø59.351 0/-0.03,Ø59.351,0,-0.03,stacked_fraction,True,False,-0.72
741,syn_000741.png,images/syn_000741.png,Ø12.155,Ø12.155,,,simple_diameter,False,False,0.48
742,syn_000742.png,images/syn_000742.png,73.888 +0.002/0,73.888,+0.002,0,stacked_normal,False,False,-0.08
743,syn_000743.png,images/syn_000743.png,0.3763 -0.001/-0.003,0.3763,-0.001,-0.003,stacked_fraction,True,False,-0.03
744,syn_000744.png,images/syn_000744.png,R0.1 MAX,R0.1 MAX,,,simple_radius_corner,False,False,0.13
745,syn_000745.png,images/syn_000745.png,"90°4'50""","90°4'50""",,,angle_dms_full,False,False,-0.37
746,syn_000746.png,images/syn_000746.png,12°5',12°5',,,angle_dms_min,False,False,45.0
747,syn_000747.png,images/syn_000747.png,C57.63±0.005,C57.63,+0.005,-0.005,symmetric_tight,False,False,-0.03
748,syn_000748.png,images/syn_000748.png,Ø0.008 +0.03/0,Ø0.008,+0.03,0,stacked_normal,False,False,0.6
749,syn_000749.png,images/syn_000749.png,90.5°,90.5°,,,angle_decimal_deg,False,False,-0.16
750,syn_000750.png,images/syn_000750.png,0.0220 +0.01/-0.02,0.0220,+0.01,-0.02,stacked_normal,False,False,0.38
751,syn_000751.png,images/syn_000751.png,Ø0.0660 +0.05/-0.02,Ø0.0660,+0.05,-0.02,stacked_normal,False,False,0.14
752,syn_000752.png,images/syn_000752.png,Ø50,Ø50,,,simple_diameter,False,False,0.03
753,syn_000753.png,images/syn_000753.png,Ø56.003±0.025,Ø56.003,+0.025,-0.025,symmetric_tight,False,False,-0.66
754,syn_000754.png,images/syn_000754.png,Ø5.04 +0.01/0,Ø5.04,+0.01,0,stacked_normal,False,False,-0.23
755,syn_000755.png,images/syn_000755.png,"12°2'12""","12°2'12""",,,angle_dms_full,False,False,29.05
756,syn_000756.png,images/syn_000756.png,24.50 +0.01/-0.01,24.50,+0.01,-0.01,stacked_normal,False,False,-0.03
757,syn_000757.png,images/syn_000757.png,1.047°,1.047°,,,angle_decimal_deg,False,False,-28.92
758,syn_000758.png,images/syn_000758.png,R0.12 MIN,R0.12 MIN,,,simple_radius_corner,False,False,29.88
759,syn_000759.png,images/syn_000759.png,26.197 +0.05/-0.03,26.197,+0.05,-0.03,stacked_normal,False,False,-0.61
760,syn_000760.png,images/syn_000760.png,"60° 42' 54""","60° 42' 54""",,,angle_dms_full,False,False,45.43
761,syn_000761.png,images/syn_000761.png,14.941 0/-0.008,14.941,0,-0.008,stacked_normal,False,False,-0.0
762,syn_000762.png,images/syn_000762.png,60.993±0.005,60.993,+0.005,-0.005,symmetric_tight,False,False,0.29
763,syn_000763.png,images/syn_000763.png,Ø20,Ø20,,,simple_diameter,False,False,-0.78
764,syn_000764.png,images/syn_000764.png,R0.5MIN,R0.5MIN,,,simple_radius_corner,False,False,31.11
765,syn_000765.png,images/syn_000765.png,15.80 0/-0.008,15.80,0,-0.008,stacked_fraction,True,False,0.03
766,syn_000766.png,images/syn_000766.png,R25.662 +0.002/0,R25.662,+0.002,0,stacked_normal,False,False,0.1
767,syn_000767.png,images/syn_000767.png,Ø87.747 0/-0.002,Ø87.747,0,-0.002,stacked_fraction,True,False,-0.74
768,syn_000768.png,images/syn_000768.png,10.50 +0.002/0,10.50,+0.002,0,stacked_fraction,True,False,-0.61
769,syn_000769.png,images/syn_000769.png,0.652 +0.015/0,0.652,+0.015,0,stacked_normal,False,False,-0.77
770,syn_000770.png,images/syn_000770.png,12°29',12°29',,,angle_dms_min,False,False,60.12
771,syn_000771.png,images/syn_000771.png,35.539 -0.003/-0.006,35.539,-0.003,-0.006,stacked_fraction,True,False,-0.16
772,syn_000772.png,images/syn_000772.png,Ø24 +0.05/-0.01,Ø24,+0.05,-0.01,stacked_fraction,True,False,0.33
773,syn_000773.png,images/syn_000773.png,Ø50.00 +0.003/+0.001,Ø50.00,+0.003,+0.001,stacked_normal,False,False,0.32
774,syn_000774.png,images/syn_000774.png,R33.613 0/-0.005,R33.613,0,-0.005,stacked_normal,False,False,-0.74
775,syn_000775.png,images/syn_000775.png,1.998 +0.02/-0.002,1.998,+0.02,-0.002,stacked_normal,False,False,-3.88
776,syn_000776.png,images/syn_000776.png,10.50 +0.02/0,10.50,+0.02,0,stacked_fraction,True,False,0.67
777,syn_000777.png,images/syn_000777.png,C25 -0.001/-0.003,C25,-0.001,-0.003,stacked_normal,False,False,0.8
778,syn_000778.png,images/syn_000778.png,5 +0.01/-0.01,5,+0.01,-0.01,stacked_fraction,True,False,-0.67
779,syn_000779.png,images/syn_000779.png,135°,135°,,,simple_angle_simple,False,False,0.5
780,syn_000780.png,images/syn_000780.png,5.04±0.002,5.04,+0.002,-0.002,symmetric_tight,False,False,0.68
781,syn_000781.png,images/syn_000781.png,14.941 +0.015/0,14.941,+0.015,0,stacked_normal,False,False,0.34
782,syn_000782.png,images/syn_000782.png,R26.197 +0.01/0,R26.197,+0.01,0,stacked_fraction,True,False,-0.51
783,syn_000783.png,images/syn_000783.png,93.341 0/-0.05,93.341,0,-0.05,stacked_fraction,True,False,0.48
784,syn_000784.png,images/syn_000784.png,2.75 -0.001/-0.006,2.75,-0.001,-0.006,stacked_fraction,True,False,0.8
785,syn_000785.png,images/syn_000785.png,R1.5MIN,R1.5MIN,,,simple_radius_corner,False,False,-29.44
786,syn_000786.png,images/syn_000786.png,12.150 +0.03/0,12.150,+0.03,0,stacked_normal,False,False,0.26
787,syn_000787.png,images/syn_000787.png,60° 58',60° 58',,,angle_dms_min,False,False,-13.61
788,syn_000788.png,images/syn_000788.png,50.00 -0.01/-0.015,50.00,-0.01,-0.015,stacked_fraction,True,False,0.3
789,syn_000789.png,images/syn_000789.png,C0.25,C0.25,,,simple_chamfer,False,False,0.19
790,syn_000790.png,images/syn_000790.png,14.941 0/-0.002,14.941,0,-0.002,stacked_normal,False,False,0.35
791,syn_000791.png,images/syn_000791.png,Ø55.598±0.002,Ø55.598,+0.002,-0.002,symmetric_tight,False,False,0.77
792,syn_000792.png,images/syn_000792.png,16.350 0/-0.015,16.350,0,-0.015,stacked_normal,False,False,-0.42
793,syn_000793.png,images/syn_000793.png,Ø50.00±0.002,Ø50.00,+0.002,-0.002,symmetric_tight,False,False,0.6
794,syn_000794.png,images/syn_000794.png,16.064 0/-0.003,16.064,0,-0.003,stacked_fraction,True,False,-0.0
795,syn_000795.png,images/syn_000795.png,R1.0 MIN,R1.0 MIN,,,simple_radius_corner,False,False,45.31
796,syn_000796.png,images/syn_000796.png,50.00,50.00,,,simple_nominal_plain,False,False,-0.38
797,syn_000797.png,images/syn_000797.png,90°±5',90°,+5',-5',angle_dms_tol,False,False,0.47
798,syn_000798.png,images/syn_000798.png,Ø73.65±0.1,Ø73.65,+0.1,-0.1,symmetric_tight,False,False,0.49
799,syn_000799.png,images/syn_000799.png,60°±0.5°,60°,+0.5°,-0.5°,angle_dms_tol,False,False,-0.1
800,syn_000800.png,images/syn_000800.png,Ø24.5,Ø24.5,,,simple_diameter,False,False,-0.08
801,syn_000801.png,images/syn_000801.png,24.269 -0.003/-0.005,24.269,-0.003,-0.005,stacked_normal,False,False,0.78
802,syn_000802.png,images/syn_000802.png,R14.941 -0.01/-0.012,R14.941,-0.01,-0.012,stacked_fraction,True,False,-0.28
803,syn_000803.png,images/syn_000803.png,30°13',30°13',,,angle_dms_min,False,False,29.6
804,syn_000804.png,images/syn_000804.png,2.160±0.025,2.160,+0.025,-0.025,symmetric_tight,False,False,-0.55
805,syn_000805.png,images/syn_000805.png,86.193 0/-0.03,86.193,0,-0.03,stacked_fraction,True,False,0.32
806,syn_000806.png,images/syn_000806.png,15.80 -0.01/-0.015,15.80,-0.01,-0.015,stacked_normal,False,False,0.24
807,syn_000807.png,images/syn_000807.png,5.04 -0.003/-0.005,5.04,-0.003,-0.005,stacked_normal,False,False,-0.0
808,syn_000808.png,images/syn_000808.png,Ø32 0/-0.03,Ø32,0,-0.03,stacked_fraction,True,False,-0.58
809,syn_000809.png,images/syn_000809.png,R14.941 -0.003/-0.006,R14.941,-0.003,-0.006,stacked_fraction,True,False,0.54
810,syn_000810.png,images/syn_000810.png,"5°11'56""","5°11'56""",,,angle_dms_full,False,False,-0.03
811,syn_000811.png,images/syn_000811.png,R0.652 +0.01/-0.002,R0.652,+0.01,-0.002,stacked_normal,False,False,-0.25
812,syn_000812.png,images/syn_000812.png,24.50 0/-0.02,24.50,0,-0.02,stacked_fraction,True,False,0.23
813,syn_000813.png,images/syn_000813.png,R12 +0.005/-0.005,R12,+0.005,-0.005,stacked_normal,False,False,-0.44
814,syn_000814.png,images/syn_000814.png,100,100,,,simple_nominal_plain,False,False,-0.57
815,syn_000815.png,images/syn_000815.png,12.5°,12.5°,,,angle_decimal_deg,False,False,0.62
816,syn_000816.png,images/syn_000816.png,46.076±0.002,46.076,+0.002,-0.002,symmetric_tight,False,False,-0.06
817,syn_000817.png,images/syn_000817.png,20 0/-0.015,20,0,-0.015,stacked_fraction,True,False,0.19
818,syn_000818.png,images/syn_000818.png,2.75 0/-0.02,2.75,0,-0.02,stacked_normal,False,False,-0.7
819,syn_000819.png,images/syn_000819.png,2X Ø5,2X Ø5,,,simple_thread_qty,False,False,0.09
820,syn_000820.png,images/syn_000820.png,M11.89±0.002,M11.89,+0.002,-0.002,symmetric_tight,False,False,0.16
821,syn_000821.png,images/syn_000821.png,Ø73.65 +0.01/-0.03,Ø73.65,+0.01,-0.03,stacked_normal,False,False,-0.17
822,syn_000822.png,images/syn_000822.png,"45° 57' 58""","45° 57' 58""",,,angle_dms_full,False,False,0.14
823,syn_000823.png,images/syn_000823.png,Ø0.1666±0.01,Ø0.1666,+0.01,-0.01,symmetric_tight,False,False,0.07
824,syn_000824.png,images/syn_000824.png,15°26',15°26',,,angle_dms_min,False,False,0.23
825,syn_000825.png,images/syn_000825.png,33.613 0/-0.002,33.613,0,-0.002,stacked_fraction,True,False,-0.12
826,syn_000826.png,images/syn_000826.png,"60°27'42""","60°27'42""",,,angle_dms_full,False,False,28.92
827,syn_000827.png,images/syn_000827.png,Ø25.158 +0.01/-0.02,Ø25.158,+0.01,-0.02,stacked_normal,False,False,-0.67
828,syn_000828.png,images/syn_000828.png,Ø10.127±0.02,Ø10.127,+0.02,-0.02,symmetric_tight,False,False,-0.45
829,syn_000829.png,images/syn_000829.png,Ø50.00±0.1,Ø50.00,+0.1,-0.1,symmetric_tight,False,False,0.79
830,syn_000830.png,images/syn_000830.png,0.785°,0.785°,,,angle_decimal_deg,False,False,-0.24
831,syn_000831.png,images/syn_000831.png,41.274 0/-0.008,41.274,0,-0.008,stacked_normal,False,False,-1.63
832,syn_000832.png,images/syn_000832.png,28.65°,28.65°,,,angle_decimal_deg,False,False,-0.79
833,syn_000833.png,images/syn_000833.png,0.1283 0/-0.002,0.1283,0,-0.002,stacked_normal,False,False,-0.74
834,syn_000834.png,images/syn_000834.png,R82.691 0/-0.03,R82.691,0,-0.03,stacked_fraction,True,False,0.7
835,syn_000835.png,images/syn_000835.png,Ø20,Ø20,,,simple_diameter,False,False,-0.1
836,syn_000836.png,images/syn_000836.png,50.00±0.02,50.00,+0.02,-0.02,symmetric_tight,False,False,-3.3
837,syn_000837.png,images/syn_000837.png,12°58',12°58',,,angle_dms_min,False,False,0.54
838,syn_000838.png,images/syn_000838.png,10.50 0/-0.02,10.50,0,-0.02,stacked_fraction,True,False,0.39
839,syn_000839.png,images/syn_000839.png,C0.05,C0.05,,,simple_chamfer,False,False,58.76
840,syn_000840.png,images/syn_000840.png,R0.2932 +0.05/0,R0.2932,+0.05,0,stacked_normal,False,False,-0.19
841,syn_000841.png,images/syn_000841.png,0.314±0.002,0.314,+0.002,-0.002,symmetric_tight,False,False,0.72
842,syn_000842.png,images/syn_000842.png,R3MAX,R3MAX,,,simple_radius_corner,False,False,-0.03
843,syn_000843.png,images/syn_000843.png,90°2',90°2',,,angle_dms_min,False,False,-58.63
844,syn_000844.png,images/syn_000844.png,10.50 +0.005/0,10.50,+0.005,0,stacked_fraction,True,False,4.68
845,syn_000845.png,images/syn_000845.png,4.04±0.1,4.04,+0.1,-0.1,symmetric_tight,False,False,0.5
846,syn_000846.png,images/syn_000846.png,11.065 +0.008/+0.005,11.065,+0.008,+0.005,stacked_fraction,True,False,-0.69
847,syn_000847.png,images/syn_000847.png,90°31',90°31',,,angle_dms_min,False,False,0.43
848,syn_000848.png,images/syn_000848.png,Ø26.197 +0.005/0,Ø26.197,+0.005,0,stacked_fraction,True,False,-0.34
849,syn_000849.png,images/syn_000849.png,4.026 +0.015/0,4.026,+0.015,0,stacked_normal,False,False,-0.52
850,syn_000850.png,images/syn_000850.png,C0.2,C0.2,,,simple_chamfer,False,False,0.62
851,syn_000851.png,images/syn_000851.png,80.426 +0.003/0,80.426,+0.003,0,stacked_normal,False,False,0.27
852,syn_000852.png,images/syn_000852.png,28°17',28°17',,,angle_dms_min,False,False,-0.32
853,syn_000853.png,images/syn_000853.png,0.2847 +0.03/0,0.2847,+0.03,0,stacked_normal,False,False,0.69
854,syn_000854.png,images/syn_000854.png,0.3565 -0.002/-0.004,0.3565,-0.002,-0.004,stacked_fraction,True,False,-0.72
855,syn_000855.png,images/syn_000855.png,"0°51'28""","0°51'28""",,,angle_dms_full,False,False,-30.26
856,syn_000856.png,images/syn_000856.png,1.571°,1.571°,,,angle_decimal_deg,False,False,-0.78
857,syn_000857.png,images/syn_000857.png,Ø26.197±0.1,Ø26.197,+0.1,-0.1,symmetric_tight,False,False,0.69
858,syn_000858.png,images/syn_000858.png,M16 0/-0.05,M16,0,-0.05,stacked_normal,False,False,-0.16
859,syn_000859.png,images/syn_000859.png,0.25 +0.05/0,0.25,+0.05,0,stacked_fraction,True,False,-0.22
860,syn_000860.png,images/syn_000860.png,14.941±0.025,14.941,+0.025,-0.025,symmetric_tight,False,False,0.72
861,syn_000861.png,images/syn_000861.png,Ø24 +0.01/-0.03,Ø24,+0.01,-0.03,stacked_fraction,True,False,2.61
862,syn_000862.png,images/syn_000862.png,0.290 0/-0.02,0.290,0,-0.02,stacked_normal,False,False,0.09
863,syn_000863.png,images/syn_000863.png,Ø73.65 +0.002/0,Ø73.65,+0.002,0,stacked_normal,False,False,0.48
864,syn_000864.png,images/syn_000864.png,15°±1°,15°,+1°,-1°,angle_dms_tol,False,False,-45.52
865,syn_000865.png,images/syn_000865.png,62.271 +0.004/+0.001,62.271,+0.004,+0.001,stacked_normal,False,False,-0.11
866,syn_000866.png,images/syn_000866.png,0.0273 +0.012/+0.01,0.0273,+0.012,+0.01,stacked_normal,False,False,-0.75
867,syn_000867.png,images/syn_000867.png,0.2462 +0.002/0,0.2462,+0.002,0,stacked_normal,False,False,0.58
868,syn_000868.png,images/syn_000868.png,10.50±0.025,10.50,+0.025,-0.025,symmetric_tight,False,False,-0.54
869,syn_000869.png,images/syn_000869.png,M12,M12,,,simple_thread_qty,False,False,0.57
870,syn_000870.png,images/syn_000870.png,30°±30',30°,+30',-30',angle_dms_tol,False,False,-0.48
871,syn_000871.png,images/syn_000871.png,C73.65 +0.004/+0.002,C73.65,+0.004,+0.002,stacked_normal,False,False,0.22
872,syn_000872.png,images/syn_000872.png,15.80 +0.008/+0.005,15.80,+0.008,+0.005,stacked_fraction,True,False,-0.56
873,syn_000873.png,images/syn_000873.png,"5°54'13""","5°54'13""",,,angle_dms_full,False,False,-28.65
874,syn_000874.png,images/syn_000874.png,Ø80.027 +0.005/0,Ø80.027,+0.005,0,stacked_normal,False,False,-0.15
875,syn_000875.png,images/syn_000875.png,60°±0.5°,60°,+0.5°,-0.5°,angle_dms_tol,False,False,-61.42
876,syn_000876.png,images/syn_000876.png,73.65 +0.015/-0.03,73.65,+0.015,-0.03,stacked_normal,False,False,0.13
877,syn_000877.png,images/syn_000877.png,75,75,,,simple_nominal_plain,False,False,0.69
878,syn_000878.png,images/syn_000878.png,56.003 +0.003/0,56.003,+0.003,0,stacked_normal,False,False,-0.27
879,syn_000879.png,images/syn_000879.png,Ø0.290 +0.002/0,Ø0.290,+0.002,0,stacked_fraction,True,False,4.28
880,syn_000880.png,images/syn_000880.png,Ø0.2854±0.015,Ø0.2854,+0.015,-0.015,symmetric_tight,False,False,-0.68
881,syn_000881.png,images/syn_000881.png,C57.63 +0.01/0,C57.63,+0.01,0,stacked_fraction,True,False,-0.44
882,syn_000882.png,images/syn_000882.png,50 REF,50 REF,,,simple_boxed_ref,False,False,-0.77
883,syn_000883.png,images/syn_000883.png,56.003 0/-0.003,56.003,0,-0.003,stacked_normal,False,False,-0.5
884,syn_000884.png,images/syn_000884.png,Ø35.497±0.015,Ø35.497,+0.015,-0.015,symmetric_tight,False,False,0.32
885,syn_000885.png,images/syn_000885.png,4.026 -0.005/-0.007,4.026,-0.005,-0.007,stacked_fraction,True,False,0.09
886,syn_000886.png,images/syn_000886.png,30°4',30°4',,,angle_dms_min,False,False,31.49
887,syn_000887.png,images/syn_000887.png,"60° 3' 49""","60° 3' 49""",,,angle_dms_full,False,False,-58.6
888,syn_000888.png,images/syn_000888.png,Ø4.026 +0.008/+0.005,Ø4.026,+0.008,+0.005,stacked_fraction,True,False,0.17
889,syn_000889.png,images/syn_000889.png,R0.03,R0.03,,,simple_radius_corner,False,False,-0.44
890,syn_000890.png,images/syn_000890.png,73.65,73.65,,,simple_boxed_ref,False,True,-0.57
891,syn_000891.png,images/syn_000891.png,Ø71.725 +0.012/+0.01,Ø71.725,+0.012,+0.01,stacked_fraction,True,False,-0.37
892,syn_000892.png,images/syn_000892.png,C16±0.02,C16,+0.02,-0.02,symmetric_tight,False,False,-0.61
893,syn_000893.png,images/syn_000893.png,C0.3,C0.3,,,simple_chamfer,False,False,-15.86
894,syn_000894.png,images/syn_000894.png,Ø57.63 -0.001/-0.004,Ø57.63,-0.001,-0.004,stacked_normal,False,False,0.02
895,syn_000895.png,images/syn_000895.png,C1.0,C1.0,,,simple_chamfer,False,False,-0.61
896,syn_000896.png,images/syn_000896.png,Ø45.586 -0.003/-0.006,Ø45.586,-0.003,-0.006,stacked_normal,False,False,-0.59
897,syn_000897.png,images/syn_000897.png,8±0.005,8,+0.005,-0.005,symmetric_tight,False,False,0.24
898,syn_000898.png,images/syn_000898.png,0.0338±0.005,0.0338,+0.005,-0.005,symmetric_tight,False,False,0.1
899,syn_000899.png,images/syn_000899.png,"30° 17' 14""","30° 17' 14""",,,angle_dms_full,False,False,0.48
900,syn_000900.png,images/syn_000900.png,"90° 18' 10""","90° 18' 10""",,,angle_dms_full,False,False,29.42
901,syn_000901.png,images/syn_000901.png,Ø0.743 +0.003/+0.001,Ø0.743,+0.003,+0.001,stacked_normal,False,False,0.55
902,syn_000902.png,images/syn_000902.png,32.565 +0.02/-0.02,32.565,+0.02,-0.02,stacked_normal,False,False,0.5
903,syn_000903.png,images/syn_000903.png,Ø24 +0.008/+0.005,Ø24,+0.008,+0.005,stacked_normal,False,False,0.51
904,syn_000904.png,images/syn_000904.png,50.00 0/-0.03,50.00,0,-0.03,stacked_normal,False,False,0.33
905,syn_000905.png,images/syn_000905.png,11.89 0/-0.05,11.89,0,-0.05,stacked_fraction,True,False,-0.51
906,syn_000906.png,images/syn_000906.png,R57.63 +0.004/+0.002,R57.63,+0.004,+0.002,stacked_normal,False,False,0.29
907,syn_000907.png,images/syn_000907.png,24.50 0/-0.002,24.50,0,-0.002,stacked_fraction,True,False,0.44
908,syn_000908.png,images/syn_000908.png,0.5°,0.5°,,,angle_decimal_deg,False,False,-0.59
909,syn_000909.png,images/syn_000909.png,59.655 +0.012/+0.01,59.655,+0.012,+0.01,stacked_fraction,True,False,2.16
910,syn_000910.png,images/syn_000910.png,4.110 +0.003/0,4.110,+0.003,0,stacked_fraction,True,False,0.08
911,syn_000911.png,images/syn_000911.png,0.25 +0.01/-0.005,0.25,+0.01,-0.005,stacked_fraction,True,False,0.43
912,syn_000912.png,images/syn_000912.png,86.555 +0.01/-0.005,86.555,+0.01,-0.005,stacked_normal,False,False,-0.24
913,syn_000913.png,images/syn_000913.png,"5°16'4""","5°16'4""",,,angle_dms_full,False,False,60.98
914,syn_000914.png,images/syn_000914.png,0.290 +0.03/0,0.290,+0.03,0,stacked_normal,False,False,-0.52
915,syn_000915.png,images/syn_000915.png,14.941 0/-0.005,14.941,0,-0.005,stacked_fraction,True,False,-0.0
916,syn_000916.png,images/syn_000916.png,30°±10',30°,+10',-10',angle_dms_tol,False,False,0.46
917,syn_000917.png,images/syn_000917.png,56.866 0/-0.02,56.866,0,-0.02,stacked_normal,False,False,0.58
918,syn_000918.png,images/syn_000918.png,Ø50.00 +0.004/+0.001,Ø50.00,+0.004,+0.001,stacked_fraction,True,False,0.42
919,syn_000919.png,images/syn_000919.png,28.65°,28.65°,,,angle_decimal_deg,False,False,-43.85
920,syn_000920.png,images/syn_000920.png,75.583 0/-0.015,75.583,0,-0.015,stacked_fraction,True,False,-0.06
921,syn_000921.png,images/syn_000921.png,0.262°,0.262°,,,angle_decimal_deg,False,False,60.11
922,syn_000922.png,images/syn_000922.png,0.4167 0/-0.02,0.4167,0,-0.02,stacked_normal,False,False,0.42
923,syn_000923.png,images/syn_000923.png,Ø7.525 +0.002/0,Ø7.525,+0.002,0,stacked_normal,False,False,-0.62
924,syn_000924.png,images/syn_000924.png,Ø10.687±0.015,Ø10.687,+0.015,-0.015,symmetric_tight,False,False,5.8
925,syn_000925.png,images/syn_000925.png,12.150 +0.012/+0.01,12.150,+0.012,+0.01,stacked_normal,False,False,0.78
926,syn_000926.png,images/syn_000926.png,R0.5 MIN,R0.5 MIN,,,simple_radius_corner,False,False,0.06
927,syn_000927.png,images/syn_000927.png,M15.030 -0.003/-0.005,M15.030,-0.003,-0.005,stacked_fraction,True,False,5.52
928,syn_000928.png,images/syn_000928.png,5 +0.02/0,5,+0.02,0,stacked_fraction,True,False,-4.0
929,syn_000929.png,images/syn_000929.png,11.189 0/-0.002,11.189,0,-0.002,stacked_normal,False,False,-0.23
930,syn_000930.png,images/syn_000930.png,R73.65 +0.002/0,R73.65,+0.002,0,stacked_normal,False,False,-0.66
931,syn_000931.png,images/syn_000931.png,Ø25±0.02,Ø25,+0.02,-0.02,symmetric_tight,False,False,-0.14
932,syn_000932.png,images/syn_000932.png,0.1296 +0.007/+0.005,0.1296,+0.007,+0.005,stacked_normal,False,False,-0.13
933,syn_000933.png,images/syn_000933.png,Ø0.008 0/-0.01,Ø0.008,0,-0.01,stacked_normal,False,False,-0.12
934,syn_000934.png,images/syn_000934.png,57.63 0/-0.005,57.63,0,-0.005,stacked_normal,False,False,2.54
935,syn_000935.png,images/syn_000935.png,4x M6,4x M6,,,simple_thread_qty,False,False,-0.15
936,syn_000936.png,images/syn_000936.png,0°25',0°25',,,angle_dms_min,False,False,29.97
937,syn_000937.png,images/syn_000937.png,0.2491 +0.03/0,0.2491,+0.03,0,stacked_fraction,True,False,-0.5
938,syn_000938.png,images/syn_000938.png,4.04,4.04,,,simple_nominal_plain,False,False,0.19
939,syn_000939.png,images/syn_000939.png,73.65,73.65,,,simple_nominal_plain,False,False,0.55
940,syn_000940.png,images/syn_000940.png,"45°33'15""","45°33'15""",,,angle_dms_full,False,False,-28.97
941,syn_000941.png,images/syn_000941.png,16.083 +0.01/-0.03,16.083,+0.01,-0.03,stacked_normal,False,False,0.28
942,syn_000942.png,images/syn_000942.png,4.04 0/-0.002,4.04,0,-0.002,stacked_fraction,True,False,0.14
943,syn_000943.png,images/syn_000943.png,90.5°,90.5°,,,angle_decimal_deg,False,False,-0.08
944,syn_000944.png,images/syn_000944.png,15°23',15°23',,,angle_dms_min,False,False,0.0
945,syn_000945.png,images/syn_000945.png,"0° 23' 41""","0° 23' 41""",,,angle_dms_full,False,False,0.53
946,syn_000946.png,images/syn_000946.png,Ø13.218 +0.02/-0.03,Ø13.218,+0.02,-0.03,stacked_normal,False,False,0.17
947,syn_000947.png,images/syn_000947.png,16.350 0/-0.015,16.350,0,-0.015,stacked_normal,False,False,1.77
948,syn_000948.png,images/syn_000948.png,2.160 -0.005/-0.01,2.160,-0.005,-0.01,stacked_normal,False,False,0.28
949,syn_000949.png,images/syn_000949.png,15.80 0/-0.005,15.80,0,-0.005,stacked_fraction,True,False,4.01
950,syn_000950.png,images/syn_000950.png,4x M6,4x M6,,,simple_thread_qty,False,False,-0.04
951,syn_000951.png,images/syn_000951.png,33.613 0/-0.015,33.613,0,-0.015,stacked_fraction,True,False,0.02
952,syn_000952.png,images/syn_000952.png,Ø2.160 0/-0.05,Ø2.160,0,-0.05,stacked_fraction,True,False,-5.68
953,syn_000953.png,images/syn_000953.png,1.25°,1.25°,,,angle_decimal_deg,False,False,-15.03
954,syn_000954.png,images/syn_000954.png,Ø4.04 +0.03/0,Ø4.04,+0.03,0,stacked_normal,False,False,0.26
955,syn_000955.png,images/syn_000955.png,12° 57',12° 57',,,angle_dms_min,False,False,-0.29
956,syn_000956.png,images/syn_000956.png,45°±30',45°,+30',-30',angle_dms_tol,False,False,-15.44
957,syn_000957.png,images/syn_000957.png,12.150 +0.015/0,12.150,+0.015,0,stacked_fraction,True,False,0.43
958,syn_000958.png,images/syn_000958.png,2.160 +0.015/-0.02,2.160,+0.015,-0.02,stacked_normal,False,False,-0.77
959,syn_000959.png,images/syn_000959.png,0.1208 0/-0.01,0.1208,0,-0.01,stacked_fraction,True,False,0.72
960,syn_000960.png,images/syn_000960.png,C0.25,C0.25,,,simple_chamfer,False,False,-0.21
961,syn_000961.png,images/syn_000961.png,50.324±0.015,50.324,+0.015,-0.015,symmetric_tight,False,False,0.25
962,syn_000962.png,images/syn_000962.png,50.00 +0.03/0,50.00,+0.03,0,stacked_normal,False,False,0.18
963,syn_000963.png,images/syn_000963.png,85.554 -0.003/-0.005,85.554,-0.003,-0.005,stacked_normal,False,False,0.08
964,syn_000964.png,images/syn_000964.png,15°±5',15°,+5',-5',angle_dms_tol,False,False,-16.21
965,syn_000965.png,images/syn_000965.png,C56.003 +0.02/0,C56.003,+0.02,0,stacked_fraction,True,False,0.13
966,syn_000966.png,images/syn_000966.png,(25.4),(25.4),,,simple_boxed_ref,False,False,-0.31
967,syn_000967.png,images/syn_000967.png,12.50 0/-0.008,12.50,0,-0.008,stacked_normal,False,False,-0.12
968,syn_000968.png,images/syn_000968.png,C0.25,C0.25,,,simple_chamfer,False,False,-15.24
969,syn_000969.png,images/syn_000969.png,12.50 0/-0.015,12.50,0,-0.015,stacked_normal,False,False,0.42
970,syn_000970.png,images/syn_000970.png,"0° 5' 9""","0° 5' 9""",,,angle_dms_full,False,False,-46.34
971,syn_000971.png,images/syn_000971.png,0.3561 -0.005/-0.01,0.3561,-0.005,-0.01,stacked_fraction,True,False,-0.61
972,syn_000972.png,images/syn_000972.png,12°30',12°30',,,angle_dms_min,False,False,45.18
973,syn_000973.png,images/syn_000973.png,12.160 +0.01/+0.005,12.160,+0.01,+0.005,stacked_normal,False,False,-0.65
974,syn_000974.png,images/syn_000974.png,R0.5,R0.5,,,simple_radius_corner,False,False,-29.37
975,syn_000975.png,images/syn_000975.png,67.284 +0.003/+0.001,67.284,+0.003,+0.001,stacked_fraction,True,False,0.19
976,syn_000976.png,images/syn_000976.png,0.290 +0.01/0,0.290,+0.01,0,stacked_fraction,True,False,-0.08
977,syn_000977.png,images/syn_000977.png,11.89 0/-0.002,11.89,0,-0.002,stacked_normal,False,False,0.67
978,syn_000978.png,images/syn_000978.png,Ø16,Ø16,,,simple_diameter,False,False,-0.43
979,syn_000979.png,images/syn_000979.png,37.463 +0.03/0,37.463,+0.03,0,stacked_fraction,True,False,-0.58
980,syn_000980.png,images/syn_000980.png,20±0.02,20,+0.02,-0.02,symmetric_tight,False,False,0.35
981,syn_000981.png,images/syn_000981.png,86.026 +0.007/+0.002,86.026,+0.007,+0.002,stacked_normal,False,False,-0.18
982,syn_000982.png,images/syn_000982.png,R50.00 +0.01/0,R50.00,+0.01,0,stacked_fraction,True,False,0.7
983,syn_000983.png,images/syn_000983.png,73.65±0.025,73.65,+0.025,-0.025,symmetric_tight,False,False,-0.43
984,syn_000984.png,images/syn_000984.png,Ø61.180 +0.01/+0.005,Ø61.180,+0.01,+0.005,stacked_normal,False,False,-0.1
985,syn_000985.png,images/syn_000985.png,3.340 +0.01/0,3.340,+0.01,0,stacked_normal,False,False,-0.73
986,syn_000986.png,images/syn_000986.png,4.026 -0.003/-0.005,4.026,-0.003,-0.005,stacked_fraction,True,False,-0.11
987,syn_000987.png,images/syn_000987.png,"2°45'24""","2°45'24""",,,angle_dms_full,False,False,-61.07
988,syn_000988.png,images/syn_000988.png,4X M6,4X M6,,,simple_thread_qty,False,False,0.13
989,syn_000989.png,images/syn_000989.png,R0.1,R0.1,,,simple_radius_corner,False,False,13.73
990,syn_000990.png,images/syn_000990.png,84.660±0.1,84.660,+0.1,-0.1,symmetric_tight,False,False,0.05
991,syn_000991.png,images/syn_000991.png,2.75 +0.01/0,2.75,+0.01,0,stacked_normal,False,False,-0.23
992,syn_000992.png,images/syn_000992.png,R1.5MIN,R1.5MIN,,,simple_radius_corner,False,False,-0.64
993,syn_000993.png,images/syn_000993.png,Ø0.008 0/-0.01,Ø0.008,0,-0.01,stacked_fraction,True,False,-0.06
994,syn_000994.png,images/syn_000994.png,4.04 +0.007/+0.002,4.04,+0.007,+0.002,stacked_fraction,True,False,-0.37
995,syn_000995.png,images/syn_000995.png,12 +0.003/0,12,+0.003,0,stacked_normal,False,False,-0.55
996,syn_000996.png,images/syn_000996.png,30°±10',30°,+10',-10',angle_dms_tol,False,False,0.67
997,syn_000997.png,images/syn_000997.png,Ø4.04 -0.005/-0.007,Ø4.04,-0.005,-0.007,stacked_normal,False,False,-0.76
998,syn_000998.png,images/syn_000998.png,Ø8.308 +0.003/+0.001,Ø8.308,+0.003,+0.001,stacked_normal,False,False,-0.41
999,syn_000999.png,images/syn_000999.png,5±0.015,5,+0.015,-0.015,symmetric_tight,False,False,0.73
1000,syn_001000.png,images/syn_001000.png,C74.805 +0.005/0,C74.805,+0.005,0,stacked_fraction,True,False,-0.36
1001,syn_001001.png,images/syn_001001.png,0.941 +0.015/-0.01,0.941,+0.015,-0.01,stacked_normal,False,False,0.52
1002,syn_001002.png,images/syn_001002.png,5.04 +0.002/0,5.04,+0.002,0,stacked_normal,False,False,-0.21
1003,syn_001003.png,images/syn_001003.png,R0.05 MIN,R0.05 MIN,,,simple_radius_corner,False,False,-45.83
1004,syn_001004.png,images/syn_001004.png,C0.25,C0.25,,,simple_chamfer,False,False,-0.04
1005,syn_001005.png,images/syn_001005.png,50.00±0.02,50.00,+0.02,-0.02,symmetric_tight,False,False,-0.32
1006,syn_001006.png,images/syn_001006.png,50.00 0/-0.008,50.00,0,-0.008,stacked_normal,False,False,0.4
1007,syn_001007.png,images/syn_001007.png,4.04 0/-0.015,4.04,0,-0.015,stacked_fraction,True,False,0.02
1008,syn_001008.png,images/syn_001008.png,16.350±0.025,16.350,+0.025,-0.025,symmetric_tight,False,False,0.6
1009,syn_001009.png,images/syn_001009.png,R56.003 +0.004/+0.002,R56.003,+0.004,+0.002,stacked_normal,False,False,-0.25
1010,syn_001010.png,images/syn_001010.png,Ø24.5,Ø24.5,,,simple_diameter,False,False,0.6
1011,syn_001011.png,images/syn_001011.png,76.653±0.002,76.653,+0.002,-0.002,symmetric_tight,False,False,-0.58
1012,syn_001012.png,images/syn_001012.png,Ø73.65 +0.013/+0.01,Ø73.65,+0.013,+0.01,stacked_fraction,True,False,-0.72
1013,syn_001013.png,images/syn_001013.png,R77.772±0.02,R77.772,+0.02,-0.02,symmetric_tight,False,False,0.64
1014,syn_001014.png,images/syn_001014.png,73.65 +0.02/0,73.65,+0.02,0,stacked_fraction,True,False,4.85
1015,syn_001015.png,images/syn_001015.png,C0.652 0/-0.002,C0.652,0,-0.002,stacked_normal,False,False,-1.95
1016,syn_001016.png,images/syn_001016.png,R16.350 +0.05/-0.002,R16.350,+0.05,-0.002,stacked_normal,False,False,-0.14
1017,syn_001017.png,images/syn_001017.png,0.0168 +0.05/-0.01,0.0168,+0.05,-0.01,stacked_fraction,True,False,-0.05
1018,syn_001018.png,images/syn_001018.png,Ø50.00 +0.01/0,Ø50.00,+0.01,0,stacked_fraction,True,False,-0.58
1019,syn_001019.png,images/syn_001019.png,M90.144 0/-0.008,M90.144,0,-0.008,stacked_fraction,True,False,-0.46
1020,syn_001020.png,images/syn_001020.png,26.197 +0.015/0,26.197,+0.015,0,stacked_normal,False,False,-0.43
1021,syn_001021.png,images/syn_001021.png,R25 -0.01/-0.013,R25,-0.01,-0.013,stacked_normal,False,False,-0.62
1022,syn_001022.png,images/syn_001022.png,C1.5,C1.5,,,simple_chamfer,False,False,45.23
1023,syn_001023.png,images/syn_001023.png,22.350 -0.001/-0.004,22.350,-0.001,-0.004,stacked_normal,False,False,0.33
1024,syn_001024.png,images/syn_001024.png,0.652 -0.003/-0.008,0.652,-0.003,-0.008,stacked_fraction,True,False,1.93
1025,syn_001025.png,images/syn_001025.png,20 +0.01/-0.02,20,+0.01,-0.02,stacked_normal,False,False,0.61
1026,syn_001026.png,images/syn_001026.png,66.119±0.002,66.119,+0.002,-0.002,symmetric_tight,False,False,0.14
1027,syn_001027.png,images/syn_001027.png,5° 53',5° 53',,,angle_dms_min,False,False,29.39
1028,syn_001028.png,images/syn_001028.png,Ø0.3719 +0.015/0,Ø0.3719,+0.015,0,stacked_normal,False,False,0.02
1029,syn_001029.png,images/syn_001029.png,R12.160±0.025,R12.160,+0.025,-0.025,symmetric_tight,False,False,0.67
1030,syn_001030.png,images/syn_001030.png,81.674 -0.003/-0.008,81.674,-0.003,-0.008,stacked_fraction,True,False,-0.41
1031,syn_001031.png,images/syn_001031.png,Ø8.308 -0.001/-0.006,Ø8.308,-0.001,-0.006,stacked_fraction,True,False,0.45
1032,syn_001032.png,images/syn_001032.png,35.474 +0.01/0,35.474,+0.01,0,stacked_normal,False,False,-0.03
1033,syn_001033.png,images/syn_001033.png,Ø0.25 0/-0.05,Ø0.25,0,-0.05,stacked_normal,False,False,-1.18
1034,syn_001034.png,images/syn_001034.png,2.094°,2.094°,,,angle_decimal_deg,False,False,-58.68
1035,syn_001035.png,images/syn_001035.png,2.094°,2.094°,,,angle_decimal_deg,False,False,-31.11
1036,syn_001036.png,images/syn_001036.png,74.727 -0.005/-0.01,74.727,-0.005,-0.01,stacked_fraction,True,False,0.18
1037,syn_001037.png,images/syn_001037.png,R7.525 -0.002/-0.007,R7.525,-0.002,-0.007,stacked_fraction,True,False,-0.67
1038,syn_001038.png,images/syn_001038.png,75 +0.03/0,75,+0.03,0,stacked_normal,False,False,0.25
1039,syn_001039.png,images/syn_001039.png,53.384±0.02,53.384,+0.02,-0.02,symmetric_tight,False,False,-0.28
1040,syn_001040.png,images/syn_001040.png,R0.2MIN,R0.2MIN,,,simple_radius_corner,False,False,0.68
1041,syn_001041.png,images/syn_001041.png,1.25°,1.25°,,,angle_decimal_deg,False,False,-0.08
1042,syn_001042.png,images/syn_001042.png,C1.0,C1.0,,,simple_chamfer,False,False,-58.99
1043,syn_001043.png,images/syn_001043.png,28.65°,28.65°,,,angle_decimal_deg,False,False,59.44
1044,syn_001044.png,images/syn_001044.png,4.04 +0.015/0,4.04,+0.015,0,stacked_fraction,True,False,0.76
1045,syn_001045.png,images/syn_001045.png,M50.324 -0.005/-0.008,M50.324,-0.005,-0.008,stacked_normal,False,False,-0.35
1046,syn_001046.png,images/syn_001046.png,4.04 +0.015/+0.01,4.04,+0.015,+0.01,stacked_normal,False,False,0.37
1047,syn_001047.png,images/syn_001047.png,15.80 -0.002/-0.004,15.80,-0.002,-0.004,stacked_fraction,True,False,-0.39
1048,syn_001048.png,images/syn_001048.png,R76.105 0/-0.005,R76.105,0,-0.005,stacked_normal,False,False,-0.6
1049,syn_001049.png,images/syn_001049.png,R24.50 +0.01/0,R24.50,+0.01,0,stacked_normal,False,False,0.63
1050,syn_001050.png,images/syn_001050.png,73.65 +0.003/0,73.65,+0.003,0,stacked_normal,False,False,0.24
1051,syn_001051.png,images/syn_001051.png,8.308±0.02,8.308,+0.02,-0.02,symmetric_tight,False,False,0.32
1052,syn_001052.png,images/syn_001052.png,"90°49'57""","90°49'57""",,,angle_dms_full,False,False,-30.5
1053,syn_001053.png,images/syn_001053.png,C81.029 +0.05/0,C81.029,+0.05,0,stacked_fraction,True,False,0.29
1054,syn_001054.png,images/syn_001054.png,Ø7.221 +0.03/0,Ø7.221,+0.03,0,stacked_normal,False,False,0.4
1055,syn_001055.png,images/syn_001055.png,2.75 0/-0.03,2.75,0,-0.03,stacked_fraction,True,False,0.26
1056,syn_001056.png,images/syn_001056.png,90°22',90°22',,,angle_dms_min,False,False,16.22
1057,syn_001057.png,images/syn_001057.png,30°±0.5°,30°,+0.5°,-0.5°,angle_dms_tol,False,False,-0.36
1058,syn_001058.png,images/syn_001058.png,15 0/-0.015,15,0,-0.015,stacked_normal,False,False,-0.8
1059,syn_001059.png,images/syn_001059.png,5±0.1,5,+0.1,-0.1,symmetric_tight,False,False,1.76
1060,syn_001060.png,images/syn_001060.png,17.544,17.544,,,simple_nominal_plain,False,False,0.56
1061,syn_001061.png,images/syn_001061.png,4.04,4.04,,,simple_nominal_plain,False,False,-0.19
1062,syn_001062.png,images/syn_001062.png,Ø44.963 -0.003/-0.008,Ø44.963,-0.003,-0.008,stacked_fraction,True,False,-0.69
1063,syn_001063.png,images/syn_001063.png,30.910±0.002,30.910,+0.002,-0.002,symmetric_tight,False,False,-0.65
1064,syn_001064.png,images/syn_001064.png,35.726 +0.05/0,35.726,+0.05,0,stacked_normal,False,False,-0.59
1065,syn_001065.png,images/syn_001065.png,Ø0.4660 0/-0.008,Ø0.4660,0,-0.008,stacked_fraction,True,False,0.7
1066,syn_001066.png,images/syn_001066.png,Ø70.587 0/-0.015,Ø70.587,0,-0.015,stacked_fraction,True,False,0.67
1067,syn_001067.png,images/syn_001067.png,Ø10 +0.05/-0.01,Ø10,+0.05,-0.01,stacked_normal,False,False,-0.19
1068,syn_001068.png,images/syn_001068.png,Ø50±0.025,Ø50,+0.025,-0.025,symmetric_tight,False,False,0.49
1069,syn_001069.png,images/syn_001069.png,24.50 0/-0.02,24.50,0,-0.02,stacked_fraction,True,False,0.25
1070,syn_001070.png,images/syn_001070.png,54.040 +0.01/0,54.040,+0.01,0,stacked_fraction,True,False,-2.86
1071,syn_001071.png,images/syn_001071.png,Ø6,Ø6,,,simple_diameter,False,False,0.08
1072,syn_001072.png,images/syn_001072.png,56.866 0/-0.03,56.866,0,-0.03,stacked_fraction,True,False,0.53
1073,syn_001073.png,images/syn_001073.png,0.3656 0/-0.02,0.3656,0,-0.02,stacked_normal,False,False,-0.43
1074,syn_001074.png,images/syn_001074.png,2.75 0/-0.015,2.75,0,-0.015,stacked_normal,False,False,-0.31
1075,syn_001075.png,images/syn_001075.png,"15°53'27""","15°53'27""",,,angle_dms_full,False,False,44.17
1076,syn_001076.png,images/syn_001076.png,C0.3,C0.3,,,simple_chamfer,False,False,-0.22
1077,syn_001077.png,images/syn_001077.png,Ø8,Ø8,,,simple_diameter,False,False,0.49
1078,syn_001078.png,images/syn_001078.png,0.017°,0.017°,,,angle_decimal_deg,False,False,-14.02
1079,syn_001079.png,images/syn_001079.png,50.324 0/-0.02,50.324,0,-0.02,stacked_normal,False,False,0.59
1080,syn_001080.png,images/syn_001080.png,"89°15'57""","89°15'57""",,,angle_dms_full,False,False,0.45
1081,syn_001081.png,images/syn_001081.png,2.75±0.005,2.75,+0.005,-0.005,symmetric_tight,False,False,-0.78
1082,syn_001082.png,images/syn_001082.png,Ø0.3899±0.002,Ø0.3899,+0.002,-0.002,symmetric_tight,False,False,-0.47
1083,syn_001083.png,images/syn_001083.png,Ø16.350 +0.02/-0.02,Ø16.350,+0.02,-0.02,stacked_fraction,True,False,-0.18
1084,syn_001084.png,images/syn_001084.png,C1.0,C1.0,,,simple_chamfer,False,False,-0.32
1085,syn_001085.png,images/syn_001085.png,30°51',30°51',,,angle_dms_min,False,False,0.1
1086,syn_001086.png,images/syn_001086.png,C0.3,C0.3,,,simple_chamfer,False,False,-0.29
1087,syn_001087.png,images/syn_001087.png,R0.2MAX,R0.2MAX,,,simple_radius_corner,False,False,14.89
1088,syn_001088.png,images/syn_001088.png,Ø4.04 0/-0.002,Ø4.04,0,-0.002,stacked_fraction,True,False,0.1
1089,syn_001089.png,images/syn_001089.png,R67.786 +0.02/0,R67.786,+0.02,0,stacked_normal,False,False,-0.51
1090,syn_001090.png,images/syn_001090.png,0.25,0.25,,,simple_nominal_plain,False,False,0.27
1091,syn_001091.png,images/syn_001091.png,45°±30',45°,+30',-30',angle_dms_tol,False,False,-14.52
1092,syn_001092.png,images/syn_001092.png,Ø24.50 +0.02/0,Ø24.50,+0.02,0,stacked_normal,False,False,-0.22
1093,syn_001093.png,images/syn_001093.png,27.796 +0.005/0,27.796,+0.005,0,stacked_normal,False,False,-0.21
1094,syn_001094.png,images/syn_001094.png,90°±1°,90°,+1°,-1°,angle_dms_tol,False,False,-31.5
1095,syn_001095.png,images/syn_001095.png,11.89 +0.05/-0.005,11.89,+0.05,-0.005,stacked_fraction,True,False,-0.26
1096,syn_001096.png,images/syn_001096.png,Ø91.807±0.02,Ø91.807,+0.02,-0.02,symmetric_tight,False,False,0.5
1097,syn_001097.png,images/syn_001097.png,12.50 -0.003/-0.005,12.50,-0.003,-0.005,stacked_normal,False,False,0.23
1098,syn_001098.png,images/syn_001098.png,R0.25MIN,R0.25MIN,,,simple_radius_corner,False,False,-0.57
1099,syn_001099.png,images/syn_001099.png,Ø50 +0.05/-0.03,Ø50,+0.05,-0.03,stacked_fraction,True,False,-0.55
1100,syn_001100.png,images/syn_001100.png,Ø33.613 +0.015/0,Ø33.613,+0.015,0,stacked_fraction,True,False,-0.06
1101,syn_001101.png,images/syn_001101.png,R10.50±0.025,R10.50,+0.025,-0.025,symmetric_tight,False,False,0.43
1102,syn_001102.png,images/syn_001102.png,0.523°,0.523°,,,angle_decimal_deg,False,False,46.49
1103,syn_001103.png,images/syn_001103.png,"5° 48' 17""","5° 48' 17""",,,angle_dms_full,False,False,0.16
1104,syn_001104.png,images/syn_001104.png,Ø15.80 +0.05/-0.03,Ø15.80,+0.05,-0.03,stacked_fraction,True,False,-3.71
1105,syn_001105.png,images/syn_001105.png,Ø12.155 +0.003/0,Ø12.155,+0.003,0,stacked_fraction,True,False,0.41
1106,syn_001106.png,images/syn_001106.png,R3 MIN,R3 MIN,,,simple_radius_corner,False,False,28.96
1107,syn_001107.png,images/syn_001107.png,50.00 +0.02/0,50.00,+0.02,0,stacked_fraction,True,False,-0.03
1108,syn_001108.png,images/syn_001108.png,4X M6,4X M6,,,simple_thread_qty,False,False,0.14
1109,syn_001109.png,images/syn_001109.png,15.80 +0.002/0,15.80,+0.002,0,stacked_normal,False,False,0.55
1110,syn_001110.png,images/syn_001110.png,0.941±0.1,0.941,+0.1,-0.1,symmetric_tight,False,False,0.57
1111,syn_001111.png,images/syn_001111.png,0.941 +0.005/0,0.941,+0.005,0,stacked_fraction,True,False,-0.72
1112,syn_001112.png,images/syn_001112.png,C1.0,C1.0,,,simple_chamfer,False,False,0.05
1113,syn_001113.png,images/syn_001113.png,Ø15.80 +0.01/0,Ø15.80,+0.01,0,stacked_normal,False,False,-0.32
1114,syn_001114.png,images/syn_001114.png,Ø0.2820 +0.003/0,Ø0.2820,+0.003,0,stacked_normal,False,False,-0.28
1115,syn_001115.png,images/syn_001115.png,Ø26.197 +0.005/0,Ø26.197,+0.005,0,stacked_normal,False,False,-0.23
1116,syn_001116.png,images/syn_001116.png,1.571°,1.571°,,,angle_decimal_deg,False,False,44.8
1117,syn_001117.png,images/syn_001117.png,57.63±0.02,57.63,+0.02,-0.02,symmetric_tight,False,False,0.5
1118,syn_001118.png,images/syn_001118.png,4X Ø6.5,4X Ø6.5,,,simple_thread_qty,False,False,-0.5
1119,syn_001119.png,images/syn_001119.png,12.150 +0.005/-0.02,12.150,+0.005,-0.02,stacked_fraction,True,False,-0.42
1120,syn_001120.png,images/syn_001120.png,5°28',5°28',,,angle_dms_min,False,False,-60.64
1121,syn_001121.png,images/syn_001121.png,57.63 +0.007/+0.005,57.63,+0.007,+0.005,stacked_normal,False,False,0.41
1122,syn_001122.png,images/syn_001122.png,"75°58'32""","75°58'32""",,,angle_dms_full,False,False,0.13
1123,syn_001123.png,images/syn_001123.png,90.5°,90.5°,,,angle_decimal_deg,False,False,-0.76
1124,syn_001124.png,images/syn_001124.png,35.726 +0.005/0,35.726,+0.005,0,stacked_normal,False,False,-0.76
1125,syn_001125.png,images/syn_001125.png,Ø12 +0.02/0,Ø12,+0.02,0,stacked_fraction,True,False,-0.04
1126,syn_001126.png,images/syn_001126.png,Ø73.65±0.015,Ø73.65,+0.015,-0.015,symmetric_tight,False,False,0.68
1127,syn_001127.png,images/syn_001127.png,Ø15.80 -0.001/-0.006,Ø15.80,-0.001,-0.006,stacked_fraction,True,False,0.38
1128,syn_001128.png,images/syn_001128.png,R72.580 +0.005/0,R72.580,+0.005,0,stacked_normal,False,False,-0.73
1129,syn_001129.png,images/syn_001129.png,Ø4.026 +0.05/0,Ø4.026,+0.05,0,stacked_fraction,True,False,0.72
1130,syn_001130.png,images/syn_001130.png,24.50 +0.007/+0.005,24.50,+0.007,+0.005,stacked_normal,False,False,-0.09
1131,syn_001131.png,images/syn_001131.png,R15 +0.05/-0.01,R15,+0.05,-0.01,stacked_normal,False,False,-0.33
1132,syn_001132.png,images/syn_001132.png,56.003 +0.01/0,56.003,+0.01,0,stacked_fraction,True,False,0.74
1133,syn_001133.png,images/syn_001133.png,Ø5.04 +0.005/0,Ø5.04,+0.005,0,stacked_fraction,True,False,0.33
1134,syn_001134.png,images/syn_001134.png,67.466 0/-0.015,67.466,0,-0.015,stacked_fraction,True,False,-0.51
1135,syn_001135.png,images/syn_001135.png,C73.65±0.005,C73.65,+0.005,-0.005,symmetric_tight,False,False,-0.23
1136,syn_001136.png,images/syn_001136.png,0.008±0.01,0.008,+0.01,-0.01,symmetric_tight,False,False,0.59
1137,syn_001137.png,images/syn_001137.png,Ø11.89 +0.015/0,Ø11.89,+0.015,0,stacked_normal,False,False,-0.1
1138,syn_001138.png,images/syn_001138.png,55.589 -0.001/-0.004,55.589,-0.001,-0.004,stacked_fraction,True,False,-0.5
1139,syn_001139.png,images/syn_001139.png,15°5',15°5',,,angle_dms_min,False,False,-45.47
1140,syn_001140.png,images/syn_001140.png,C5 +0.005/0,C5,+0.005,0,stacked_normal,False,False,-5.71
1141,syn_001141.png,images/syn_001141.png,12.5°,12.5°,,,angle_decimal_deg,False,False,0.21
1142,syn_001142.png,images/syn_001142.png,35.726±0.002,35.726,+0.002,-0.002,symmetric_tight,False,False,-0.18
1143,syn_001143.png,images/syn_001143.png,R24.50 -0.003/-0.008,R24.50,-0.003,-0.008,stacked_normal,False,False,-0.57
1144,syn_001144.png,images/syn_001144.png,C2.0,C2.0,,,simple_chamfer,False,False,0.5
1145,syn_001145.png,images/syn_001145.png,30 0/-0.01,30,0,-0.01,stacked_fraction,True,False,0.05
1146,syn_001146.png,images/syn_001146.png,M0.290 0/-0.02,M0.290,0,-0.02,stacked_normal,False,False,-0.72
1147,syn_001147.png,images/syn_001147.png,M0.25 +0.01/0,M0.25,+0.01,0,stacked_normal,False,False,0.38
1148,syn_001148.png,images/syn_001148.png,"75°40'22""","75°40'22""",,,angle_dms_full,False,False,-0.02
1149,syn_001149.png,images/syn_001149.png,C0.15,C0.15,,,simple_chamfer,False,False,13.84
1150,syn_001150.png,images/syn_001150.png,"15°24'18""","15°24'18""",,,angle_dms_full,False,False,45.77
1151,syn_001151.png,images/syn_001151.png,28.65°,28.65°,,,angle_decimal_deg,False,False,-0.79
1152,syn_001152.png,images/syn_001152.png,R1.5 MAX,R1.5 MAX,,,simple_radius_corner,False,False,15.34
1153,syn_001153.png,images/syn_001153.png,90°±0.5°,90°,+0.5°,-0.5°,angle_dms_tol,False,False,-14.11
1154,syn_001154.png,images/syn_001154.png,M8,M8,,,simple_thread_qty,False,False,0.1
1155,syn_001155.png,images/syn_001155.png,0.4502 0/-0.05,0.4502,0,-0.05,stacked_normal,False,False,-0.28
1156,syn_001156.png,images/syn_001156.png,Ø5.04 +0.004/+0.001,Ø5.04,+0.004,+0.001,stacked_fraction,True,False,0.34
1157,syn_001157.png,images/syn_001157.png,Ø0.25 +0.05/0,Ø0.25,+0.05,0,stacked_normal,False,False,-0.74
1158,syn_001158.png,images/syn_001158.png,R0.25MIN,R0.25MIN,,,simple_radius_corner,False,False,0.64
1159,syn_001159.png,images/syn_001159.png,0.523°,0.523°,,,angle_decimal_deg,False,False,0.19
1160,syn_001160.png,images/syn_001160.png,Ø0.4501 +0.05/-0.002,Ø0.4501,+0.05,-0.002,stacked_normal,False,False,-0.32
1161,syn_001161.png,images/syn_001161.png,M68.437 +0.05/0,M68.437,+0.05,0,stacked_fraction,True,False,0.17
1162,syn_001162.png,images/syn_001162.png,R12.50 +0.003/0,R12.50,+0.003,0,stacked_fraction,True,False,2.11
1163,syn_001163.png,images/syn_001163.png,4.026±0.002,4.026,+0.002,-0.002,symmetric_tight,False,False,-0.18
1164,syn_001164.png,images/syn_001164.png,73.65 +0.01/+0.005,73.65,+0.01,+0.005,stacked_normal,False,False,-0.34
1165,syn_001165.png,images/syn_001165.png,Ø30 -0.001/-0.006,Ø30,-0.001,-0.006,stacked_normal,False,False,5.01
1166,syn_001166.png,images/syn_001166.png,Ø12.155 0/-0.003,Ø12.155,0,-0.003,stacked_fraction,True,False,0.65
1167,syn_001167.png,images/syn_001167.png,73.65±0.1,73.65,+0.1,-0.1,symmetric_tight,False,False,0.21
1168,syn_001168.png,images/syn_001168.png,Ø4.026 +0.006/+0.001,Ø4.026,+0.006,+0.001,stacked_normal,False,False,3.8
1169,syn_001169.png,images/syn_001169.png,75.934 +0.02/-0.002,75.934,+0.02,-0.002,stacked_normal,False,False,0.63
1170,syn_001170.png,images/syn_001170.png,Ø30,Ø30,,,simple_diameter,False,False,-0.11
1171,syn_001171.png,images/syn_001171.png,12.160,12.160,,,simple_boxed_ref,False,True,0.2
1172,syn_001172.png,images/syn_001172.png,4X Ø6.5,4X Ø6.5,,,simple_thread_qty,False,False,-0.38
1173,syn_001173.png,images/syn_001173.png,80.018 0/-0.05,80.018,0,-0.05,stacked_normal,False,False,-0.56
1174,syn_001174.png,images/syn_001174.png,60°±15',60°,+15',-15',angle_dms_tol,False,False,-0.75
1175,syn_001175.png,images/syn_001175.png,M60 -0.005/-0.01,M60,-0.005,-0.01,stacked_fraction,True,False,0.74
1176,syn_001176.png,images/syn_001176.png,0.2636 0/-0.05,0.2636,0,-0.05,stacked_normal,False,False,0.31
1177,syn_001177.png,images/syn_001177.png,Ø12.150 0/-0.05,Ø12.150,0,-0.05,stacked_normal,False,False,-0.58
1178,syn_001178.png,images/syn_001178.png,Ø12.150 -0.01/-0.015,Ø12.150,-0.01,-0.015,stacked_fraction,True,False,0.62
1179,syn_001179.png,images/syn_001179.png,120°33',120°33',,,angle_dms_min,False,False,-0.79
1180,syn_001180.png,images/syn_001180.png,12.150±0.005,12.150,+0.005,-0.005,symmetric_tight,False,False,-0.39
1181,syn_001181.png,images/syn_001181.png,4.04 +0.008/+0.005,4.04,+0.008,+0.005,stacked_fraction,True,False,-0.05
1182,syn_001182.png,images/syn_001182.png,3.032±0.1,3.032,+0.1,-0.1,symmetric_tight,False,False,0.03
1183,syn_001183.png,images/syn_001183.png,Ø11.89 +0.015/-0.005,Ø11.89,+0.015,-0.005,stacked_fraction,True,False,0.59
1184,syn_001184.png,images/syn_001184.png,1.5,1.5,,,simple_nominal_plain,False,False,0.75
1185,syn_001185.png,images/syn_001185.png,1.998 -0.002/-0.004,1.998,-0.002,-0.004,stacked_fraction,True,False,-3.59
1186,syn_001186.png,images/syn_001186.png,Ø30,Ø30,,,simple_diameter,False,False,0.3
1187,syn_001187.png,images/syn_001187.png,2.75 +0.02/-0.01,2.75,+0.02,-0.01,stacked_normal,False,False,0.53
1188,syn_001188.png,images/syn_001188.png,Ø12.50±0.005,Ø12.50,+0.005,-0.005,symmetric_tight,False,False,-0.73
1189,syn_001189.png,images/syn_001189.png,1.047°,1.047°,,,angle_decimal_deg,False,False,-31.14
1190,syn_001190.png,images/syn_001190.png,23.473 +0.05/-0.03,23.473,+0.05,-0.03,stacked_fraction,True,False,0.11
1191,syn_001191.png,images/syn_001191.png,0.4130±0.01,0.4130,+0.01,-0.01,symmetric_tight,False,False,-0.77
1192,syn_001192.png,images/syn_001192.png,Ø14.941±0.02,Ø14.941,+0.02,-0.02,symmetric_tight,False,False,0.68
1193,syn_001193.png,images/syn_001193.png,50.00 0/-0.02,50.00,0,-0.02,stacked_normal,False,False,-3.63
1194,syn_001194.png,images/syn_001194.png,Ø0.2034 0/-0.015,Ø0.2034,0,-0.015,stacked_normal,False,False,0.28
1195,syn_001195.png,images/syn_001195.png,(0.25),(0.25),,,simple_boxed_ref,False,False,0.77
1196,syn_001196.png,images/syn_001196.png,180°,180°,,,simple_angle_simple,False,False,44.79
1197,syn_001197.png,images/syn_001197.png,Ø0.3253 0/-0.008,Ø0.3253,0,-0.008,stacked_normal,False,False,0.65
1198,syn_001198.png,images/syn_001198.png,1.571°,1.571°,,,angle_decimal_deg,False,False,45.5
1199,syn_001199.png,images/syn_001199.png,Ø0.3232 +0.01/0,Ø0.3232,+0.01,0,stacked_fraction,True,False,-0.57
1200,syn_001200.png,images/syn_001200.png,9.137 0/-0.02,9.137,0,-0.02,stacked_fraction,True,False,0.7
1201,syn_001201.png,images/syn_001201.png,"25°34'53""","25°34'53""",,,angle_dms_full,False,False,14.71
1202,syn_001202.png,images/syn_001202.png,14.268 +0.015/0,14.268,+0.015,0,stacked_normal,False,False,-0.75
1203,syn_001203.png,images/syn_001203.png,2.711 -0.003/-0.006,2.711,-0.003,-0.006,stacked_normal,False,False,0.35
1204,syn_001204.png,images/syn_001204.png,0.0851 -0.001/-0.006,0.0851,-0.001,-0.006,stacked_normal,False,False,-0.06
1205,syn_001205.png,images/syn_001205.png,60°55',60°55',,,angle_dms_min,False,False,-0.03
1206,syn_001206.png,images/syn_001206.png,57.63 0/-0.015,57.63,0,-0.015,stacked_fraction,True,False,0.43
1207,syn_001207.png,images/syn_001207.png,45°±0.5°,45°,+0.5°,-0.5°,angle_dms_tol,False,False,-60.76
1208,syn_001208.png,images/syn_001208.png,R0.2 MIN,R0.2 MIN,,,simple_radius_corner,False,False,-0.77
1209,syn_001209.png,images/syn_001209.png,R28.390 +0.013/+0.01,R28.390,+0.013,+0.01,stacked_normal,False,False,0.07
1210,syn_001210.png,images/syn_001210.png,67.267 +0.01/-0.005,67.267,+0.01,-0.005,stacked_normal,False,False,0.51
1211,syn_001211.png,images/syn_001211.png,M6,M6,,,simple_thread_qty,False,False,0.75
1212,syn_001212.png,images/syn_001212.png,2.75 +0.02/-0.01,2.75,+0.02,-0.01,stacked_normal,False,False,0.26
1213,syn_001213.png,images/syn_001213.png,R0.03 MAX,R0.03 MAX,,,simple_radius_corner,False,False,0.65
1214,syn_001214.png,images/syn_001214.png,0°43',0°43',,,angle_dms_min,False,False,30.35
1215,syn_001215.png,images/syn_001215.png,0.941 +0.013/+0.01,0.941,+0.013,+0.01,stacked_normal,False,False,-0.55
1216,syn_001216.png,images/syn_001216.png,0°38',0°38',,,angle_dms_min,False,False,0.67
1217,syn_001217.png,images/syn_001217.png,R4.026 +0.002/0,R4.026,+0.002,0,stacked_fraction,True,False,2.08
1218,syn_001218.png,images/syn_001218.png,Ø7.525±0.01,Ø7.525,+0.01,-0.01,symmetric_tight,False,False,0.32
1219,syn_001219.png,images/syn_001219.png,0.2923 0/-0.02,0.2923,0,-0.02,stacked_fraction,True,False,0.24
1220,syn_001220.png,images/syn_001220.png,R64.533 -0.005/-0.01,R64.533,-0.005,-0.01,stacked_fraction,True,False,-2.83
1221,syn_001221.png,images/syn_001221.png,C0.1700 +0.005/0,C0.1700,+0.005,0,stacked_fraction,True,False,-0.44
1222,syn_001222.png,images/syn_001222.png,Ø5.04±0.015,Ø5.04,+0.015,-0.015,symmetric_tight,False,False,-0.12
1223,syn_001223.png,images/syn_001223.png,Ø24.50±0.01,Ø24.50,+0.01,-0.01,symmetric_tight,False,False,4.38
1224,syn_001224.png,images/syn_001224.png,20.819 0/-0.003,20.819,0,-0.003,stacked_normal,False,False,0.15
1225,syn_001225.png,images/syn_001225.png,M13.036±0.05,M13.036,+0.05,-0.05,symmetric_tight,False,False,0.11
1226,syn_001226.png,images/syn_001226.png,Ø0.2710±0.05,Ø0.2710,+0.05,-0.05,symmetric_tight,False,False,0.79
1227,syn_001227.png,images/syn_001227.png,68.075 0/-0.03,68.075,0,-0.03,stacked_fraction,True,False,-0.34
1228,syn_001228.png,images/syn_001228.png,16.350 +0.02/-0.005,16.350,+0.02,-0.005,stacked_normal,False,False,2.53
1229,syn_001229.png,images/syn_001229.png,R0.03 MAX,R0.03 MAX,,,simple_radius_corner,False,False,-0.5
1230,syn_001230.png,images/syn_001230.png,0.652 0/-0.002,0.652,0,-0.002,stacked_normal,False,False,-0.26
1231,syn_001231.png,images/syn_001231.png,"0°8'50""","0°8'50""",,,angle_dms_full,False,False,44.03
1232,syn_001232.png,images/syn_001232.png,R0.25MAX,R0.25MAX,,,simple_radius_corner,False,False,-29.8
1233,syn_001233.png,images/syn_001233.png,Ø0.1341 -0.002/-0.004,Ø0.1341,-0.002,-0.004,stacked_fraction,True,False,0.32
1234,syn_001234.png,images/syn_001234.png,R0.25MIN,R0.25MIN,,,simple_radius_corner,False,False,0.68
1235,syn_001235.png,images/syn_001235.png,"30° 36' 29""","30° 36' 29""",,,angle_dms_full,False,False,-0.51
1236,syn_001236.png,images/syn_001236.png,C24.50 +0.012/+0.01,C24.50,+0.012,+0.01,stacked_normal,False,False,-0.74
1237,syn_001237.png,images/syn_001237.png,35.726 +0.02/0,35.726,+0.02,0,stacked_normal,False,False,0.38
1238,syn_001238.png,images/syn_001238.png,Ø24.5,Ø24.5,,,simple_diameter,False,False,0.19
1239,syn_001239.png,images/syn_001239.png,"90°46'57""","90°46'57""",,,angle_dms_full,False,False,-45.94
1240,syn_001240.png,images/syn_001240.png,R0.2 MAX,R0.2 MAX,,,simple_radius_corner,False,False,0.43
1241,syn_001241.png,images/syn_001241.png,0.3684 -0.002/-0.005,0.3684,-0.002,-0.005,stacked_normal,False,False,-0.77
1242,syn_001242.png,images/syn_001242.png,12.160 0/-0.02,12.160,0,-0.02,stacked_fraction,True,False,0.62
1243,syn_001243.png,images/syn_001243.png,5°20',5°20',,,angle_dms_min,False,False,-0.0
1244,syn_001244.png,images/syn_001244.png,12.150 0/-0.008,12.150,0,-0.008,stacked_normal,False,False,0.56
1245,syn_001245.png,images/syn_001245.png,0.941±0.015,0.941,+0.015,-0.015,symmetric_tight,False,False,-0.19
1246,syn_001246.png,images/syn_001246.png,5°34',5°34',,,angle_dms_min,False,False,-13.84
1247,syn_001247.png,images/syn_001247.png,R24.50 +0.01/0,R24.50,+0.01,0,stacked_normal,False,False,1.26
1248,syn_001248.png,images/syn_001248.png,45°±1°,45°,+1°,-1°,angle_dms_tol,False,False,31.04
1249,syn_001249.png,images/syn_001249.png,50.324 0/-0.003,50.324,0,-0.003,stacked_normal,False,False,0.37
1250,syn_001250.png,images/syn_001250.png,20,20,,,simple_nominal_plain,False,False,-0.1
1251,syn_001251.png,images/syn_001251.png,R16.350 +0.01/0,R16.350,+0.01,0,stacked_fraction,True,False,-0.39
1252,syn_001252.png,images/syn_001252.png,87.834±0.01,87.834,+0.01,-0.01,symmetric_tight,False,False,0.47
1253,syn_001253.png,images/syn_001253.png,4.026 -0.005/-0.01,4.026,-0.005,-0.01,stacked_fraction,True,False,-0.31
1254,syn_001254.png,images/syn_001254.png,C0.2,C0.2,,,simple_chamfer,False,False,29.63
1255,syn_001255.png,images/syn_001255.png,12.50±0.015,12.50,+0.015,-0.015,symmetric_tight,False,False,0.21
1256,syn_001256.png,images/syn_001256.png,C0.5,C0.5,,,simple_chamfer,False,False,-59.73
1257,syn_001257.png,images/syn_001257.png,180°,180°,,,simple_angle_simple,False,False,-60.1
1258,syn_001258.png,images/syn_001258.png,11.89 0/-0.01,11.89,0,-0.01,stacked_normal,False,False,-0.16
1259,syn_001259.png,images/syn_001259.png,R5.04±0.015,R5.04,+0.015,-0.015,symmetric_tight,False,False,-0.27
1260,syn_001260.png,images/syn_001260.png,R0.12,R0.12,,,simple_radius_corner,False,False,0.05
1261,syn_001261.png,images/syn_001261.png,Ø4.026±0.002,Ø4.026,+0.002,-0.002,symmetric_tight,False,False,2.81
1262,syn_001262.png,images/syn_001262.png,57.63 -0.005/-0.008,57.63,-0.005,-0.008,stacked_fraction,True,False,-0.05
1263,syn_001263.png,images/syn_001263.png,Ø10.50 +0.02/-0.03,Ø10.50,+0.02,-0.03,stacked_fraction,True,False,-0.44
1264,syn_001264.png,images/syn_001264.png,12°42',12°42',,,angle_dms_min,False,False,-0.41
1265,syn_001265.png,images/syn_001265.png,0.0174 +0.015/-0.03,0.0174,+0.015,-0.03,stacked_normal,False,False,0.11
1266,syn_001266.png,images/syn_001266.png,1.047°,1.047°,,,angle_decimal_deg,False,False,15.21
1267,syn_001267.png,images/syn_001267.png,C50.00 +0.03/0,C50.00,+0.03,0,stacked_fraction,True,False,0.67
1268,syn_001268.png,images/syn_001268.png,0.652 +0.015/-0.01,0.652,+0.015,-0.01,stacked_normal,False,False,-5.71
1269,syn_001269.png,images/syn_001269.png,"2°47'13""","2°47'13""",,,angle_dms_full,False,False,15.08
1270,syn_001270.png,images/syn_001270.png,Ø58.669 +0.01/-0.01,Ø58.669,+0.01,-0.01,stacked_fraction,True,False,-0.23
1271,syn_001271.png,images/syn_001271.png,1.047°,1.047°,,,angle_decimal_deg,False,False,-43.99
1272,syn_001272.png,images/syn_001272.png,0.1679 +0.02/-0.005,0.1679,+0.02,-0.005,stacked_normal,False,False,-0.51
1273,syn_001273.png,images/syn_001273.png,56.003 0/-0.015,56.003,0,-0.015,stacked_normal,False,False,0.55
1274,syn_001274.png,images/syn_001274.png,2.75 +0.03/0,2.75,+0.03,0,stacked_normal,False,False,-0.54
1275,syn_001275.png,images/syn_001275.png,45.628 +0.03/0,45.628,+0.03,0,stacked_fraction,True,False,-0.27
1276,syn_001276.png,images/syn_001276.png,30.247 +0.02/-0.01,30.247,+0.02,-0.01,stacked_normal,False,False,0.74
1277,syn_001277.png,images/syn_001277.png,5.04 +0.002/0,5.04,+0.002,0,stacked_normal,False,False,0.2
1278,syn_001278.png,images/syn_001278.png,0.1654 0/-0.03,0.1654,0,-0.03,stacked_fraction,True,False,0.07
1279,syn_001279.png,images/syn_001279.png,"2° 23' 3""","2° 23' 3""",,,angle_dms_full,False,False,-58.69
1280,syn_001280.png,images/syn_001280.png,0.0400 +0.05/0,0.0400,+0.05,0,stacked_fraction,True,False,-0.04
1281,syn_001281.png,images/syn_001281.png,Ø6,Ø6,,,simple_diameter,False,False,0.31
1282,syn_001282.png,images/syn_001282.png,R0.2 MIN,R0.2 MIN,,,simple_radius_corner,False,False,-43.58
1283,syn_001283.png,images/syn_001283.png,R3.032 0/-0.005,R3.032,0,-0.005,stacked_normal,False,False,0.1
1284,syn_001284.png,images/syn_001284.png,C0.941 +0.002/0,C0.941,+0.002,0,stacked_normal,False,False,0.79
1285,syn_001285.png,images/syn_001285.png,Ø16,Ø16,,,simple_diameter,False,False,0.52
1286,syn_001286.png,images/syn_001286.png,Ø8,Ø8,,,simple_diameter,False,False,0.75
1287,syn_001287.png,images/syn_001287.png,24.746 -0.001/-0.006,24.746,-0.001,-0.006,stacked_normal,False,False,0.66
1288,syn_001288.png,images/syn_001288.png,Ø0.1378 +0.002/0,Ø0.1378,+0.002,0,stacked_normal,False,False,0.49
1289,syn_001289.png,images/syn_001289.png,0.25 TYP,0.25 TYP,,,simple_boxed_ref,False,False,-0.4
1290,syn_001290.png,images/syn_001290.png,Ø15.80 -0.001/-0.004,Ø15.80,-0.001,-0.004,stacked_normal,False,False,0.11
1291,syn_001291.png,images/syn_001291.png,0.785°,0.785°,,,angle_decimal_deg,False,False,28.99
1292,syn_001292.png,images/syn_001292.png,17.014 +0.01/+0.005,17.014,+0.01,+0.005,stacked_fraction,True,False,-0.49
1293,syn_001293.png,images/syn_001293.png,0.25±0.005,0.25,+0.005,-0.005,symmetric_tight,False,False,0.37
1294,syn_001294.png,images/syn_001294.png,10.50±0.025,10.50,+0.025,-0.025,symmetric_tight,False,False,2.42
1295,syn_001295.png,images/syn_001295.png,0.2227 -0.01/-0.015,0.2227,-0.01,-0.015,stacked_normal,False,False,0.49
1296,syn_001296.png,images/syn_001296.png,"15°50'22""","15°50'22""",,,angle_dms_full,False,False,0.03
1297,syn_001297.png,images/syn_001297.png,Ø2.75 -0.01/-0.013,Ø2.75,-0.01,-0.013,stacked_normal,False,False,0.75
1298,syn_001298.png,images/syn_001298.png,C70.207 +0.004/+0.001,C70.207,+0.004,+0.001,stacked_normal,False,False,-0.07
1299,syn_001299.png,images/syn_001299.png,50.324±0.005,50.324,+0.005,-0.005,symmetric_tight,False,False,0.55
1300,syn_001300.png,images/syn_001300.png,R78.547 -0.005/-0.01,R78.547,-0.005,-0.01,stacked_normal,False,False,0.51
1301,syn_001301.png,images/syn_001301.png,26.811 0/-0.015,26.811,0,-0.015,stacked_normal,False,False,-5.48
1302,syn_001302.png,images/syn_001302.png,82.819 +0.004/+0.002,82.819,+0.004,+0.002,stacked_normal,False,False,0.02
1303,syn_001303.png,images/syn_001303.png,15°±10',15°,+10',-10',angle_dms_tol,False,False,-15.25
1304,syn_001304.png,images/syn_001304.png,0.941 -0.003/-0.008,0.941,-0.003,-0.008,stacked_fraction,True,False,0.47
1305,syn_001305.png,images/syn_001305.png,"15° 59' 18""","15° 59' 18""",,,angle_dms_full,False,False,14.77
1306,syn_001306.png,images/syn_001306.png,R44.848 0/-0.005,R44.848,0,-0.005,stacked_fraction,True,False,0.03
1307,syn_001307.png,images/syn_001307.png,M14.941 +0.02/0,M14.941,+0.02,0,stacked_fraction,True,False,2.11
1308,syn_001308.png,images/syn_001308.png,51.517 -0.005/-0.008,51.517,-0.005,-0.008,stacked_normal,False,False,4.37
1309,syn_001309.png,images/syn_001309.png,M56.003 +0.008/+0.005,M56.003,+0.008,+0.005,stacked_fraction,True,False,-0.41
1310,syn_001310.png,images/syn_001310.png,0.290 -0.01/-0.013,0.290,-0.01,-0.013,stacked_fraction,True,False,0.36
1311,syn_001311.png,images/syn_001311.png,2X Ø5,2X Ø5,,,simple_thread_qty,False,False,0.28
1312,syn_001312.png,images/syn_001312.png,R0.008 +0.007/+0.002,R0.008,+0.007,+0.002,stacked_normal,False,False,-0.28
1313,syn_001313.png,images/syn_001313.png,45.5°,45.5°,,,angle_decimal_deg,False,False,0.34
1314,syn_001314.png,images/syn_001314.png,15.8,15.8,,,simple_nominal_plain,False,False,-0.57
1315,syn_001315.png,images/syn_001315.png,2.75 +0.008/+0.005,2.75,+0.008,+0.005,stacked_normal,False,False,0.55
1316,syn_001316.png,images/syn_001316.png,Ø43.601 0/-0.02,Ø43.601,0,-0.02,stacked_normal,False,False,0.09
1317,syn_001317.png,images/syn_001317.png,12.50 +0.004/+0.001,12.50,+0.004,+0.001,stacked_normal,False,False,0.03
1318,syn_001318.png,images/syn_001318.png,60 -0.003/-0.008,60,-0.003,-0.008,stacked_normal,False,False,-1.25
1319,syn_001319.png,images/syn_001319.png,23.363,23.363,,,simple_nominal_plain,False,False,0.22
1320,syn_001320.png,images/syn_001320.png,57.63 0/-0.002,57.63,0,-0.002,stacked_fraction,True,False,-0.61
1321,syn_001321.png,images/syn_001321.png,R11.140±0.015,R11.140,+0.015,-0.015,symmetric_tight,False,False,0.68
1322,syn_001322.png,images/syn_001322.png,M8,M8,,,simple_thread_qty,False,False,-0.46
1323,syn_001323.png,images/syn_001323.png,Ø0.290 +0.002/0,Ø0.290,+0.002,0,stacked_fraction,True,False,-0.46
1324,syn_001324.png,images/syn_001324.png,Ø25.4,Ø25.4,,,simple_diameter,False,False,0.75
1325,syn_001325.png,images/syn_001325.png,41.156 -0.001/-0.003,41.156,-0.001,-0.003,stacked_normal,False,False,0.79
1326,syn_001326.png,images/syn_001326.png,Ø89.313±0.05,Ø89.313,+0.05,-0.05,symmetric_tight,False,False,-0.34
1327,syn_001327.png,images/syn_001327.png,Ø14.941 +0.015/-0.002,Ø14.941,+0.015,-0.002,stacked_normal,False,False,-4.07
1328,syn_001328.png,images/syn_001328.png,R17.326 +0.005/0,R17.326,+0.005,0,stacked_fraction,True,False,-0.02
1329,syn_001329.png,images/syn_001329.png,C12.160 +0.01/-0.005,C12.160,+0.01,-0.005,stacked_normal,False,False,-0.33
1330,syn_001330.png,images/syn_001330.png,57.63 +0.015/0,57.63,+0.015,0,stacked_fraction,True,False,2.14
1331,syn_001331.png,images/syn_001331.png,Ø11.89 +0.002/0,Ø11.89,+0.002,0,stacked_normal,False,False,-0.48
1332,syn_001332.png,images/syn_001332.png,68.425 0/-0.008,68.425,0,-0.008,stacked_normal,False,False,-0.3
1333,syn_001333.png,images/syn_001333.png,Ø2.647 +0.003/0,Ø2.647,+0.003,0,stacked_fraction,True,False,-0.04
1334,syn_001334.png,images/syn_001334.png,54.881 +0.01/-0.01,54.881,+0.01,-0.01,stacked_normal,False,False,0.76
1335,syn_001335.png,images/syn_001335.png,73.499 -0.005/-0.007,73.499,-0.005,-0.007,stacked_normal,False,False,0.78
1336,syn_001336.png,images/syn_001336.png,Ø50.00 +0.008/+0.005,Ø50.00,+0.008,+0.005,stacked_fraction,True,False,-0.64
1337,syn_001337.png,images/syn_001337.png,R12.50 0/-0.05,R12.50,0,-0.05,stacked_normal,False,False,-0.71
1338,syn_001338.png,images/syn_001338.png,Ø40.090 +0.05/0,Ø40.090,+0.05,0,stacked_normal,False,False,0.24
1339,syn_001339.png,images/syn_001339.png,Ø4.04 0/-0.015,Ø4.04,0,-0.015,stacked_normal,False,False,-5.46
1340,syn_001340.png,images/syn_001340.png,Ø16 0/-0.003,Ø16,0,-0.003,stacked_normal,False,False,0.21
1341,syn_001341.png,images/syn_001341.png,Ø26.197±0.002,Ø26.197,+0.002,-0.002,symmetric_tight,False,False,-0.7
1342,syn_001342.png,images/syn_001342.png,12.50 0/-0.002,12.50,0,-0.002,stacked_normal,False,False,-0.28
1343,syn_001343.png,images/syn_001343.png,30.334±0.025,30.334,+0.025,-0.025,symmetric_tight,False,False,-0.48
1344,syn_001344.png,images/syn_001344.png,2.160 +0.01/0,2.160,+0.01,0,stacked_fraction,True,False,-0.69
1345,syn_001345.png,images/syn_001345.png,R0.05 MIN,R0.05 MIN,,,simple_radius_corner,False,False,0.26
1346,syn_001346.png,images/syn_001346.png,90°±10',90°,+10',-10',angle_dms_tol,False,False,-0.18
1347,syn_001347.png,images/syn_001347.png,"1°24'37""","1°24'37""",,,angle_dms_full,False,False,0.51
1348,syn_001348.png,images/syn_001348.png,67.501±0.015,67.501,+0.015,-0.015,symmetric_tight,False,False,-0.59
1349,syn_001349.png,images/syn_001349.png,70.320 +0.03/0,70.320,+0.03,0,stacked_fraction,True,False,-0.2
1350,syn_001350.png,images/syn_001350.png,73.65 -0.002/-0.004,73.65,-0.002,-0.004,stacked_fraction,True,False,5.68
1351,syn_001351.png,images/syn_001351.png,0.0121 +0.05/0,0.0121,+0.05,0,stacked_normal,False,False,0.6
1352,syn_001352.png,images/syn_001352.png,10.50±0.005,10.50,+0.005,-0.005,symmetric_tight,False,False,-0.42
1353,syn_001353.png,images/syn_001353.png,30°±15',30°,+15',-15',angle_dms_tol,False,False,-0.22
1354,syn_001354.png,images/syn_001354.png,15°34',15°34',,,angle_dms_min,False,False,-0.01
1355,syn_001355.png,images/syn_001355.png,0.052°,0.052°,,,angle_decimal_deg,False,False,-59.85
1356,syn_001356.png,images/syn_001356.png,Ø60.473 -0.005/-0.01,Ø60.473,-0.005,-0.01,stacked_fraction,True,False,0.46
1357,syn_001357.png,images/syn_001357.png,10.50 0/-0.002,10.50,0,-0.002,stacked_fraction,True,False,0.65
1358,syn_001358.png,images/syn_001358.png,C30 0/-0.03,C30,0,-0.03,stacked_fraction,True,False,0.23
1359,syn_001359.png,images/syn_001359.png,50.324 +0.003/0,50.324,+0.003,0,stacked_normal,False,False,0.47
1360,syn_001360.png,images/syn_001360.png,43.689±0.015,43.689,+0.015,-0.015,symmetric_tight,False,False,-0.5
1361,syn_001361.png,images/syn_001361.png,15°±5',15°,+5',-5',angle_dms_tol,False,False,0.3
1362,syn_001362.png,images/syn_001362.png,8.305 +0.002/0,8.305,+0.002,0,stacked_fraction,True,False,0.37
1363,syn_001363.png,images/syn_001363.png,0° 37',0° 37',,,angle_dms_min,False,False,13.79
1364,syn_001364.png,images/syn_001364.png,16.350 +0.005/+0.002,16.350,+0.005,+0.002,stacked_normal,False,False,-2.33
1365,syn_001365.png,images/syn_001365.png,Ø29.591±0.05,Ø29.591,+0.05,-0.05,symmetric_tight,False,False,0.1
1366,syn_001366.png,images/syn_001366.png,41.065 -0.002/-0.004,41.065,-0.002,-0.004,stacked_normal,False,False,-0.39
1367,syn_001367.png,images/syn_001367.png,66.689 0/-0.015,66.689,0,-0.015,stacked_normal,False,False,1.79
1368,syn_001368.png,images/syn_001368.png,56.003±0.005,56.003,+0.005,-0.005,symmetric_tight,False,False,-0.37
1369,syn_001369.png,images/syn_001369.png,67.311 +0.015/0,67.311,+0.015,0,stacked_fraction,True,False,0.16
1370,syn_001370.png,images/syn_001370.png,61.090 +0.002/0,61.090,+0.002,0,stacked_fraction,True,False,-0.41
1371,syn_001371.png,images/syn_001371.png,R2.160 -0.002/-0.005,R2.160,-0.002,-0.005,stacked_normal,False,False,-0.38
1372,syn_001372.png,images/syn_001372.png,Ø24±0.025,Ø24,+0.025,-0.025,symmetric_tight,False,False,0.15
1373,syn_001373.png,images/syn_001373.png,57.63,57.63,,,simple_nominal_plain,False,False,0.62
1374,syn_001374.png,images/syn_001374.png,Ø15.80±0.015,Ø15.80,+0.015,-0.015,symmetric_tight,False,False,-0.59
1375,syn_001375.png,images/syn_001375.png,"90°4'28""","90°4'28""",,,angle_dms_full,False,False,14.09
1376,syn_001376.png,images/syn_001376.png,Ø20,Ø20,,,simple_diameter,False,False,-0.48
1377,syn_001377.png,images/syn_001377.png,0.1141 +0.015/0,0.1141,+0.015,0,stacked_normal,False,False,0.39
1378,syn_001378.png,images/syn_001378.png,60°±10',60°,+10',-10',angle_dms_tol,False,False,59.95
1379,syn_001379.png,images/syn_001379.png,12.155 0/-0.01,12.155,0,-0.01,stacked_fraction,True,False,0.53
1380,syn_001380.png,images/syn_001380.png,23.860 0/-0.002,23.860,0,-0.002,stacked_normal,False,False,-0.35
1381,syn_001381.png,images/syn_001381.png,20 0/-0.005,20,0,-0.005,stacked_normal,False,False,-0.16
1382,syn_001382.png,images/syn_001382.png,33.613 +0.005/0,33.613,+0.005,0,stacked_normal,False,False,-0.06
1383,syn_001383.png,images/syn_001383.png,55.917 +0.015/-0.002,55.917,+0.015,-0.002,stacked_normal,False,False,-0.48
1384,syn_001384.png,images/syn_001384.png,C2.0,C2.0,,,simple_chamfer,False,False,-15.55
1385,syn_001385.png,images/syn_001385.png,0.25 +0.005/0,0.25,+0.005,0,stacked_fraction,True,False,0.68
1386,syn_001386.png,images/syn_001386.png,90°±5',90°,+5',-5',angle_dms_tol,False,False,-28.8
1387,syn_001387.png,images/syn_001387.png,"89° 1' 15""","89° 1' 15""",,,angle_dms_full,False,False,-0.47
1388,syn_001388.png,images/syn_001388.png,Ø40 0/-0.008,Ø40,0,-0.008,stacked_normal,False,False,0.29
1389,syn_001389.png,images/syn_001389.png,21.760±0.005,21.760,+0.005,-0.005,symmetric_tight,False,False,0.16
1390,syn_001390.png,images/syn_001390.png,8±0.025,8,+0.025,-0.025,symmetric_tight,False,False,0.32
1391,syn_001391.png,images/syn_001391.png,16.392±0.005,16.392,+0.005,-0.005,symmetric_tight,False,False,0.63
1392,syn_001392.png,images/syn_001392.png,R12.388±0.005,R12.388,+0.005,-0.005,symmetric_tight,False,False,-0.69
1393,syn_001393.png,images/syn_001393.png,"5°23'36""","5°23'36""",,,angle_dms_full,False,False,-45.16
1394,syn_001394.png,images/syn_001394.png,Ø79.626 +0.007/+0.002,Ø79.626,+0.007,+0.002,stacked_normal,False,False,-0.1
1395,syn_001395.png,images/syn_001395.png,C0.2,C0.2,,,simple_chamfer,False,False,29.48
1396,syn_001396.png,images/syn_001396.png,4.026±0.1,4.026,+0.1,-0.1,symmetric_tight,False,False,-0.13
1397,syn_001397.png,images/syn_001397.png,"89°47'14""","89°47'14""",,,angle_dms_full,False,False,-0.67
1398,syn_001398.png,images/syn_001398.png,56.795 0/-0.003,56.795,0,-0.003,stacked_fraction,True,False,-0.04
1399,syn_001399.png,images/syn_001399.png,Ø25.4,Ø25.4,,,simple_diameter,False,False,-0.26
1400,syn_001400.png,images/syn_001400.png,30°±10',30°,+10',-10',angle_dms_tol,False,False,0.46
1401,syn_001401.png,images/syn_001401.png,84.245 +0.015/0,84.245,+0.015,0,stacked_fraction,True,False,0.21
1402,syn_001402.png,images/syn_001402.png,0.941±0.015,0.941,+0.015,-0.015,symmetric_tight,False,False,-0.16
1403,syn_001403.png,images/syn_001403.png,56.442 +0.003/0,56.442,+0.003,0,stacked_normal,False,False,0.73
1404,syn_001404.png,images/syn_001404.png,C8.308 0/-0.01,C8.308,0,-0.01,stacked_fraction,True,False,-0.1
1405,syn_001405.png,images/syn_001405.png,R17.686±0.005,R17.686,+0.005,-0.005,symmetric_tight,False,False,0.34
1406,syn_001406.png,images/syn_001406.png,"12°56'49""","12°56'49""",,,angle_dms_full,False,False,29.66
1407,syn_001407.png,images/syn_001407.png,Ø77.603 +0.002/0,Ø77.603,+0.002,0,stacked_normal,False,False,-0.08
1408,syn_001408.png,images/syn_001408.png,14.497±0.01,14.497,+0.01,-0.01,symmetric_tight,False,False,0.44
1409,syn_001409.png,images/syn_001409.png,"75°26'16""","75°26'16""",,,angle_dms_full,False,False,0.76
1410,syn_001410.png,images/syn_001410.png,R15.163±0.005,R15.163,+0.005,-0.005,symmetric_tight,False,False,0.5
1411,syn_001411.png,images/syn_001411.png,R0.941±0.002,R0.941,+0.002,-0.002,symmetric_tight,False,False,0.57
1412,syn_001412.png,images/syn_001412.png,Ø4.04±0.002,Ø4.04,+0.002,-0.002,symmetric_tight,False,False,-1.17
1413,syn_001413.png,images/syn_001413.png,4.026 +0.01/+0.005,4.026,+0.01,+0.005,stacked_fraction,True,False,0.27
1414,syn_001414.png,images/syn_001414.png,Ø7.525 +0.005/+0.002,Ø7.525,+0.005,+0.002,stacked_normal,False,False,0.76
1415,syn_001415.png,images/syn_001415.png,"12°39'12""","12°39'12""",,,angle_dms_full,False,False,-0.01
1416,syn_001416.png,images/syn_001416.png,20.348 0/-0.015,20.348,0,-0.015,stacked_normal,False,False,-0.03
1417,syn_001417.png,images/syn_001417.png,56.003 +0.007/+0.005,56.003,+0.007,+0.005,stacked_fraction,True,False,-0.47
1418,syn_001418.png,images/syn_001418.png,Ø28.141±0.002,Ø28.141,+0.002,-0.002,symmetric_tight,False,False,-0.78
1419,syn_001419.png,images/syn_001419.png,Ø12.155,Ø12.155,,,simple_diameter,False,False,-0.01
1420,syn_001420.png,images/syn_001420.png,M4.04 0/-0.003,M4.04,0,-0.003,stacked_fraction,True,False,-0.24
1421,syn_001421.png,images/syn_001421.png,Ø0.4289 0/-0.008,Ø0.4289,0,-0.008,stacked_fraction,True,False,0.27
1422,syn_001422.png,images/syn_001422.png,0.3159 0/-0.005,0.3159,0,-0.005,stacked_normal,False,False,1.01
1423,syn_001423.png,images/syn_001423.png,C0.2,C0.2,,,simple_chamfer,False,False,14.02
1424,syn_001424.png,images/syn_001424.png,"15°22'26""","15°22'26""",,,angle_dms_full,False,False,0.77
1425,syn_001425.png,images/syn_001425.png,"90°36'49""","90°36'49""",,,angle_dms_full,False,False,13.88
1426,syn_001426.png,images/syn_001426.png,45.5°,45.5°,,,angle_decimal_deg,False,False,28.84
1427,syn_001427.png,images/syn_001427.png,12 +0.015/-0.02,12,+0.015,-0.02,stacked_normal,False,False,0.26
1428,syn_001428.png,images/syn_001428.png,5 +0.005/0,5,+0.005,0,stacked_fraction,True,False,0.39
1429,syn_001429.png,images/syn_001429.png,1.998±0.005,1.998,+0.005,-0.005,symmetric_tight,False,False,0.34
1430,syn_001430.png,images/syn_001430.png,"12°40'33""","12°40'33""",,,angle_dms_full,False,False,-13.95
1431,syn_001431.png,images/syn_001431.png,24 +0.03/0,24,+0.03,0,stacked_normal,False,False,-0.14
1432,syn_001432.png,images/syn_001432.png,Ø0.652 -0.003/-0.005,Ø0.652,-0.003,-0.005,stacked_normal,False,False,0.26
1433,syn_001433.png,images/syn_001433.png,84.865 +0.003/0,84.865,+0.003,0,stacked_normal,False,False,0.27
1434,syn_001434.png,images/syn_001434.png,21.243±0.1,21.243,+0.1,-0.1,symmetric_tight,False,False,-0.06
1435,syn_001435.png,images/syn_001435.png,2.546 +0.02/0,2.546,+0.02,0,stacked_normal,False,False,-0.57
1436,syn_001436.png,images/syn_001436.png,Ø85.013 +0.05/0,Ø85.013,+0.05,0,stacked_normal,False,False,0.18
1437,syn_001437.png,images/syn_001437.png,60°,60°,,,simple_angle_simple,False,False,-0.74
1438,syn_001438.png,images/syn_001438.png,Ø25±0.05,Ø25,+0.05,-0.05,symmetric_tight,False,False,-0.35
1439,syn_001439.png,images/syn_001439.png,3.142°,3.142°,,,angle_decimal_deg,False,False,0.33
1440,syn_001440.png,images/syn_001440.png,"5°12'33""","5°12'33""",,,angle_dms_full,False,False,0.07
1441,syn_001441.png,images/syn_001441.png,12.5°,12.5°,,,angle_decimal_deg,False,False,-0.28
1442,syn_001442.png,images/syn_001442.png,0.0744 0/-0.002,0.0744,0,-0.002,stacked_normal,False,False,2.97
1443,syn_001443.png,images/syn_001443.png,0.0816±0.05,0.0816,+0.05,-0.05,symmetric_tight,False,False,0.5
1444,syn_001444.png,images/syn_001444.png,2.75 +0.012/+0.01,2.75,+0.012,+0.01,stacked_normal,False,False,0.53
1445,syn_001445.png,images/syn_001445.png,M4.026 -0.002/-0.004,M4.026,-0.002,-0.004,stacked_normal,False,False,0.06
1446,syn_001446.png,images/syn_001446.png,M88.375 -0.003/-0.008,M88.375,-0.003,-0.008,stacked_normal,False,False,0.34
1447,syn_001447.png,images/syn_001447.png,0.25 0/-0.01,0.25,0,-0.01,stacked_normal,False,False,-0.06
1448,syn_001448.png,images/syn_001448.png,0.008 +0.02/0,0.008,+0.02,0,stacked_fraction,True,False,-0.18
1449,syn_001449.png,images/syn_001449.png,57.341 +0.004/+0.001,57.341,+0.004,+0.001,stacked_normal,False,False,-0.17
1450,syn_001450.png,images/syn_001450.png,0.785°,0.785°,,,angle_decimal_deg,False,False,-0.69
1451,syn_001451.png,images/syn_001451.png,Ø25.4,Ø25.4,,,simple_diameter,False,False,-0.33
1452,syn_001452.png,images/syn_001452.png,Ø11.89 +0.005/-0.02,Ø11.89,+0.005,-0.02,stacked_fraction,True,False,-0.05
1453,syn_001453.png,images/syn_001453.png,Ø100 0/-0.01,Ø100,0,-0.01,stacked_fraction,True,False,-0.12
1454,syn_001454.png,images/syn_001454.png,4.04 0/-0.005,4.04,0,-0.005,stacked_fraction,True,False,-0.59
1455,syn_001455.png,images/syn_001455.png,R33.613 +0.02/-0.005,R33.613,+0.02,-0.005,stacked_fraction,True,False,-0.26
1456,syn_001456.png,images/syn_001456.png,"89°56'37""","89°56'37""",,,angle_dms_full,False,False,0.02
1457,syn_001457.png,images/syn_001457.png,57.63±0.025,57.63,+0.025,-0.025,symmetric_tight,False,False,-0.26
1458,syn_001458.png,images/syn_001458.png,12.50 0/-0.003,12.50,0,-0.003,stacked_normal,False,False,-0.75
1459,syn_001459.png,images/syn_001459.png,C44.591 -0.005/-0.01,C44.591,-0.005,-0.01,stacked_normal,False,False,0.62
1460,syn_001460.png,images/syn_001460.png,"75°30'54""","75°30'54""",,,angle_dms_full,False,False,14.35
1461,syn_001461.png,images/syn_001461.png,8.308 +0.008/+0.005,8.308,+0.008,+0.005,stacked_normal,False,False,0.21
1462,syn_001462.png,images/syn_001462.png,12.155 REF,12.155 REF,,,simple_boxed_ref,False,False,0.19
1463,syn_001463.png,images/syn_001463.png,0.2555 0/-0.02,0.2555,0,-0.02,stacked_normal,False,False,0.37
1464,syn_001464.png,images/syn_001464.png,R0.12MAX,R0.12MAX,,,simple_radius_corner,False,False,-0.59
1465,syn_001465.png,images/syn_001465.png,C46.541 0/-0.05,C46.541,0,-0.05,stacked_normal,False,False,0.27
1466,syn_001466.png,images/syn_001466.png,Ø35.078 +0.015/-0.01,Ø35.078,+0.015,-0.01,stacked_fraction,True,False,-0.65
1467,syn_001467.png,images/syn_001467.png,Ø4.04 +0.01/-0.03,Ø4.04,+0.01,-0.03,stacked_normal,False,False,-0.19
1468,syn_001468.png,images/syn_001468.png,50,50,,,simple_nominal_plain,False,False,-0.7
1469,syn_001469.png,images/syn_001469.png,60°±10',60°,+10',-10',angle_dms_tol,False,False,-0.49
1470,syn_001470.png,images/syn_001470.png,10.50 0/-0.03,10.50,0,-0.03,stacked_normal,False,False,0.45
1471,syn_001471.png,images/syn_001471.png,0.2207 -0.002/-0.004,0.2207,-0.002,-0.004,stacked_fraction,True,False,-0.07
1472,syn_001472.png,images/syn_001472.png,60°±15',60°,+15',-15',angle_dms_tol,False,False,0.07
1473,syn_001473.png,images/syn_001473.png,Ø0.941 +0.008/+0.005,Ø0.941,+0.008,+0.005,stacked_normal,False,False,-0.31
1474,syn_001474.png,images/syn_001474.png,53.305 +0.05/0,53.305,+0.05,0,stacked_fraction,True,False,0.75
1475,syn_001475.png,images/syn_001475.png,Ø6.591±0.015,Ø6.591,+0.015,-0.015,symmetric_tight,False,False,-0.09
1476,syn_001476.png,images/syn_001476.png,M8.114 -0.001/-0.004,M8.114,-0.001,-0.004,stacked_fraction,True,False,-0.13
1477,syn_001477.png,images/syn_001477.png,0.008±0.05,0.008,+0.05,-0.05,symmetric_tight,False,False,-0.55
1478,syn_001478.png,images/syn_001478.png,Ø15 -0.005/-0.01,Ø15,-0.005,-0.01,stacked_normal,False,False,-0.79
1479,syn_001479.png,images/syn_001479.png,"2°45'57""","2°45'57""",,,angle_dms_full,False,False,-14.01
1480,syn_001480.png,images/syn_001480.png,Ø60.567 +0.002/0,Ø60.567,+0.002,0,stacked_normal,False,False,-0.1
1481,syn_001481.png,images/syn_001481.png,12.160 0/-0.03,12.160,0,-0.03,stacked_normal,False,False,0.15
1482,syn_001482.png,images/syn_001482.png,42.319 0/-0.005,42.319,0,-0.005,stacked_fraction,True,False,-0.57
1483,syn_001483.png,images/syn_001483.png,"90°29'30""","90°29'30""",,,angle_dms_full,False,False,-0.15
1484,syn_001484.png,images/syn_001484.png,R26.197 0/-0.015,R26.197,0,-0.015,stacked_fraction,True,False,-0.72
1485,syn_001485.png,images/syn_001485.png,11.89 +0.003/0,11.89,+0.003,0,stacked_normal,False,False,-0.17
1486,syn_001486.png,images/syn_001486.png,5°58',5°58',,,angle_dms_min,False,False,-0.35
1487,syn_001487.png,images/syn_001487.png,79.530,79.530,,,simple_nominal_plain,False,False,-0.49
1488,syn_001488.png,images/syn_001488.png,Ø0.25±0.02,Ø0.25,+0.02,-0.02,symmetric_tight,False,False,0.77
1489,syn_001489.png,images/syn_001489.png,M56.003 +0.003/0,M56.003,+0.003,0,stacked_fraction,True,False,0.72
1490,syn_001490.png,images/syn_001490.png,46.920 -0.001/-0.003,46.920,-0.001,-0.003,stacked_fraction,True,False,0.62
1491,syn_001491.png,images/syn_001491.png,"90°16'27""","90°16'27""",,,angle_dms_full,False,False,0.1
1492,syn_001492.png,images/syn_001492.png,2.75±0.02,2.75,+0.02,-0.02,symmetric_tight,False,False,-3.0
1493,syn_001493.png,images/syn_001493.png,74.827 +0.03/0,74.827,+0.03,0,stacked_fraction,True,False,-0.4
1494,syn_001494.png,images/syn_001494.png,Ø11.538 +0.003/0,Ø11.538,+0.003,0,stacked_normal,False,False,-0.18
1495,syn_001495.png,images/syn_001495.png,Ø25.4,Ø25.4,,,simple_diameter,False,False,-0.16
1496,syn_001496.png,images/syn_001496.png,Ø30 +0.015/-0.002,Ø30,+0.015,-0.002,stacked_fraction,True,False,0.55
1497,syn_001497.png,images/syn_001497.png,46.158 0/-0.003,46.158,0,-0.003,stacked_normal,False,False,-0.75
1498,syn_001498.png,images/syn_001498.png,1.047°,1.047°,,,angle_decimal_deg,False,False,-29.12
1499,syn_001499.png,images/syn_001499.png,C0.15,C0.15,,,simple_chamfer,False,False,46.3
1500,syn_001500.png,images/syn_001500.png,M48.201 +0.005/+0.002,M48.201,+0.005,+0.002,stacked_normal,False,False,1.86
1501,syn_001501.png,images/syn_001501.png,0.25±0.02,0.25,+0.02,-0.02,symmetric_tight,False,False,0.4
1502,syn_001502.png,images/syn_001502.png,50.324±0.1,50.324,+0.1,-0.1,symmetric_tight,False,False,-0.22
1503,syn_001503.png,images/syn_001503.png,11.89±0.005,11.89,+0.005,-0.005,symmetric_tight,False,False,0.27
1504,syn_001504.png,images/syn_001504.png,Ø31.846 0/-0.03,Ø31.846,0,-0.03,stacked_fraction,True,False,0.59
1505,syn_001505.png,images/syn_001505.png,M38.085 0/-0.008,M38.085,0,-0.008,stacked_fraction,True,False,-0.13
1506,syn_001506.png,images/syn_001506.png,24 +0.006/+0.001,24,+0.006,+0.001,stacked_normal,False,False,0.28
1507,syn_001507.png,images/syn_001507.png,61.927 +0.03/0,61.927,+0.03,0,stacked_normal,False,False,-0.7
1508,syn_001508.png,images/syn_001508.png,92.884 0/-0.002,92.884,0,-0.002,stacked_fraction,True,False,0.23
1509,syn_001509.png,images/syn_001509.png,Ø12,Ø12,,,simple_diameter,False,False,0.39
1510,syn_001510.png,images/syn_001510.png,15°,15°,,,simple_angle_simple,False,False,-0.77
1511,syn_001511.png,images/syn_001511.png,4X Ø6.5,4X Ø6.5,,,simple_thread_qty,False,False,0.75
1512,syn_001512.png,images/syn_001512.png,90°±5',90°,+5',-5',angle_dms_tol,False,False,61.45
1513,syn_001513.png,images/syn_001513.png,Ø0.941 +0.01/0,Ø0.941,+0.01,0,stacked_fraction,True,False,0.48
1514,syn_001514.png,images/syn_001514.png,8.308±0.002,8.308,+0.002,-0.002,symmetric_tight,False,False,0.39
1515,syn_001515.png,images/syn_001515.png,30,30,,,simple_nominal_plain,False,False,0.4
1516,syn_001516.png,images/syn_001516.png,1.998 +0.005/0,1.998,+0.005,0,stacked_normal,False,False,-0.74
1517,syn_001517.png,images/syn_001517.png,"30°14'55""","30°14'55""",,,angle_dms_full,False,False,-0.09
1518,syn_001518.png,images/syn_001518.png,92.297 +0.002/0,92.297,+0.002,0,stacked_normal,False,False,-0.08
1519,syn_001519.png,images/syn_001519.png,77.864 +0.03/0,77.864,+0.03,0,stacked_fraction,True,False,-0.14
1520,syn_001520.png,images/syn_001520.png,0.523°,0.523°,,,angle_decimal_deg,False,False,-30.34
1521,syn_001521.png,images/syn_001521.png,56.003 0/-0.01,56.003,0,-0.01,stacked_fraction,True,False,-0.77
1522,syn_001522.png,images/syn_001522.png,C0.05,C0.05,,,simple_chamfer,False,False,13.83
1523,syn_001523.png,images/syn_001523.png,0.4220 +0.05/-0.002,0.4220,+0.05,-0.002,stacked_fraction,True,False,3.43
1524,syn_001524.png,images/syn_001524.png,Ø16.350 0/-0.03,Ø16.350,0,-0.03,stacked_normal,False,False,-0.61
1525,syn_001525.png,images/syn_001525.png,M3.032 +0.01/0,M3.032,+0.01,0,stacked_fraction,True,False,-0.37
1526,syn_001526.png,images/syn_001526.png,57.63 +0.002/0,57.63,+0.002,0,stacked_normal,False,False,-4.86
1527,syn_001527.png,images/syn_001527.png,90.5°,90.5°,,,angle_decimal_deg,False,False,-28.64
1528,syn_001528.png,images/syn_001528.png,30°40',30°40',,,angle_dms_min,False,False,13.68
1529,syn_001529.png,images/syn_001529.png,Ø75 +0.015/0,Ø75,+0.015,0,stacked_normal,False,False,-0.74
1530,syn_001530.png,images/syn_001530.png,R24.552 -0.003/-0.005,R24.552,-0.003,-0.005,stacked_normal,False,False,-2.87
1531,syn_001531.png,images/syn_001531.png,Ø25.4,Ø25.4,,,simple_diameter,False,False,-0.58
1532,syn_001532.png,images/syn_001532.png,C23.973 0/-0.008,C23.973,0,-0.008,stacked_fraction,True,False,-0.3
1533,syn_001533.png,images/syn_001533.png,4x M6,4x M6,,,simple_thread_qty,False,False,0.27
1534,syn_001534.png,images/syn_001534.png,80.263 +0.007/+0.005,80.263,+0.007,+0.005,stacked_normal,False,False,0.15
1535,syn_001535.png,images/syn_001535.png,M2.160 +0.02/-0.01,M2.160,+0.02,-0.01,stacked_normal,False,False,-0.68
1536,syn_001536.png,images/syn_001536.png,10 -0.003/-0.006,10,-0.003,-0.006,stacked_normal,False,False,0.45
1537,syn_001537.png,images/syn_001537.png,49.087,49.087,,,simple_nominal_plain,False,False,-0.23
1538,syn_001538.png,images/syn_001538.png,0.4871 0/-0.002,0.4871,0,-0.002,stacked_normal,False,False,-0.68
1539,syn_001539.png,images/syn_001539.png,3.032 +0.05/-0.03,3.032,+0.05,-0.03,stacked_fraction,True,False,0.69
1540,syn_001540.png,images/syn_001540.png,R0.05MIN,R0.05MIN,,,simple_radius_corner,False,False,0.2
1541,syn_001541.png,images/syn_001541.png,0.052°,0.052°,,,angle_decimal_deg,False,False,0.04
1542,syn_001542.png,images/syn_001542.png,91.857±0.01,91.857,+0.01,-0.01,symmetric_tight,False,False,-0.48
1543,syn_001543.png,images/syn_001543.png,"75° 32' 52""","75° 32' 52""",,,angle_dms_full,False,False,61.26
1544,syn_001544.png,images/syn_001544.png,40,40,,,simple_nominal_plain,False,False,0.49
1545,syn_001545.png,images/syn_001545.png,C52.176 +0.005/-0.002,C52.176,+0.005,-0.002,stacked_fraction,True,False,-3.59
1546,syn_001546.png,images/syn_001546.png,180°,180°,,,simple_angle_simple,False,False,-0.3
1547,syn_001547.png,images/syn_001547.png,C0.3,C0.3,,,simple_chamfer,False,False,-0.28
1548,syn_001548.png,images/syn_001548.png,Ø24±0.1,Ø24,+0.1,-0.1,symmetric_tight,False,False,0.55
1549,syn_001549.png,images/syn_001549.png,50.324 +0.005/0,50.324,+0.005,0,stacked_fraction,True,False,-0.19
1550,syn_001550.png,images/syn_001550.png,5.04 +0.02/0,5.04,+0.02,0,stacked_fraction,True,False,-0.22
1551,syn_001551.png,images/syn_001551.png,M73.65 0/-0.03,M73.65,0,-0.03,stacked_fraction,True,False,-0.61
1552,syn_001552.png,images/syn_001552.png,Ø0.3096 0/-0.003,Ø0.3096,0,-0.003,stacked_fraction,True,False,0.14
1553,syn_001553.png,images/syn_001553.png,Ø2.160 +0.02/0,Ø2.160,+0.02,0,stacked_fraction,True,False,0.34
1554,syn_001554.png,images/syn_001554.png,16.851 0/-0.01,16.851,0,-0.01,stacked_fraction,True,False,-2.87
1555,syn_001555.png,images/syn_001555.png,Ø56.003 +0.002/0,Ø56.003,+0.002,0,stacked_fraction,True,False,-0.05
1556,syn_001556.png,images/syn_001556.png,12°10',12°10',,,angle_dms_min,False,False,-0.53
1557,syn_001557.png,images/syn_001557.png,Ø26.174 -0.002/-0.007,Ø26.174,-0.002,-0.007,stacked_normal,False,False,-5.82
1558,syn_001558.png,images/syn_001558.png,24.50 +0.02/0,24.50,+0.02,0,stacked_fraction,True,False,0.64
1559,syn_001559.png,images/syn_001559.png,11.89±0.005,11.89,+0.005,-0.005,symmetric_tight,False,False,-0.6
1560,syn_001560.png,images/syn_001560.png,0.0502 0/-0.03,0.0502,0,-0.03,stacked_fraction,True,False,0.08
1561,syn_001561.png,images/syn_001561.png,0.3185 +0.03/0,0.3185,+0.03,0,stacked_fraction,True,False,-0.33
1562,syn_001562.png,images/syn_001562.png,Ø5.04±0.025,Ø5.04,+0.025,-0.025,symmetric_tight,False,False,0.37
1563,syn_001563.png,images/syn_001563.png,7.525 +0.015/0,7.525,+0.015,0,stacked_normal,False,False,0.49
1564,syn_001564.png,images/syn_001564.png,12.160,12.160,,,simple_nominal_plain,False,False,-0.39
1565,syn_001565.png,images/syn_001565.png,71.790,71.790,,,simple_nominal_plain,False,False,0.62
1566,syn_001566.png,images/syn_001566.png,60°±15',60°,+15',-15',angle_dms_tol,False,False,-29.51
1567,syn_001567.png,images/syn_001567.png,Ø1.998 0/-0.003,Ø1.998,0,-0.003,stacked_normal,False,False,0.57
1568,syn_001568.png,images/syn_001568.png,C10±0.002,C10,+0.002,-0.002,symmetric_tight,False,False,0.63
1569,syn_001569.png,images/syn_001569.png,Ø23.963 +0.05/0,Ø23.963,+0.05,0,stacked_normal,False,False,0.66
1570,syn_001570.png,images/syn_001570.png,89.547 0/-0.03,89.547,0,-0.03,stacked_fraction,True,False,0.12
1571,syn_001571.png,images/syn_001571.png,Ø50.324±0.1,Ø50.324,+0.1,-0.1,symmetric_tight,False,False,-0.99
1572,syn_001572.png,images/syn_001572.png,M9.008 0/-0.03,M9.008,0,-0.03,stacked_fraction,True,False,0.07
1573,syn_001573.png,images/syn_001573.png,Ø0.0193 +0.02/-0.005,Ø0.0193,+0.02,-0.005,stacked_normal,False,False,-0.48
1574,syn_001574.png,images/syn_001574.png,50.00 0/-0.002,50.00,0,-0.002,stacked_normal,False,False,2.62
1575,syn_001575.png,images/syn_001575.png,5.04 0/-0.03,5.04,0,-0.03,stacked_normal,False,False,-0.48
1576,syn_001576.png,images/syn_001576.png,R14.054±0.002,R14.054,+0.002,-0.002,symmetric_tight,False,False,0.57
1577,syn_001577.png,images/syn_001577.png,0.941 -0.01/-0.012,0.941,-0.01,-0.012,stacked_normal,False,False,0.65
1578,syn_001578.png,images/syn_001578.png,68.807±0.02,68.807,+0.02,-0.02,symmetric_tight,False,False,0.27
1579,syn_001579.png,images/syn_001579.png,"15°2'10""","15°2'10""",,,angle_dms_full,False,False,-58.69
1580,syn_001580.png,images/syn_001580.png,3.142°,3.142°,,,angle_decimal_deg,False,False,0.28
1581,syn_001581.png,images/syn_001581.png,Ø24 -0.001/-0.003,Ø24,-0.001,-0.003,stacked_normal,False,False,-1.52
1582,syn_001582.png,images/syn_001582.png,135°,135°,,,simple_angle_simple,False,False,31.45
1583,syn_001583.png,images/syn_001583.png,32 +0.05/0,32,+0.05,0,stacked_normal,False,False,0.55
1584,syn_001584.png,images/syn_001584.png,4.04 +0.015/0,4.04,+0.015,0,stacked_normal,False,False,0.38
1585,syn_001585.png,images/syn_001585.png,60 -0.005/-0.008,60,-0.005,-0.008,stacked_normal,False,False,0.51
1586,syn_001586.png,images/syn_001586.png,Ø0.25 +0.005/+0.002,Ø0.25,+0.005,+0.002,stacked_normal,False,False,-0.38
1587,syn_001587.png,images/syn_001587.png,16.350 +0.007/+0.005,16.350,+0.007,+0.005,stacked_normal,False,False,0.01
1588,syn_001588.png,images/syn_001588.png,0.652 0/-0.008,0.652,0,-0.008,stacked_fraction,True,False,-0.68
1589,syn_001589.png,images/syn_001589.png,8.308 +0.01/-0.002,8.308,+0.01,-0.002,stacked_fraction,True,False,-0.77
1590,syn_001590.png,images/syn_001590.png,13.165 +0.01/0,13.165,+0.01,0,stacked_fraction,True,False,0.28
1591,syn_001591.png,images/syn_001591.png,0.2333 +0.015/0,0.2333,+0.015,0,stacked_normal,False,False,-0.32
1592,syn_001592.png,images/syn_001592.png,Ø5.04 +0.005/0,Ø5.04,+0.005,0,stacked_normal,False,False,-0.63
1593,syn_001593.png,images/syn_001593.png,C7.525 +0.005/-0.002,C7.525,+0.005,-0.002,stacked_normal,False,False,-0.12
1594,syn_001594.png,images/syn_001594.png,"25°34'30""","25°34'30""",,,angle_dms_full,False,False,-15.86
1595,syn_001595.png,images/syn_001595.png,0.3221 0/-0.015,0.3221,0,-0.015,stacked_normal,False,False,0.59
1596,syn_001596.png,images/syn_001596.png,12°2',12°2',,,angle_dms_min,False,False,-0.76
1597,syn_001597.png,images/syn_001597.png,Ø76.628 0/-0.03,Ø76.628,0,-0.03,stacked_normal,False,False,0.51
1598,syn_001598.png,images/syn_001598.png,C1.0,C1.0,,,simple_chamfer,False,False,-0.26
1599,syn_001599.png,images/syn_001599.png,28°23',28°23',,,angle_dms_min,False,False,0.38
1600,syn_001600.png,images/syn_001600.png,0.017°,0.017°,,,angle_decimal_deg,False,False,-0.35
1601,syn_001601.png,images/syn_001601.png,50.00 +0.01/-0.02,50.00,+0.01,-0.02,stacked_fraction,True,False,0.4
1602,syn_001602.png,images/syn_001602.png,2.75 0/-0.03,2.75,0,-0.03,stacked_normal,False,False,-0.54
1603,syn_001603.png,images/syn_001603.png,0.290 0/-0.01,0.290,0,-0.01,stacked_normal,False,False,0.15
1604,syn_001604.png,images/syn_001604.png,4.675 -0.002/-0.005,4.675,-0.002,-0.005,stacked_normal,False,False,-0.21
1605,syn_001605.png,images/syn_001605.png,R1.5 MAX,R1.5 MAX,,,simple_radius_corner,False,False,0.01
1606,syn_001606.png,images/syn_001606.png,Ø1.796 +0.002/0,Ø1.796,+0.002,0,stacked_normal,False,False,-0.47
1607,syn_001607.png,images/syn_001607.png,50.00 +0.013/+0.01,50.00,+0.013,+0.01,stacked_normal,False,False,0.61
1608,syn_001608.png,images/syn_001608.png,M0.2746 +0.005/0,M0.2746,+0.005,0,stacked_fraction,True,False,-0.79
1609,syn_001609.png,images/syn_001609.png,R1.0MIN,R1.0MIN,,,simple_radius_corner,False,False,-0.13
1610,syn_001610.png,images/syn_001610.png,2.75 -0.003/-0.006,2.75,-0.003,-0.006,stacked_fraction,True,False,-4.45
1611,syn_001611.png,images/syn_001611.png,Ø0.652 0/-0.003,Ø0.652,0,-0.003,stacked_normal,False,False,-0.02
1612,syn_001612.png,images/syn_001612.png,Ø14.941 +0.003/0,Ø14.941,+0.003,0,stacked_fraction,True,False,-0.12
1613,syn_001613.png,images/syn_001613.png,20±0.005,20,+0.005,-0.005,symmetric_tight,False,False,-0.49
1614,syn_001614.png,images/syn_001614.png,R1.0,R1.0,,,simple_radius_corner,False,False,-31.38
1615,syn_001615.png,images/syn_001615.png,2.75 +0.005/-0.01,2.75,+0.005,-0.01,stacked_normal,False,False,4.69
1616,syn_001616.png,images/syn_001616.png,5 -0.01/-0.012,5,-0.01,-0.012,stacked_normal,False,False,-0.01
1617,syn_001617.png,images/syn_001617.png,Ø2.160 0/-0.005,Ø2.160,0,-0.005,stacked_fraction,True,False,-0.67
1618,syn_001618.png,images/syn_001618.png,19.392 +0.015/0,19.392,+0.015,0,stacked_fraction,True,False,0.71
1619,syn_001619.png,images/syn_001619.png,Ø73.65 +0.02/-0.01,Ø73.65,+0.02,-0.01,stacked_fraction,True,False,-4.69
1620,syn_001620.png,images/syn_001620.png,8 -0.005/-0.008,8,-0.005,-0.008,stacked_normal,False,False,-0.34
1621,syn_001621.png,images/syn_001621.png,R26.197 +0.015/+0.01,R26.197,+0.015,+0.01,stacked_normal,False,False,0.69
1622,syn_001622.png,images/syn_001622.png,Ø20,Ø20,,,simple_diameter,False,False,-0.29
1623,syn_001623.png,images/syn_001623.png,"25°47'7""","25°47'7""",,,angle_dms_full,False,False,-45.29
1624,syn_001624.png,images/syn_001624.png,0.2605±0.02,0.2605,+0.02,-0.02,symmetric_tight,False,False,-0.66
1625,syn_001625.png,images/syn_001625.png,M0.290 +0.003/0,M0.290,+0.003,0,stacked_fraction,True,False,-0.0
1626,syn_001626.png,images/syn_001626.png,C0.2,C0.2,,,simple_chamfer,False,False,-45.05
1627,syn_001627.png,images/syn_001627.png,R52.072 +0.015/-0.02,R52.072,+0.015,-0.02,stacked_fraction,True,False,0.34
1628,syn_001628.png,images/syn_001628.png,0.4334 +0.003/+0.001,0.4334,+0.003,+0.001,stacked_fraction,True,False,-0.22
1629,syn_001629.png,images/syn_001629.png,94.478 0/-0.008,94.478,0,-0.008,stacked_fraction,True,False,0.67
1630,syn_001630.png,images/syn_001630.png,1.5,1.5,,,simple_nominal_plain,False,False,0.03
1631,syn_001631.png,images/syn_001631.png,50.324 +0.015/0,50.324,+0.015,0,stacked_normal,False,False,-0.29
1632,syn_001632.png,images/syn_001632.png,"5°42'14""","5°42'14""",,,angle_dms_full,False,False,-46.02
1633,syn_001633.png,images/syn_001633.png,Ø23.607 +0.007/+0.005,Ø23.607,+0.007,+0.005,stacked_fraction,True,False,-0.31
1634,syn_001634.png,images/syn_001634.png,49.443 0/-0.015,49.443,0,-0.015,stacked_fraction,True,False,-0.18
1635,syn_001635.png,images/syn_001635.png,40 0/-0.002,40,0,-0.002,stacked_fraction,True,False,-0.63
1636,syn_001636.png,images/syn_001636.png,R11.89±0.005,R11.89,+0.005,-0.005,symmetric_tight,False,False,-0.18
1637,syn_001637.png,images/syn_001637.png,Ø8.308 +0.005/0,Ø8.308,+0.005,0,stacked_fraction,True,False,-0.12
1638,syn_001638.png,images/syn_001638.png,51.434 +0.003/0,51.434,+0.003,0,stacked_normal,False,False,-0.11
1639,syn_001639.png,images/syn_001639.png,60 +0.015/0,60,+0.015,0,stacked_fraction,True,False,-0.42
1640,syn_001640.png,images/syn_001640.png,50.324 -0.001/-0.003,50.324,-0.001,-0.003,stacked_normal,False,False,0.33
1641,syn_001641.png,images/syn_001641.png,M10,M10,,,simple_thread_qty,False,False,0.25
1642,syn_001642.png,images/syn_001642.png,Ø26.197±0.015,Ø26.197,+0.015,-0.015,symmetric_tight,False,False,0.44
1643,syn_001643.png,images/syn_001643.png,C0.290±0.002,C0.290,+0.002,-0.002,symmetric_tight,False,False,0.77
1644,syn_001644.png,images/syn_001644.png,90.5°,90.5°,,,angle_decimal_deg,False,False,15.14
1645,syn_001645.png,images/syn_001645.png,35.726 +0.002/0,35.726,+0.002,0,stacked_fraction,True,False,-0.3
1646,syn_001646.png,images/syn_001646.png,M6,M6,,,simple_thread_qty,False,False,-0.35
1647,syn_001647.png,images/syn_001647.png,Ø21.938 -0.001/-0.003,Ø21.938,-0.001,-0.003,stacked_normal,False,False,0.76
1648,syn_001648.png,images/syn_001648.png,32 +0.01/0,32,+0.01,0,stacked_normal,False,False,-3.46
1649,syn_001649.png,images/syn_001649.png,"12°34'53""","12°34'53""",,,angle_dms_full,False,False,-44.45
1650,syn_001650.png,images/syn_001650.png,12° 53',12° 53',,,angle_dms_min,False,False,30.98
1651,syn_001651.png,images/syn_001651.png,15.80±0.01,15.80,+0.01,-0.01,symmetric_tight,False,False,0.08
1652,syn_001652.png,images/syn_001652.png,120°2',120°2',,,angle_dms_min,False,False,-0.45
1653,syn_001653.png,images/syn_001653.png,2.094°,2.094°,,,angle_decimal_deg,False,False,0.36
1654,syn_001654.png,images/syn_001654.png,M0.3635 0/-0.003,M0.3635,0,-0.003,stacked_fraction,True,False,-0.74
1655,syn_001655.png,images/syn_001655.png,10.685 +0.03/0,10.685,+0.03,0,stacked_fraction,True,False,0.49
1656,syn_001656.png,images/syn_001656.png,7.525±0.002,7.525,+0.002,-0.002,symmetric_tight,False,False,0.06
1657,syn_001657.png,images/syn_001657.png,R4.04±0.05,R4.04,+0.05,-0.05,symmetric_tight,False,False,0.71
1658,syn_001658.png,images/syn_001658.png,0.25 0/-0.008,0.25,0,-0.008,stacked_fraction,True,False,-0.09
1659,syn_001659.png,images/syn_001659.png,24.50 0/-0.008,24.50,0,-0.008,stacked_normal,False,False,0.1
1660,syn_001660.png,images/syn_001660.png,Ø94.980 +0.015/-0.01,Ø94.980,+0.015,-0.01,stacked_fraction,True,False,0.79
1661,syn_001661.png,images/syn_001661.png,R3.032±0.002,R3.032,+0.002,-0.002,symmetric_tight,False,False,-0.29
1662,syn_001662.png,images/syn_001662.png,R0.25 -0.005/-0.007,R0.25,-0.005,-0.007,stacked_normal,False,False,-0.45
1663,syn_001663.png,images/syn_001663.png,28.65°,28.65°,,,angle_decimal_deg,False,False,-15.68
1664,syn_001664.png,images/syn_001664.png,Ø57.903 -0.003/-0.005,Ø57.903,-0.003,-0.005,stacked_normal,False,False,-0.27
1665,syn_001665.png,images/syn_001665.png,Ø5.04 0/-0.015,Ø5.04,0,-0.015,stacked_fraction,True,False,-0.02
1666,syn_001666.png,images/syn_001666.png,14.025±0.1,14.025,+0.1,-0.1,symmetric_tight,False,False,-0.55
1667,syn_001667.png,images/syn_001667.png,50 TYP,50 TYP,,,simple_boxed_ref,False,False,0.49
1668,syn_001668.png,images/syn_001668.png,12°58',12°58',,,angle_dms_min,False,False,-0.1
1669,syn_001669.png,images/syn_001669.png,R0.0293 -0.003/-0.008,R0.0293,-0.003,-0.008,stacked_fraction,True,False,0.11
1670,syn_001670.png,images/syn_001670.png,56.003 +0.004/+0.001,56.003,+0.004,+0.001,stacked_fraction,True,False,0.4
1671,syn_001671.png,images/syn_001671.png,0.2827 +0.005/0,0.2827,+0.005,0,stacked_fraction,True,False,0.76
1672,syn_001672.png,images/syn_001672.png,0°55',0°55',,,angle_dms_min,False,False,-29.66
1673,syn_001673.png,images/syn_001673.png,"45°37'35""","45°37'35""",,,angle_dms_full,False,False,0.65
1674,syn_001674.png,images/syn_001674.png,62.347 -0.002/-0.007,62.347,-0.002,-0.007,stacked_fraction,True,False,0.03
1675,syn_001675.png,images/syn_001675.png,"45°46'26""","45°46'26""",,,angle_dms_full,False,False,-59.35
1676,syn_001676.png,images/syn_001676.png,R40 -0.01/-0.015,R40,-0.01,-0.015,stacked_normal,False,False,-0.48
1677,syn_001677.png,images/syn_001677.png,14.941 -0.005/-0.008,14.941,-0.005,-0.008,stacked_fraction,True,False,-0.07
1678,syn_001678.png,images/syn_001678.png,12.150 0/-0.03,12.150,0,-0.03,stacked_fraction,True,False,-0.37
1679,syn_001679.png,images/syn_001679.png,11.568±0.005,11.568,+0.005,-0.005,symmetric_tight,False,False,-0.61
1680,syn_001680.png,images/syn_001680.png,R5 MIN,R5 MIN,,,simple_radius_corner,False,False,-44.52
1681,syn_001681.png,images/syn_001681.png,R50.324 -0.01/-0.012,R50.324,-0.01,-0.012,stacked_fraction,True,False,0.76
1682,syn_001682.png,images/syn_001682.png,Ø50 +0.05/-0.02,Ø50,+0.05,-0.02,stacked_normal,False,False,0.1
1683,syn_001683.png,images/syn_001683.png,"15° 26' 9""","15° 26' 9""",,,angle_dms_full,False,False,-0.07
1684,syn_001684.png,images/syn_001684.png,Ø0.0945 -0.01/-0.012,Ø0.0945,-0.01,-0.012,stacked_fraction,True,False,4.48
1685,syn_001685.png,images/syn_001685.png,5°56',5°56',,,angle_dms_min,False,False,-0.35
1686,syn_001686.png,images/syn_001686.png,R15.80 0/-0.01,R15.80,0,-0.01,stacked_normal,False,False,-3.67
1687,syn_001687.png,images/syn_001687.png,3.032 0/-0.01,3.032,0,-0.01,stacked_fraction,True,False,-0.34
1688,syn_001688.png,images/syn_001688.png,56.003 -0.002/-0.004,56.003,-0.002,-0.004,stacked_fraction,True,False,2.71
1689,syn_001689.png,images/syn_001689.png,R0.25MIN,R0.25MIN,,,simple_radius_corner,False,False,13.89
1690,syn_001690.png,images/syn_001690.png,12.50 -0.002/-0.005,12.50,-0.002,-0.005,stacked_fraction,True,False,5.5
1691,syn_001691.png,images/syn_001691.png,45°57',45°57',,,angle_dms_min,False,False,44.89
1692,syn_001692.png,images/syn_001692.png,61.731 0/-0.002,61.731,0,-0.002,stacked_normal,False,False,-4.03
1693,syn_001693.png,images/syn_001693.png,45°7',45°7',,,angle_dms_min,False,False,30.1
1694,syn_001694.png,images/syn_001694.png,11.89 0/-0.05,11.89,0,-0.05,stacked_normal,False,False,0.4
1695,syn_001695.png,images/syn_001695.png,Ø0.25 +0.03/0,Ø0.25,+0.03,0,stacked_fraction,True,False,-0.74
1696,syn_001696.png,images/syn_001696.png,25.4,25.4,,,simple_nominal_plain,False,False,-0.48
1697,syn_001697.png,images/syn_001697.png,24.50 0/-0.003,24.50,0,-0.003,stacked_fraction,True,False,-0.71
1698,syn_001698.png,images/syn_001698.png,20 +0.004/+0.001,20,+0.004,+0.001,stacked_normal,False,False,-0.32
1699,syn_001699.png,images/syn_001699.png,50.00 -0.003/-0.008,50.00,-0.003,-0.008,stacked_fraction,True,False,0.79
1700,syn_001700.png,images/syn_001700.png,10.50±0.015,10.50,+0.015,-0.015,symmetric_tight,False,False,-0.53
1701,syn_001701.png,images/syn_001701.png,43.539 +0.006/+0.001,43.539,+0.006,+0.001,stacked_normal,False,False,0.76
1702,syn_001702.png,images/syn_001702.png,0.523°,0.523°,,,angle_decimal_deg,False,False,-15.42
1703,syn_001703.png,images/syn_001703.png,Ø0.290 +0.004/+0.001,Ø0.290,+0.004,+0.001,stacked_fraction,True,False,0.58
1704,syn_001704.png,images/syn_001704.png,0.1319 -0.005/-0.008,0.1319,-0.005,-0.008,stacked_normal,False,False,-0.38
1705,syn_001705.png,images/syn_001705.png,0.0329 0/-0.008,0.0329,0,-0.008,stacked_normal,False,False,0.11
1706,syn_001706.png,images/syn_001706.png,61.008 +0.05/0,61.008,+0.05,0,stacked_fraction,True,False,0.32
1707,syn_001707.png,images/syn_001707.png,Ø50,Ø50,,,simple_diameter,False,False,-0.29
1708,syn_001708.png,images/syn_001708.png,0.4236 +0.02/-0.01,0.4236,+0.02,-0.01,stacked_fraction,True,False,-0.77
1709,syn_001709.png,images/syn_001709.png,43.053,43.053,,,simple_nominal_plain,False,False,-0.33
1710,syn_001710.png,images/syn_001710.png,31.157 0/-0.01,31.157,0,-0.01,stacked_normal,False,False,-3.38
1711,syn_001711.png,images/syn_001711.png,90.5°,90.5°,,,angle_decimal_deg,False,False,-13.51
1712,syn_001712.png,images/syn_001712.png,R0.3229±0.02,R0.3229,+0.02,-0.02,symmetric_tight,False,False,-0.25
1713,syn_001713.png,images/syn_001713.png,C0.15,C0.15,,,simple_chamfer,False,False,-28.56
1714,syn_001714.png,images/syn_001714.png,12°31',12°31',,,angle_dms_min,False,False,29.73
1715,syn_001715.png,images/syn_001715.png,24.50 +0.02/-0.002,24.50,+0.02,-0.002,stacked_normal,False,False,0.2
1716,syn_001716.png,images/syn_001716.png,60 -0.005/-0.008,60,-0.005,-0.008,stacked_fraction,True,False,5.59
1717,syn_001717.png,images/syn_001717.png,30°±30',30°,+30',-30',angle_dms_tol,False,False,-0.74
1718,syn_001718.png,images/syn_001718.png,R35.726 +0.01/-0.005,R35.726,+0.01,-0.005,stacked_fraction,True,False,4.88
1719,syn_001719.png,images/syn_001719.png,24.894 -0.003/-0.005,24.894,-0.003,-0.005,stacked_normal,False,False,-0.08
1720,syn_001720.png,images/syn_001720.png,Ø0.652 0/-0.002,Ø0.652,0,-0.002,stacked_normal,False,False,-0.29
1721,syn_001721.png,images/syn_001721.png,R0.652 0/-0.003,R0.652,0,-0.003,stacked_fraction,True,False,-0.26
1722,syn_001722.png,images/syn_001722.png,"5°3'35""","5°3'35""",,,angle_dms_full,False,False,-15.52
1723,syn_001723.png,images/syn_001723.png,50 -0.01/-0.015,50,-0.01,-0.015,stacked_fraction,True,False,0.3
1724,syn_001724.png,images/syn_001724.png,5.04 -0.005/-0.007,5.04,-0.005,-0.007,stacked_fraction,True,False,0.19
1725,syn_001725.png,images/syn_001725.png,"0°55'36""","0°55'36""",,,angle_dms_full,False,False,-16.2
1726,syn_001726.png,images/syn_001726.png,2.75 +0.01/+0.005,2.75,+0.01,+0.005,stacked_normal,False,False,0.04
1727,syn_001727.png,images/syn_001727.png,55.373±0.01,55.373,+0.01,-0.01,symmetric_tight,False,False,-0.04
1728,syn_001728.png,images/syn_001728.png,R55.905 0/-0.003,R55.905,0,-0.003,stacked_normal,False,False,0.67
1729,syn_001729.png,images/syn_001729.png,Ø0.4588 +0.01/+0.005,Ø0.4588,+0.01,+0.005,stacked_fraction,True,False,-0.23
1730,syn_001730.png,images/syn_001730.png,5.04±0.015,5.04,+0.015,-0.015,symmetric_tight,False,False,0.72
1731,syn_001731.png,images/syn_001731.png,"0° 27' 50""","0° 27' 50""",,,angle_dms_full,False,False,-28.62
1732,syn_001732.png,images/syn_001732.png,14.941 +0.013/+0.01,14.941,+0.013,+0.01,stacked_normal,False,False,0.51
1733,syn_001733.png,images/syn_001733.png,20.923 +0.05/-0.03,20.923,+0.05,-0.03,stacked_fraction,True,False,-0.04
1734,syn_001734.png,images/syn_001734.png,26.366 +0.01/-0.002,26.366,+0.01,-0.002,stacked_fraction,True,False,5.88
1735,syn_001735.png,images/syn_001735.png,73.65 0/-0.008,73.65,0,-0.008,stacked_normal,False,False,0.51
1736,syn_001736.png,images/syn_001736.png,Ø12.155±0.025,Ø12.155,+0.025,-0.025,symmetric_tight,False,False,-0.86
1737,syn_001737.png,images/syn_001737.png,Ø12.905±0.05,Ø12.905,+0.05,-0.05,symmetric_tight,False,False,-0.16
1738,syn_001738.png,images/syn_001738.png,Ø49.662±0.005,Ø49.662,+0.005,-0.005,symmetric_tight,False,False,0.04
1739,syn_001739.png,images/syn_001739.png,45°±30',45°,+30',-30',angle_dms_tol,False,False,44.94
1740,syn_001740.png,images/syn_001740.png,30°±10',30°,+10',-10',angle_dms_tol,False,False,-0.66
1741,syn_001741.png,images/syn_001741.png,Ø2.160 0/-0.008,Ø2.160,0,-0.008,stacked_fraction,True,False,0.63
1742,syn_001742.png,images/syn_001742.png,Ø21.372 +0.005/-0.02,Ø21.372,+0.005,-0.02,stacked_fraction,True,False,-0.69
1743,syn_001743.png,images/syn_001743.png,R1.5MIN,R1.5MIN,,,simple_radius_corner,False,False,-0.03
1744,syn_001744.png,images/syn_001744.png,R1.5 MAX,R1.5 MAX,,,simple_radius_corner,False,False,-0.19
1745,syn_001745.png,images/syn_001745.png,41.210 +0.02/-0.002,41.210,+0.02,-0.002,stacked_fraction,True,False,-0.46
1746,syn_001746.png,images/syn_001746.png,C73.65 0/-0.02,C73.65,0,-0.02,stacked_fraction,True,False,0.08
1747,syn_001747.png,images/syn_001747.png,0.0845 +0.005/-0.02,0.0845,+0.005,-0.02,stacked_fraction,True,False,-0.76
1748,syn_001748.png,images/syn_001748.png,Ø0.25 -0.01/-0.013,Ø0.25,-0.01,-0.013,stacked_fraction,True,False,0.29
1749,syn_001749.png,images/syn_001749.png,8.308 +0.015/-0.002,8.308,+0.015,-0.002,stacked_normal,False,False,0.72
1750,syn_001750.png,images/syn_001750.png,M5.04±0.1,M5.04,+0.1,-0.1,symmetric_tight,False,False,-0.27
1751,syn_001751.png,images/syn_001751.png,30°±15',30°,+15',-15',angle_dms_tol,False,False,-0.64
1752,syn_001752.png,images/syn_001752.png,8 0/-0.015,8,0,-0.015,stacked_fraction,True,False,-0.65
1753,syn_001753.png,images/syn_001753.png,Ø33.613 -0.003/-0.005,Ø33.613,-0.003,-0.005,stacked_normal,False,False,-0.69
1754,syn_001754.png,images/syn_001754.png,Ø2.160 +0.003/0,Ø2.160,+0.003,0,stacked_normal,False,False,0.31
1755,syn_001755.png,images/syn_001755.png,C73.65±0.005,C73.65,+0.005,-0.005,symmetric_tight,False,False,0.06
1756,syn_001756.png,images/syn_001756.png,2.160 +0.015/0,2.160,+0.015,0,stacked_normal,False,False,-0.8
1757,syn_001757.png,images/syn_001757.png,0°47',0°47',,,angle_dms_min,False,False,15.3
1758,syn_001758.png,images/syn_001758.png,28° 41',28° 41',,,angle_dms_min,False,False,-45.88
1759,syn_001759.png,images/syn_001759.png,33.613 0/-0.008,33.613,0,-0.008,stacked_fraction,True,False,-0.02
1760,syn_001760.png,images/syn_001760.png,Ø35.726±0.1,Ø35.726,+0.1,-0.1,symmetric_tight,False,False,-0.37
1761,syn_001761.png,images/syn_001761.png,Ø2.75 -0.003/-0.008,Ø2.75,-0.003,-0.008,stacked_fraction,True,False,-0.49
1762,syn_001762.png,images/syn_001762.png,C0.3,C0.3,,,simple_chamfer,False,False,14.13
1763,syn_001763.png,images/syn_001763.png,M22.613 0/-0.03,M22.613,0,-0.03,stacked_normal,False,False,0.66
1764,syn_001764.png,images/syn_001764.png,86.194 0/-0.003,86.194,0,-0.003,stacked_fraction,True,False,-0.47
1765,syn_001765.png,images/syn_001765.png,"60°54'43""","60°54'43""",,,angle_dms_full,False,False,30.44
1766,syn_001766.png,images/syn_001766.png,C0.15,C0.15,,,simple_chamfer,False,False,0.11
1767,syn_001767.png,images/syn_001767.png,5.04±0.05,5.04,+0.05,-0.05,symmetric_tight,False,False,-0.26
1768,syn_001768.png,images/syn_001768.png,12.50 0/-0.005,12.50,0,-0.005,stacked_normal,False,False,0.06
1769,syn_001769.png,images/syn_001769.png,50 0/-0.002,50,0,-0.002,stacked_fraction,True,False,-0.73
1770,syn_001770.png,images/syn_001770.png,33.613 0/-0.008,33.613,0,-0.008,stacked_fraction,True,False,0.21
1771,syn_001771.png,images/syn_001771.png,4.026±0.1,4.026,+0.1,-0.1,symmetric_tight,False,False,0.39
1772,syn_001772.png,images/syn_001772.png,120°,120°,,,simple_angle_simple,False,False,-0.69
1773,syn_001773.png,images/syn_001773.png,Ø62.116 +0.015/0,Ø62.116,+0.015,0,stacked_fraction,True,False,-0.08
1774,syn_001774.png,images/syn_001774.png,Ø25.081±0.02,Ø25.081,+0.02,-0.02,symmetric_tight,False,False,-0.03
1775,syn_001775.png,images/syn_001775.png,R0.5MIN,R0.5MIN,,,simple_radius_corner,False,False,-0.3
1776,syn_001776.png,images/syn_001776.png,16.350 +0.005/+0.002,16.350,+0.005,+0.002,stacked_fraction,True,False,-0.41
1777,syn_001777.png,images/syn_001777.png,"5°1'21""","5°1'21""",,,angle_dms_full,False,False,0.62
1778,syn_001778.png,images/syn_001778.png,C4.04 0/-0.03,C4.04,0,-0.03,stacked_fraction,True,False,-0.8
1779,syn_001779.png,images/syn_001779.png,24.50 +0.015/0,24.50,+0.015,0,stacked_fraction,True,False,-0.27
1780,syn_001780.png,images/syn_001780.png,15°51',15°51',,,angle_dms_min,False,False,-0.67
1781,syn_001781.png,images/syn_001781.png,8 -0.003/-0.008,8,-0.003,-0.008,stacked_fraction,True,False,-0.41
1782,syn_001782.png,images/syn_001782.png,Ø4.04 +0.007/+0.005,Ø4.04,+0.007,+0.005,stacked_normal,False,False,4.38
1783,syn_001783.png,images/syn_001783.png,Ø16.350 0/-0.008,Ø16.350,0,-0.008,stacked_normal,False,False,0.18
1784,syn_001784.png,images/syn_001784.png,55.325 +0.015/-0.005,55.325,+0.015,-0.005,stacked_fraction,True,False,0.78
1785,syn_001785.png,images/syn_001785.png,76.753 +0.005/0,76.753,+0.005,0,stacked_fraction,True,False,3.17
1786,syn_001786.png,images/syn_001786.png,56.003 -0.002/-0.007,56.003,-0.002,-0.007,stacked_normal,False,False,0.53
1787,syn_001787.png,images/syn_001787.png,"45°8'13""","45°8'13""",,,angle_dms_full,False,False,15.13
1788,syn_001788.png,images/syn_001788.png,53.760 -0.001/-0.003,53.760,-0.001,-0.003,stacked_normal,False,False,-0.46
1789,syn_001789.png,images/syn_001789.png,120°43',120°43',,,angle_dms_min,False,False,-0.4
1790,syn_001790.png,images/syn_001790.png,R0.25MAX,R0.25MAX,,,simple_radius_corner,False,False,-0.46
1791,syn_001791.png,images/syn_001791.png,15°±30',15°,+30',-30',angle_dms_tol,False,False,-15.64
1792,syn_001792.png,images/syn_001792.png,Ø2.160 +0.005/-0.002,Ø2.160,+0.005,-0.002,stacked_fraction,True,False,0.23
1793,syn_001793.png,images/syn_001793.png,75 +0.004/+0.001,75,+0.004,+0.001,stacked_fraction,True,False,-0.37
1794,syn_001794.png,images/syn_001794.png,56.003 -0.002/-0.005,56.003,-0.002,-0.005,stacked_normal,False,False,-0.26
1795,syn_001795.png,images/syn_001795.png,0.652 0/-0.005,0.652,0,-0.005,stacked_normal,False,False,-0.35
1796,syn_001796.png,images/syn_001796.png,"90°56'25""","90°56'25""",,,angle_dms_full,False,False,45.65
1797,syn_001797.png,images/syn_001797.png,4.026±0.05,4.026,+0.05,-0.05,symmetric_tight,False,False,-0.45
1798,syn_001798.png,images/syn_001798.png,16.829 -0.005/-0.01,16.829,-0.005,-0.01,stacked_fraction,True,False,-0.27
1799,syn_001799.png,images/syn_001799.png,Ø31.824 -0.002/-0.005,Ø31.824,-0.002,-0.005,stacked_fraction,True,False,-0.15
1800,syn_001800.png,images/syn_001800.png,5.04 0/-0.003,5.04,0,-0.003,stacked_normal,False,False,-0.64
1801,syn_001801.png,images/syn_001801.png,"30°18'7""","30°18'7""",,,angle_dms_full,False,False,-0.73
1802,syn_001802.png,images/syn_001802.png,12.160 +0.003/+0.001,12.160,+0.003,+0.001,stacked_normal,False,False,4.91
1803,syn_001803.png,images/syn_001803.png,59.015 +0.008/+0.005,59.015,+0.008,+0.005,stacked_normal,False,False,0.24
1804,syn_001804.png,images/syn_001804.png,"0°58'11""","0°58'11""",,,angle_dms_full,False,False,-13.93
1805,syn_001805.png,images/syn_001805.png,R85.853 +0.006/+0.001,R85.853,+0.006,+0.001,stacked_normal,False,False,0.14
1806,syn_001806.png,images/syn_001806.png,10.020 +0.007/+0.005,10.020,+0.007,+0.005,stacked_fraction,True,False,-0.29
1807,syn_001807.png,images/syn_001807.png,2x M4,2x M4,,,simple_thread_qty,False,False,0.39
1808,syn_001808.png,images/syn_001808.png,R1.0MIN,R1.0MIN,,,simple_radius_corner,False,False,0.46
1809,syn_001809.png,images/syn_001809.png,Ø11.89 -0.01/-0.015,Ø11.89,-0.01,-0.015,stacked_fraction,True,False,0.44
1810,syn_001810.png,images/syn_001810.png,Ø40.358±0.025,Ø40.358,+0.025,-0.025,symmetric_tight,False,False,0.1
1811,syn_001811.png,images/syn_001811.png,75 +0.03/0,75,+0.03,0,stacked_fraction,True,False,-0.78
1812,syn_001812.png,images/syn_001812.png,Ø0.4672 +0.01/0,Ø0.4672,+0.01,0,stacked_fraction,True,False,-0.41
1813,syn_001813.png,images/syn_001813.png,Ø62.169 +0.005/+0.002,Ø62.169,+0.005,+0.002,stacked_fraction,True,False,-0.52
1814,syn_001814.png,images/syn_001814.png,Ø0.4749 +0.01/-0.002,Ø0.4749,+0.01,-0.002,stacked_fraction,True,False,0.59
1815,syn_001815.png,images/syn_001815.png,24.50 -0.003/-0.008,24.50,-0.003,-0.008,stacked_fraction,True,False,-0.05
1816,syn_001816.png,images/syn_001816.png,C21.371±0.1,C21.371,+0.1,-0.1,symmetric_tight,False,False,0.14
1817,syn_001817.png,images/syn_001817.png,C0.25,C0.25,,,simple_chamfer,False,False,0.27
1818,syn_001818.png,images/syn_001818.png,58.530,58.530,,,simple_nominal_plain,False,False,-0.04
1819,syn_001819.png,images/syn_001819.png,1.151±0.005,1.151,+0.005,-0.005,symmetric_tight,False,False,-0.25
1820,syn_001820.png,images/syn_001820.png,51.193 +0.05/0,51.193,+0.05,0,stacked_fraction,True,False,0.49
1821,syn_001821.png,images/syn_001821.png,35.726 +0.007/+0.005,35.726,+0.007,+0.005,stacked_normal,False,False,-0.06
1822,syn_001822.png,images/syn_001822.png,R2 MIN,R2 MIN,,,simple_radius_corner,False,False,-0.66
1823,syn_001823.png,images/syn_001823.png,Ø12.50 +0.05/0,Ø12.50,+0.05,0,stacked_fraction,True,False,0.21
1824,syn_001824.png,images/syn_001824.png,C0.1,C0.1,,,simple_chamfer,False,False,16.16
1825,syn_001825.png,images/syn_001825.png,"15°46'55""","15°46'55""",,,angle_dms_full,False,False,31.21
1826,syn_001826.png,images/syn_001826.png,90°±30',90°,+30',-30',angle_dms_tol,False,False,0.42
1827,syn_001827.png,images/syn_001827.png,Ø5.833±0.1,Ø5.833,+0.1,-0.1,symmetric_tight,False,False,-0.47
1828,syn_001828.png,images/syn_001828.png,"1° 54' 10""","1° 54' 10""",,,angle_dms_full,False,False,-61.17
1829,syn_001829.png,images/syn_001829.png,Ø15.80 0/-0.01,Ø15.80,0,-0.01,stacked_fraction,True,False,0.78
1830,syn_001830.png,images/syn_001830.png,12.155 +0.05/-0.03,12.155,+0.05,-0.03,stacked_fraction,True,False,0.2
1831,syn_001831.png,images/syn_001831.png,0.052°,0.052°,,,angle_decimal_deg,False,False,-0.24
1832,syn_001832.png,images/syn_001832.png,R1.0 MAX,R1.0 MAX,,,simple_radius_corner,False,False,-0.33
1833,syn_001833.png,images/syn_001833.png,C0.25,C0.25,,,simple_chamfer,False,False,0.18
1834,syn_001834.png,images/syn_001834.png,Ø60 -0.002/-0.004,Ø60,-0.002,-0.004,stacked_normal,False,False,-0.38
1835,syn_001835.png,images/syn_001835.png,C2.0,C2.0,,,simple_chamfer,False,False,-60.94
1836,syn_001836.png,images/syn_001836.png,25 0/-0.005,25,0,-0.005,stacked_normal,False,False,5.39
1837,syn_001837.png,images/syn_001837.png,0.0565 +0.002/0,0.0565,+0.002,0,stacked_fraction,True,False,-0.08
1838,syn_001838.png,images/syn_001838.png,Ø65.612 +0.05/-0.02,Ø65.612,+0.05,-0.02,stacked_fraction,True,False,0.55
1839,syn_001839.png,images/syn_001839.png,Ø26.902±0.1,Ø26.902,+0.1,-0.1,symmetric_tight,False,False,0.01
1840,syn_001840.png,images/syn_001840.png,75 +0.01/-0.03,75,+0.01,-0.03,stacked_fraction,True,False,-0.13
1841,syn_001841.png,images/syn_001841.png,15.80 +0.013/+0.01,15.80,+0.013,+0.01,stacked_normal,False,False,-0.12
1842,syn_001842.png,images/syn_001842.png,0.523°,0.523°,,,angle_decimal_deg,False,False,-30.15
1843,syn_001843.png,images/syn_001843.png,C4.026 +0.008/+0.005,C4.026,+0.008,+0.005,stacked_normal,False,False,0.05
1844,syn_001844.png,images/syn_001844.png,Ø45.054 +0.02/0,Ø45.054,+0.02,0,stacked_fraction,True,False,0.42
1845,syn_001845.png,images/syn_001845.png,10.50 +0.05/-0.002,10.50,+0.05,-0.002,stacked_fraction,True,False,0.25
1846,syn_001846.png,images/syn_001846.png,23.684,23.684,,,simple_nominal_plain,False,False,0.13
1847,syn_001847.png,images/syn_001847.png,12.155,12.155,,,simple_nominal_plain,False,False,0.27
1848,syn_001848.png,images/syn_001848.png,"45°45'18""","45°45'18""",,,angle_dms_full,False,False,59.43
1849,syn_001849.png,images/syn_001849.png,4.04 0/-0.003,4.04,0,-0.003,stacked_fraction,True,False,0.57
1850,syn_001850.png,images/syn_001850.png,90.5°,90.5°,,,angle_decimal_deg,False,False,60.02
1851,syn_001851.png,images/syn_001851.png,3.032 0/-0.003,3.032,0,-0.003,stacked_fraction,True,False,-0.14
1852,syn_001852.png,images/syn_001852.png,C0.2,C0.2,,,simple_chamfer,False,False,-0.47
1853,syn_001853.png,images/syn_001853.png,7.525 -0.001/-0.004,7.525,-0.001,-0.004,stacked_normal,False,False,0.42
1854,syn_001854.png,images/syn_001854.png,0.2733 +0.02/0,0.2733,+0.02,0,stacked_normal,False,False,0.62
1855,syn_001855.png,images/syn_001855.png,30,30,,,simple_nominal_plain,False,False,0.43
1856,syn_001856.png,images/syn_001856.png,0.4806 +0.015/0,0.4806,+0.015,0,stacked_fraction,True,False,-0.52
1857,syn_001857.png,images/syn_001857.png,R0.5 MIN,R0.5 MIN,,,simple_radius_corner,False,False,-31.41
1858,syn_001858.png,images/syn_001858.png,12.150 +0.002/0,12.150,+0.002,0,stacked_normal,False,False,0.02
1859,syn_001859.png,images/syn_001859.png,15°±1°,15°,+1°,-1°,angle_dms_tol,False,False,-0.05
1860,syn_001860.png,images/syn_001860.png,Ø11.89±0.01,Ø11.89,+0.01,-0.01,symmetric_tight,False,False,0.28
1861,syn_001861.png,images/syn_001861.png,45°24',45°24',,,angle_dms_min,False,False,60.62
1862,syn_001862.png,images/syn_001862.png,0.290 +0.015/-0.02,0.290,+0.015,-0.02,stacked_fraction,True,False,0.13
1863,syn_001863.png,images/syn_001863.png,26.018 -0.01/-0.015,26.018,-0.01,-0.015,stacked_fraction,True,False,-0.76
1864,syn_001864.png,images/syn_001864.png,50.289 -0.002/-0.007,50.289,-0.002,-0.007,stacked_normal,False,False,0.33
1865,syn_001865.png,images/syn_001865.png,30°±1°,30°,+1°,-1°,angle_dms_tol,False,False,29.59
1866,syn_001866.png,images/syn_001866.png,5.04 +0.015/-0.02,5.04,+0.015,-0.02,stacked_fraction,True,False,0.31
1867,syn_001867.png,images/syn_001867.png,60°±10',60°,+10',-10',angle_dms_tol,False,False,60.28
1868,syn_001868.png,images/syn_001868.png,Ø0.673 -0.005/-0.01,Ø0.673,-0.005,-0.01,stacked_normal,False,False,-0.35
1869,syn_001869.png,images/syn_001869.png,C2.0,C2.0,,,simple_chamfer,False,False,-43.86
1870,syn_001870.png,images/syn_001870.png,Ø25.761 +0.005/+0.002,Ø25.761,+0.005,+0.002,stacked_normal,False,False,-0.16
1871,syn_001871.png,images/syn_001871.png,0.290 +0.003/0,0.290,+0.003,0,stacked_normal,False,False,0.27
1872,syn_001872.png,images/syn_001872.png,0.652 0/-0.008,0.652,0,-0.008,stacked_fraction,True,False,-0.76
1873,syn_001873.png,images/syn_001873.png,R0.1243 +0.013/+0.01,R0.1243,+0.013,+0.01,stacked_fraction,True,False,-0.0
1874,syn_001874.png,images/syn_001874.png,M57.63 -0.003/-0.008,M57.63,-0.003,-0.008,stacked_normal,False,False,0.05
1875,syn_001875.png,images/syn_001875.png,84.837 +0.004/+0.002,84.837,+0.004,+0.002,stacked_fraction,True,False,-0.79
1876,syn_001876.png,images/syn_001876.png,0.652 0/-0.003,0.652,0,-0.003,stacked_normal,False,False,0.31
1877,syn_001877.png,images/syn_001877.png,"12°24'21""","12°24'21""",,,angle_dms_full,False,False,46.27
1878,syn_001878.png,images/syn_001878.png,Ø10.50 +0.05/0,Ø10.50,+0.05,0,stacked_fraction,True,False,-0.63
1879,syn_001879.png,images/syn_001879.png,M7.525 +0.02/-0.02,M7.525,+0.02,-0.02,stacked_normal,False,False,-0.58
1880,syn_001880.png,images/syn_001880.png,Ø5.04 0/-0.03,Ø5.04,0,-0.03,stacked_normal,False,False,0.19
1881,syn_001881.png,images/syn_001881.png,10.50 +0.005/0,10.50,+0.005,0,stacked_normal,False,False,0.48
1882,syn_001882.png,images/syn_001882.png,6.279 +0.003/0,6.279,+0.003,0,stacked_fraction,True,False,0.44
1883,syn_001883.png,images/syn_001883.png,12° 48',12° 48',,,angle_dms_min,False,False,-46.38
1884,syn_001884.png,images/syn_001884.png,Ø3.032±0.05,Ø3.032,+0.05,-0.05,symmetric_tight,False,False,-0.79
1885,syn_001885.png,images/syn_001885.png,Ø0.25±0.015,Ø0.25,+0.015,-0.015,symmetric_tight,False,False,-0.54
1886,syn_001886.png,images/syn_001886.png,Ø2.75±0.002,Ø2.75,+0.002,-0.002,symmetric_tight,False,False,-0.12
1887,syn_001887.png,images/syn_001887.png,"25°56'6""","25°56'6""",,,angle_dms_full,False,False,0.79
1888,syn_001888.png,images/syn_001888.png,Ø73.65 0/-0.002,Ø73.65,0,-0.002,stacked_normal,False,False,-0.05
1889,syn_001889.png,images/syn_001889.png,Ø18.292±0.01,Ø18.292,+0.01,-0.01,symmetric_tight,False,False,0.02
1890,syn_001890.png,images/syn_001890.png,Ø30,Ø30,,,simple_diameter,False,False,-0.09
1891,syn_001891.png,images/syn_001891.png,0°19',0°19',,,angle_dms_min,False,False,-0.79
1892,syn_001892.png,images/syn_001892.png,24.50 0/-0.01,24.50,0,-0.01,stacked_fraction,True,False,-0.67
1893,syn_001893.png,images/syn_001893.png,R0.2 MIN,R0.2 MIN,,,simple_radius_corner,False,False,-44.07
1894,syn_001894.png,images/syn_001894.png,M2.75 +0.03/0,M2.75,+0.03,0,stacked_fraction,True,False,0.72
1895,syn_001895.png,images/syn_001895.png,R1.0MAX,R1.0MAX,,,simple_radius_corner,False,False,44.12
1896,syn_001896.png,images/syn_001896.png,Ø21.898 0/-0.002,Ø21.898,0,-0.002,stacked_normal,False,False,0.19
1897,syn_001897.png,images/syn_001897.png,12°25',12°25',,,angle_dms_min,False,False,-0.66
1898,syn_001898.png,images/syn_001898.png,R5 MAX,R5 MAX,,,simple_radius_corner,False,False,0.05
1899,syn_001899.png,images/syn_001899.png,(25.4),(25.4),,,simple_boxed_ref,False,False,-0.75
1900,syn_001900.png,images/syn_001900.png,R5MIN,R5MIN,,,simple_radius_corner,False,False,-0.29
1901,syn_001901.png,images/syn_001901.png,24.50 +0.02/0,24.50,+0.02,0,stacked_normal,False,False,0.78
1902,syn_001902.png,images/syn_001902.png,53.065 -0.001/-0.004,53.065,-0.001,-0.004,stacked_normal,False,False,0.48
1903,syn_001903.png,images/syn_001903.png,0.3701±0.1,0.3701,+0.1,-0.1,symmetric_tight,False,False,0.26
1904,syn_001904.png,images/syn_001904.png,C0.05,C0.05,,,simple_chamfer,False,False,-0.38
1905,syn_001905.png,images/syn_001905.png,90.5°,90.5°,,,angle_decimal_deg,False,False,0.59
1906,syn_001906.png,images/syn_001906.png,Ø0.008 0/-0.02,Ø0.008,0,-0.02,stacked_normal,False,False,0.6
1907,syn_001907.png,images/syn_001907.png,12.022 +0.004/+0.001,12.022,+0.004,+0.001,stacked_normal,False,False,-0.78
1908,syn_001908.png,images/syn_001908.png,R2 MAX,R2 MAX,,,simple_radius_corner,False,False,-0.18
1909,syn_001909.png,images/syn_001909.png,64.099 +0.007/+0.005,64.099,+0.007,+0.005,stacked_normal,False,False,0.7
1910,syn_001910.png,images/syn_001910.png,31.739 0/-0.005,31.739,0,-0.005,stacked_fraction,True,False,-0.72
1911,syn_001911.png,images/syn_001911.png,56.003 -0.002/-0.005,56.003,-0.002,-0.005,stacked_fraction,True,False,0.24
1912,syn_001912.png,images/syn_001912.png,90° 52',90° 52',,,angle_dms_min,False,False,0.42
1913,syn_001913.png,images/syn_001913.png,Ø10.50±0.015,Ø10.50,+0.015,-0.015,symmetric_tight,False,False,0.51
1914,syn_001914.png,images/syn_001914.png,"89°18'2""","89°18'2""",,,angle_dms_full,False,False,-0.18
1915,syn_001915.png,images/syn_001915.png,0.1229 +0.05/-0.01,0.1229,+0.05,-0.01,stacked_fraction,True,False,0.41
1916,syn_001916.png,images/syn_001916.png,Ø0.0097 -0.003/-0.006,Ø0.0097,-0.003,-0.006,stacked_fraction,True,False,0.16
1917,syn_001917.png,images/syn_001917.png,67.812 +0.004/+0.001,67.812,+0.004,+0.001,stacked_fraction,True,False,-0.13
1918,syn_001918.png,images/syn_001918.png,0.652 +0.01/+0.005,0.652,+0.01,+0.005,stacked_normal,False,False,-0.52
1919,syn_001919.png,images/syn_001919.png,C19.160 +0.015/-0.002,C19.160,+0.015,-0.002,stacked_normal,False,False,0.38
1920,syn_001920.png,images/syn_001920.png,R6.969±0.02,R6.969,+0.02,-0.02,symmetric_tight,False,False,0.42
1921,syn_001921.png,images/syn_001921.png,Ø0.941 0/-0.005,Ø0.941,0,-0.005,stacked_normal,False,False,-0.26
1922,syn_001922.png,images/syn_001922.png,51.880±0.002,51.880,+0.002,-0.002,symmetric_tight,False,False,0.25
1923,syn_001923.png,images/syn_001923.png,75±0.015,75,+0.015,-0.015,symmetric_tight,False,False,-0.4
1924,syn_001924.png,images/syn_001924.png,R0.1931 -0.002/-0.007,R0.1931,-0.002,-0.007,stacked_normal,False,False,-0.29
1925,syn_001925.png,images/syn_001925.png,"30°16'50""","30°16'50""",,,angle_dms_full,False,False,-45.78
1926,syn_001926.png,images/syn_001926.png,26.197 0/-0.015,26.197,0,-0.015,stacked_fraction,True,False,-0.69
1927,syn_001927.png,images/syn_001927.png,33.613 -0.01/-0.015,33.613,-0.01,-0.015,stacked_normal,False,False,0.52
1928,syn_001928.png,images/syn_001928.png,Ø35.726 +0.005/0,Ø35.726,+0.005,0,stacked_normal,False,False,-3.74
1929,syn_001929.png,images/syn_001929.png,0.0782 +0.006/+0.001,0.0782,+0.006,+0.001,stacked_normal,False,False,-0.29
1930,syn_001930.png,images/syn_001930.png,4.378 +0.015/-0.03,4.378,+0.015,-0.03,stacked_fraction,True,False,2.63
1931,syn_001931.png,images/syn_001931.png,C73.65 +0.015/0,C73.65,+0.015,0,stacked_fraction,True,False,-0.49
1932,syn_001932.png,images/syn_001932.png,0.25±0.02,0.25,+0.02,-0.02,symmetric_tight,False,False,-0.57
1933,syn_001933.png,images/syn_001933.png,15.80 -0.01/-0.012,15.80,-0.01,-0.012,stacked_fraction,True,False,-0.36
1934,syn_001934.png,images/syn_001934.png,Ø7.525 -0.002/-0.007,Ø7.525,-0.002,-0.007,stacked_normal,False,False,-5.71
1935,syn_001935.png,images/syn_001935.png,R2.160 +0.01/0,R2.160,+0.01,0,stacked_fraction,True,False,-0.18
1936,syn_001936.png,images/syn_001936.png,Ø56.582±0.005,Ø56.582,+0.005,-0.005,symmetric_tight,False,False,-0.44
1937,syn_001937.png,images/syn_001937.png,46.262 -0.005/-0.008,46.262,-0.005,-0.008,stacked_normal,False,False,-0.51
1938,syn_001938.png,images/syn_001938.png,0.25 +0.03/0,0.25,+0.03,0,stacked_normal,False,False,0.02
1939,syn_001939.png,images/syn_001939.png,Ø12.150 -0.003/-0.008,Ø12.150,-0.003,-0.008,stacked_fraction,True,False,-0.15
1940,syn_001940.png,images/syn_001940.png,R5MIN,R5MIN,,,simple_radius_corner,False,False,0.41
1941,syn_001941.png,images/syn_001941.png,Ø67.139 0/-0.05,Ø67.139,0,-0.05,stacked_normal,False,False,0.27
1942,syn_001942.png,images/syn_001942.png,32 +0.02/0,32,+0.02,0,stacked_fraction,True,False,0.59
1943,syn_001943.png,images/syn_001943.png,45°25',45°25',,,angle_dms_min,False,False,-0.29
1944,syn_001944.png,images/syn_001944.png,R50.00 +0.02/0,R50.00,+0.02,0,stacked_normal,False,False,0.52
1945,syn_001945.png,images/syn_001945.png,14.941 -0.005/-0.007,14.941,-0.005,-0.007,stacked_fraction,True,False,0.44
1946,syn_001946.png,images/syn_001946.png,M0.1580 +0.02/-0.03,M0.1580,+0.02,-0.03,stacked_normal,False,False,0.77
1947,syn_001947.png,images/syn_001947.png,0.652±0.002,0.652,+0.002,-0.002,symmetric_tight,False,False,0.22
1948,syn_001948.png,images/syn_001948.png,2.75 +0.003/0,2.75,+0.003,0,stacked_normal,False,False,-2.67
1949,syn_001949.png,images/syn_001949.png,"30° 30' 41""","30° 30' 41""",,,angle_dms_full,False,False,0.24
1950,syn_001950.png,images/syn_001950.png,Ø20 0/-0.02,Ø20,0,-0.02,stacked_normal,False,False,0.35
1951,syn_001951.png,images/syn_001951.png,R0.25 MAX,R0.25 MAX,,,simple_radius_corner,False,False,-13.54
1952,syn_001952.png,images/syn_001952.png,M44.625 +0.007/+0.005,M44.625,+0.007,+0.005,stacked_fraction,True,False,0.55
1953,syn_001953.png,images/syn_001953.png,M8,M8,,,simple_thread_qty,False,False,0.34
1954,syn_001954.png,images/syn_001954.png,C0.3316 +0.02/-0.002,C0.3316,+0.02,-0.002,stacked_normal,False,False,-0.42
1955,syn_001955.png,images/syn_001955.png,50.324±0.015,50.324,+0.015,-0.015,symmetric_tight,False,False,-0.52
1956,syn_001956.png,images/syn_001956.png,12°13',12°13',,,angle_dms_min,False,False,0.21
1957,syn_001957.png,images/syn_001957.png,"0°27'4""","0°27'4""",,,angle_dms_full,False,False,-0.29
1958,syn_001958.png,images/syn_001958.png,Ø87.291±0.1,Ø87.291,+0.1,-0.1,symmetric_tight,False,False,0.37
1959,syn_001959.png,images/syn_001959.png,7.525±0.02,7.525,+0.02,-0.02,symmetric_tight,False,False,-0.31
1960,syn_001960.png,images/syn_001960.png,73.65,73.65,,,simple_boxed_ref,False,True,-0.0
1961,syn_001961.png,images/syn_001961.png,7.671,7.671,,,simple_nominal_plain,False,False,0.71
1962,syn_001962.png,images/syn_001962.png,0.652±0.05,0.652,+0.05,-0.05,symmetric_tight,False,False,0.65
1963,syn_001963.png,images/syn_001963.png,0.0927 +0.005/-0.02,0.0927,+0.005,-0.02,stacked_normal,False,False,-0.42
1964,syn_001964.png,images/syn_001964.png,20 +0.02/-0.03,20,+0.02,-0.03,stacked_normal,False,False,-0.4
1965,syn_001965.png,images/syn_001965.png,16.350 +0.01/0,16.350,+0.01,0,stacked_normal,False,False,0.35
1966,syn_001966.png,images/syn_001966.png,R73.65 +0.006/+0.001,R73.65,+0.006,+0.001,stacked_normal,False,False,0.46
1967,syn_001967.png,images/syn_001967.png,5.04 +0.03/0,5.04,+0.03,0,stacked_fraction,True,False,-0.31
1968,syn_001968.png,images/syn_001968.png,C0.15,C0.15,,,simple_chamfer,False,False,-0.25
1969,syn_001969.png,images/syn_001969.png,73.65 0/-0.005,73.65,0,-0.005,stacked_fraction,True,False,0.18
1970,syn_001970.png,images/syn_001970.png,26.571 +0.02/0,26.571,+0.02,0,stacked_fraction,True,False,0.53
1971,syn_001971.png,images/syn_001971.png,"89°44'2""","89°44'2""",,,angle_dms_full,False,False,0.12
1972,syn_001972.png,images/syn_001972.png,3.032 +0.004/+0.001,3.032,+0.004,+0.001,stacked_normal,False,False,0.15
1973,syn_001973.png,images/syn_001973.png,Ø50.324 +0.015/-0.005,Ø50.324,+0.015,-0.005,stacked_normal,False,False,-0.18
1974,syn_001974.png,images/syn_001974.png,0.008 +0.01/-0.002,0.008,+0.01,-0.002,stacked_fraction,True,False,0.49
1975,syn_001975.png,images/syn_001975.png,60° 16',60° 16',,,angle_dms_min,False,False,29.61
1976,syn_001976.png,images/syn_001976.png,14.542 +0.015/-0.03,14.542,+0.015,-0.03,stacked_fraction,True,False,-0.6
1977,syn_001977.png,images/syn_001977.png,90°±5',90°,+5',-5',angle_dms_tol,False,False,0.57
1978,syn_001978.png,images/syn_001978.png,12.160 +0.005/0,12.160,+0.005,0,stacked_normal,False,False,2.07
1979,syn_001979.png,images/syn_001979.png,20 -0.005/-0.007,20,-0.005,-0.007,stacked_normal,False,False,0.72
1980,syn_001980.png,images/syn_001980.png,75 0/-0.005,75,0,-0.005,stacked_fraction,True,False,0.09
1981,syn_001981.png,images/syn_001981.png,12.50 +0.002/0,12.50,+0.002,0,stacked_normal,False,False,-0.61
1982,syn_001982.png,images/syn_001982.png,Ø12,Ø12,,,simple_diameter,False,False,-0.62
1983,syn_001983.png,images/syn_001983.png,17.649 +0.002/0,17.649,+0.002,0,stacked_normal,False,False,0.27
1984,syn_001984.png,images/syn_001984.png,0.0590 +0.01/0,0.0590,+0.01,0,stacked_normal,False,False,0.54
1985,syn_001985.png,images/syn_001985.png,C60 +0.02/0,C60,+0.02,0,stacked_fraction,True,False,0.1
1986,syn_001986.png,images/syn_001986.png,79.356 0/-0.05,79.356,0,-0.05,stacked_fraction,True,False,-0.63
1987,syn_001987.png,images/syn_001987.png,45° 11',45° 11',,,angle_dms_min,False,False,-0.73
1988,syn_001988.png,images/syn_001988.png,0.0040 +0.013/+0.01,0.0040,+0.013,+0.01,stacked_normal,False,False,0.78
1989,syn_001989.png,images/syn_001989.png,10.50 +0.005/0,10.50,+0.005,0,stacked_fraction,True,False,0.17
1990,syn_001990.png,images/syn_001990.png,16 +0.02/0,16,+0.02,0,stacked_normal,False,False,0.75
1991,syn_001991.png,images/syn_001991.png,R3 MIN,R3 MIN,,,simple_radius_corner,False,False,45.21
1992,syn_001992.png,images/syn_001992.png,M50.324 +0.007/+0.002,M50.324,+0.007,+0.002,stacked_fraction,True,False,0.06
1993,syn_001993.png,images/syn_001993.png,70.601 -0.001/-0.004,70.601,-0.001,-0.004,stacked_normal,False,False,0.47
1994,syn_001994.png,images/syn_001994.png,R1.0 MIN,R1.0 MIN,,,simple_radius_corner,False,False,-0.42
1995,syn_001995.png,images/syn_001995.png,Ø4.026±0.015,Ø4.026,+0.015,-0.015,symmetric_tight,False,False,-0.39
1996,syn_001996.png,images/syn_001996.png,R0.0746 +0.015/0,R0.0746,+0.015,0,stacked_normal,False,False,0.47
1997,syn_001997.png,images/syn_001997.png,M0.1762 0/-0.003,M0.1762,0,-0.003,stacked_fraction,True,False,-0.64
1998,syn_001998.png,images/syn_001998.png,15.80 0/-0.002,15.80,0,-0.002,stacked_fraction,True,False,-0.7
1999,syn_001999.png,images/syn_001999.png,Ø3.032 +0.013/+0.01,Ø3.032,+0.013,+0.01,stacked_fraction,True,False,0.25
2000,syn_002000.png,images/syn_002000.png,90.5°,90.5°,,,angle_decimal_deg,False,False,0.52
2001,syn_002001.png,images/syn_002001.png,Ø11.89 0/-0.005,Ø11.89,0,-0.005,stacked_normal,False,False,-0.24
2002,syn_002002.png,images/syn_002002.png,12.155 0/-0.008,12.155,0,-0.008,stacked_fraction,True,False,0.07
2003,syn_002003.png,images/syn_002003.png,C73.65±0.1,C73.65,+0.1,-0.1,symmetric_tight,False,False,0.16
2004,syn_002004.png,images/syn_002004.png,2.75,2.75,,,simple_nominal_plain,False,False,-0.16
2005,syn_002005.png,images/syn_002005.png,30°±5',30°,+5',-5',angle_dms_tol,False,False,-0.3
2006,syn_002006.png,images/syn_002006.png,10.50±0.02,10.50,+0.02,-0.02,symmetric_tight,False,False,-0.15
2007,syn_002007.png,images/syn_002007.png,0.087°,0.087°,,,angle_decimal_deg,False,False,-31.26
2008,syn_002008.png,images/syn_002008.png,4.033,4.033,,,simple_nominal_plain,False,False,0.75
2009,syn_002009.png,images/syn_002009.png,30.825 0/-0.03,30.825,0,-0.03,stacked_fraction,True,False,-0.4
2010,syn_002010.png,images/syn_002010.png,R0.05,R0.05,,,simple_radius_corner,False,False,-0.06
2011,syn_002011.png,images/syn_002011.png,12.155 +0.004/+0.002,12.155,+0.004,+0.002,stacked_normal,False,False,0.68
2012,syn_002012.png,images/syn_002012.png,R0.2951 +0.01/-0.03,R0.2951,+0.01,-0.03,stacked_fraction,True,False,5.38
2013,syn_002013.png,images/syn_002013.png,31.205±0.05,31.205,+0.05,-0.05,symmetric_tight,False,False,-0.04
2014,syn_002014.png,images/syn_002014.png,0.5°,0.5°,,,angle_decimal_deg,False,False,-0.19
2015,syn_002015.png,images/syn_002015.png,75.455 +0.007/+0.002,75.455,+0.007,+0.002,stacked_fraction,True,False,-0.03
2016,syn_002016.png,images/syn_002016.png,4.04±0.015,4.04,+0.015,-0.015,symmetric_tight,False,False,0.23
2017,syn_002017.png,images/syn_002017.png,4.04 +0.01/0,4.04,+0.01,0,stacked_fraction,True,False,-5.85
2018,syn_002018.png,images/syn_002018.png,93.402 -0.001/-0.004,93.402,-0.001,-0.004,stacked_normal,False,False,-0.62
2019,syn_002019.png,images/syn_002019.png,94.646±0.05,94.646,+0.05,-0.05,symmetric_tight,False,False,1.29
2020,syn_002020.png,images/syn_002020.png,45.5°,45.5°,,,angle_decimal_deg,False,False,-0.03
2021,syn_002021.png,images/syn_002021.png,M8,M8,,,simple_thread_qty,False,False,-0.38
2022,syn_002022.png,images/syn_002022.png,40 +0.01/0,40,+0.01,0,stacked_normal,False,False,0.02
2023,syn_002023.png,images/syn_002023.png,14.941 +0.02/0,14.941,+0.02,0,stacked_fraction,True,False,-0.51
2024,syn_002024.png,images/syn_002024.png,11.89±0.02,11.89,+0.02,-0.02,symmetric_tight,False,False,0.13
2025,syn_002025.png,images/syn_002025.png,25 +0.05/-0.03,25,+0.05,-0.03,stacked_normal,False,False,0.72
2026,syn_002026.png,images/syn_002026.png,0.941 +0.01/0,0.941,+0.01,0,stacked_fraction,True,False,0.09
2027,syn_002027.png,images/syn_002027.png,10.50 +0.015/0,10.50,+0.015,0,stacked_fraction,True,False,-0.07
2028,syn_002028.png,images/syn_002028.png,R0.652 0/-0.03,R0.652,0,-0.03,stacked_fraction,True,False,0.73
2029,syn_002029.png,images/syn_002029.png,Ø12.50 +0.01/+0.005,Ø12.50,+0.01,+0.005,stacked_normal,False,False,-0.15
2030,syn_002030.png,images/syn_002030.png,Ø23.742 +0.007/+0.005,Ø23.742,+0.007,+0.005,stacked_normal,False,False,5.33
2031,syn_002031.png,images/syn_002031.png,C0.2,C0.2,,,simple_chamfer,False,False,-0.35
2032,syn_002032.png,images/syn_002032.png,"2°3'5""","2°3'5""",,,angle_dms_full,False,False,0.57
2033,syn_002033.png,images/syn_002033.png,R71.168 +0.02/0,R71.168,+0.02,0,stacked_normal,False,False,0.37
2034,syn_002034.png,images/syn_002034.png,26.197 -0.005/-0.008,26.197,-0.005,-0.008,stacked_fraction,True,False,-0.71
2035,syn_002035.png,images/syn_002035.png,Ø50.00 +0.002/0,Ø50.00,+0.002,0,stacked_normal,False,False,0.13
2036,syn_002036.png,images/syn_002036.png,R27.553 +0.05/0,R27.553,+0.05,0,stacked_normal,False,False,-0.33
2037,syn_002037.png,images/syn_002037.png,10.50 0/-0.005,10.50,0,-0.005,stacked_normal,False,False,0.66
2038,syn_002038.png,images/syn_002038.png,11.89 +0.05/-0.02,11.89,+0.05,-0.02,stacked_normal,False,False,-0.67
2039,syn_002039.png,images/syn_002039.png,90°±15',90°,+15',-15',angle_dms_tol,False,False,-14.76
2040,syn_002040.png,images/syn_002040.png,28.65°,28.65°,,,angle_decimal_deg,False,False,0.37
2041,syn_002041.png,images/syn_002041.png,Ø0.4561 0/-0.005,Ø0.4561,0,-0.005,stacked_fraction,True,False,0.76
2042,syn_002042.png,images/syn_002042.png,R0.25 0/-0.03,R0.25,0,-0.03,stacked_normal,False,False,-0.07
2043,syn_002043.png,images/syn_002043.png,Ø33.613 +0.015/+0.01,Ø33.613,+0.015,+0.01,stacked_fraction,True,False,0.12
2044,syn_002044.png,images/syn_002044.png,Ø0.4049±0.05,Ø0.4049,+0.05,-0.05,symmetric_tight,False,False,-0.03
2045,syn_002045.png,images/syn_002045.png,Ø29.471 0/-0.008,Ø29.471,0,-0.008,stacked_normal,False,False,0.35
2046,syn_002046.png,images/syn_002046.png,57.63 0/-0.008,57.63,0,-0.008,stacked_normal,False,False,0.17
2047,syn_002047.png,images/syn_002047.png,Ø24.5,Ø24.5,,,simple_diameter,False,False,-0.77
2048,syn_002048.png,images/syn_002048.png,60 +0.002/0,60,+0.002,0,stacked_normal,False,False,4.21
2049,syn_002049.png,images/syn_002049.png,4.026 +0.02/0,4.026,+0.02,0,stacked_normal,False,False,0.4
2050,syn_002050.png,images/syn_002050.png,5.04 +0.02/0,5.04,+0.02,0,stacked_fraction,True,False,-0.6
2051,syn_002051.png,images/syn_002051.png,61.313 0/-0.002,61.313,0,-0.002,stacked_normal,False,False,-0.08
2052,syn_002052.png,images/syn_002052.png,40,40,,,simple_nominal_plain,False,False,0.31
2053,syn_002053.png,images/syn_002053.png,Ø50.00 -0.003/-0.008,Ø50.00,-0.003,-0.008,stacked_normal,False,False,0.62
2054,syn_002054.png,images/syn_002054.png,0.3791 0/-0.03,0.3791,0,-0.03,stacked_fraction,True,False,0.45
2055,syn_002055.png,images/syn_002055.png,15°34',15°34',,,angle_dms_min,False,False,0.18
2056,syn_002056.png,images/syn_002056.png,56.003 +0.02/-0.03,56.003,+0.02,-0.03,stacked_normal,False,False,-0.24
2057,syn_002057.png,images/syn_002057.png,Ø24.50 -0.001/-0.004,Ø24.50,-0.001,-0.004,stacked_fraction,True,False,-1.14
2058,syn_002058.png,images/syn_002058.png,1.5,1.5,,,simple_nominal_plain,False,False,0.25
2059,syn_002059.png,images/syn_002059.png,0.3579±0.02,0.3579,+0.02,-0.02,symmetric_tight,False,False,0.05
2060,syn_002060.png,images/syn_002060.png,15°,15°,,,simple_angle_simple,False,False,-31.19
2061,syn_002061.png,images/syn_002061.png,7.525 +0.05/0,7.525,+0.05,0,stacked_normal,False,False,-0.72
2062,syn_002062.png,images/syn_002062.png,38.950±0.05,38.950,+0.05,-0.05,symmetric_tight,False,False,0.08
2063,syn_002063.png,images/syn_002063.png,7.525 -0.002/-0.005,7.525,-0.002,-0.005,stacked_normal,False,False,-0.76
2064,syn_002064.png,images/syn_002064.png,0.25 0/-0.002,0.25,0,-0.002,stacked_normal,False,False,-0.47
2065,syn_002065.png,images/syn_002065.png,R7.525 +0.02/-0.002,R7.525,+0.02,-0.002,stacked_normal,False,False,0.24
2066,syn_002066.png,images/syn_002066.png,R1.5 MAX,R1.5 MAX,,,simple_radius_corner,False,False,-46.06
2067,syn_002067.png,images/syn_002067.png,8.308 0/-0.01,8.308,0,-0.01,stacked_normal,False,False,-0.48
2068,syn_002068.png,images/syn_002068.png,50.00 0/-0.02,50.00,0,-0.02,stacked_normal,False,False,-0.59
2069,syn_002069.png,images/syn_002069.png,50.324±0.025,50.324,+0.025,-0.025,symmetric_tight,False,False,0.35
2070,syn_002070.png,images/syn_002070.png,1.998 0/-0.015,1.998,0,-0.015,stacked_normal,False,False,-0.16
2071,syn_002071.png,images/syn_002071.png,"75°5'43""","75°5'43""",,,angle_dms_full,False,False,-28.96
2072,syn_002072.png,images/syn_002072.png,C0.05,C0.05,,,simple_chamfer,False,False,59.2
2073,syn_002073.png,images/syn_002073.png,45.5°,45.5°,,,angle_decimal_deg,False,False,0.05
2074,syn_002074.png,images/syn_002074.png,R2.162 0/-0.005,R2.162,0,-0.005,stacked_normal,False,False,0.39
2075,syn_002075.png,images/syn_002075.png,C12.50 +0.05/-0.03,C12.50,+0.05,-0.03,stacked_normal,False,False,0.25
2076,syn_002076.png,images/syn_002076.png,4.04 0/-0.03,4.04,0,-0.03,stacked_normal,False,False,-2.92
2077,syn_002077.png,images/syn_002077.png,0.3089 +0.012/+0.01,0.3089,+0.012,+0.01,stacked_normal,False,False,4.75
2078,syn_002078.png,images/syn_002078.png,Ø30±0.025,Ø30,+0.025,-0.025,symmetric_tight,False,False,0.16
2079,syn_002079.png,images/syn_002079.png,Ø0.0960 +0.005/-0.02,Ø0.0960,+0.005,-0.02,stacked_normal,False,False,-0.54
2080,syn_002080.png,images/syn_002080.png,"0°26'6""","0°26'6""",,,angle_dms_full,False,False,0.06
2081,syn_002081.png,images/syn_002081.png,Ø57.63 +0.015/-0.01,Ø57.63,+0.015,-0.01,stacked_normal,False,False,0.52
2082,syn_002082.png,images/syn_002082.png,73.65±0.02,73.65,+0.02,-0.02,symmetric_tight,False,False,0.12
2083,syn_002083.png,images/syn_002083.png,R5MIN,R5MIN,,,simple_radius_corner,False,False,-0.19
2084,syn_002084.png,images/syn_002084.png,12.160,12.160,,,simple_boxed_ref,False,True,-0.16
2085,syn_002085.png,images/syn_002085.png,Ø75.192 -0.001/-0.003,Ø75.192,-0.001,-0.003,stacked_normal,False,False,0.74
2086,syn_002086.png,images/syn_002086.png,45°±1°,45°,+1°,-1°,angle_dms_tol,False,False,0.41
2087,syn_002087.png,images/syn_002087.png,C16±0.015,C16,+0.015,-0.015,symmetric_tight,False,False,-0.67
2088,syn_002088.png,images/syn_002088.png,26.197 +0.002/0,26.197,+0.002,0,stacked_fraction,True,False,-0.07
2089,syn_002089.png,images/syn_002089.png,Ø7.440±0.002,Ø7.440,+0.002,-0.002,symmetric_tight,False,False,-0.07
2090,syn_002090.png,images/syn_002090.png,5°8',5°8',,,angle_dms_min,False,False,60.86
2091,syn_002091.png,images/syn_002091.png,M73.65 +0.02/-0.01,M73.65,+0.02,-0.01,stacked_fraction,True,False,0.02
2092,syn_002092.png,images/syn_002092.png,12.5°,12.5°,,,angle_decimal_deg,False,False,29.72
2093,syn_002093.png,images/syn_002093.png,34.806 0/-0.015,34.806,0,-0.015,stacked_normal,False,False,-0.5
2094,syn_002094.png,images/syn_002094.png,24.5,24.5,,,simple_nominal_plain,False,False,0.06
2095,syn_002095.png,images/syn_002095.png,2.75 +0.015/0,2.75,+0.015,0,stacked_fraction,True,False,0.11
2096,syn_002096.png,images/syn_002096.png,Ø10 +0.01/-0.01,Ø10,+0.01,-0.01,stacked_fraction,True,False,-0.01
2097,syn_002097.png,images/syn_002097.png,"2°3'17""","2°3'17""",,,angle_dms_full,False,False,-0.29
2098,syn_002098.png,images/syn_002098.png,5.748 +0.02/0,5.748,+0.02,0,stacked_fraction,True,False,0.41
2099,syn_002099.png,images/syn_002099.png,17.224 +0.005/0,17.224,+0.005,0,stacked_normal,False,False,-0.62
2100,syn_002100.png,images/syn_002100.png,C1.5,C1.5,,,simple_chamfer,False,False,-0.68
2101,syn_002101.png,images/syn_002101.png,1.519,1.519,,,simple_nominal_plain,False,False,-0.1
2102,syn_002102.png,images/syn_002102.png,C14.941 0/-0.015,C14.941,0,-0.015,stacked_normal,False,False,0.8
2103,syn_002103.png,images/syn_002103.png,57.63 -0.01/-0.013,57.63,-0.01,-0.013,stacked_normal,False,False,-0.55
2104,syn_002104.png,images/syn_002104.png,Ø0.0117 +0.002/0,Ø0.0117,+0.002,0,stacked_fraction,True,False,0.28
2105,syn_002105.png,images/syn_002105.png,Ø22.009 -0.003/-0.006,Ø22.009,-0.003,-0.006,stacked_fraction,True,False,0.29
2106,syn_002106.png,images/syn_002106.png,15.80 0/-0.05,15.80,0,-0.05,stacked_normal,False,False,0.24
2107,syn_002107.png,images/syn_002107.png,4.04 0/-0.008,4.04,0,-0.008,stacked_normal,False,False,-0.18
2108,syn_002108.png,images/syn_002108.png,15°±10',15°,+10',-10',angle_dms_tol,False,False,-0.59
2109,syn_002109.png,images/syn_002109.png,2.75,2.75,,,simple_nominal_plain,False,False,0.03
2110,syn_002110.png,images/syn_002110.png,C0.008 +0.05/-0.03,C0.008,+0.05,-0.03,stacked_normal,False,False,-0.33
2111,syn_002111.png,images/syn_002111.png,5.04±0.01,5.04,+0.01,-0.01,symmetric_tight,False,False,-0.72
2112,syn_002112.png,images/syn_002112.png,84.180±0.1,84.180,+0.1,-0.1,symmetric_tight,False,False,0.71
2113,syn_002113.png,images/syn_002113.png,Ø0.008 +0.05/-0.02,Ø0.008,+0.05,-0.02,stacked_normal,False,False,4.23
2114,syn_002114.png,images/syn_002114.png,75.881 +0.004/+0.001,75.881,+0.004,+0.001,stacked_normal,False,False,0.64
2115,syn_002115.png,images/syn_002115.png,C16.350 +0.05/-0.002,C16.350,+0.05,-0.002,stacked_fraction,True,False,0.16
2116,syn_002116.png,images/syn_002116.png,0.652 +0.05/0,0.652,+0.05,0,stacked_fraction,True,False,0.73
2117,syn_002117.png,images/syn_002117.png,M50.324 0/-0.002,M50.324,0,-0.002,stacked_fraction,True,False,0.21
2118,syn_002118.png,images/syn_002118.png,Ø50.00 +0.05/-0.002,Ø50.00,+0.05,-0.002,stacked_normal,False,False,-0.42
2119,syn_002119.png,images/syn_002119.png,88.091 0/-0.03,88.091,0,-0.03,stacked_normal,False,False,0.45
2120,syn_002120.png,images/syn_002120.png,51.433 +0.012/+0.01,51.433,+0.012,+0.01,stacked_normal,False,False,-0.32
2121,syn_002121.png,images/syn_002121.png,0.4523±0.025,0.4523,+0.025,-0.025,symmetric_tight,False,False,0.09
2122,syn_002122.png,images/syn_002122.png,7.525 +0.002/0,7.525,+0.002,0,stacked_normal,False,False,0.5
2123,syn_002123.png,images/syn_002123.png,15.80 +0.02/0,15.80,+0.02,0,stacked_normal,False,False,-0.68
2124,syn_002124.png,images/syn_002124.png,49.978 -0.002/-0.004,49.978,-0.002,-0.004,stacked_normal,False,False,0.54
2125,syn_002125.png,images/syn_002125.png,Ø0.25 +0.02/0,Ø0.25,+0.02,0,stacked_fraction,True,False,0.16
2126,syn_002126.png,images/syn_002126.png,C2.0,C2.0,,,simple_chamfer,False,False,-0.26
2127,syn_002127.png,images/syn_002127.png,15°,15°,,,simple_angle_simple,False,False,0.21
2128,syn_002128.png,images/syn_002128.png,Ø50,Ø50,,,simple_diameter,False,False,0.2
2129,syn_002129.png,images/syn_002129.png,60°±10',60°,+10',-10',angle_dms_tol,False,False,-31.0
2130,syn_002130.png,images/syn_002130.png,90°±1°,90°,+1°,-1°,angle_dms_tol,False,False,15.74
2131,syn_002131.png,images/syn_002131.png,0.052°,0.052°,,,angle_decimal_deg,False,False,-14.27
2132,syn_002132.png,images/syn_002132.png,10.50 +0.013/+0.01,10.50,+0.013,+0.01,stacked_fraction,True,False,0.67
2133,syn_002133.png,images/syn_002133.png,Ø60 0/-0.02,Ø60,0,-0.02,stacked_normal,False,False,-0.12
2134,syn_002134.png,images/syn_002134.png,12.155 -0.01/-0.015,12.155,-0.01,-0.015,stacked_normal,False,False,0.73
2135,syn_002135.png,images/syn_002135.png,25 0/-0.02,25,0,-0.02,stacked_fraction,True,False,-0.28
2136,syn_002136.png,images/syn_002136.png,0.008±0.002,0.008,+0.002,-0.002,symmetric_tight,False,False,-0.27
2137,syn_002137.png,images/syn_002137.png,Ø2.75 -0.003/-0.008,Ø2.75,-0.003,-0.008,stacked_normal,False,False,0.17
2138,syn_002138.png,images/syn_002138.png,4.04 +0.03/0,4.04,+0.03,0,stacked_normal,False,False,0.47
2139,syn_002139.png,images/syn_002139.png,Ø60 0/-0.01,Ø60,0,-0.01,stacked_fraction,True,False,-0.33
2140,syn_002140.png,images/syn_002140.png,0.652±0.02,0.652,+0.02,-0.02,symmetric_tight,False,False,-0.28
2141,syn_002141.png,images/syn_002141.png,24.032 +0.015/-0.002,24.032,+0.015,-0.002,stacked_normal,False,False,-0.08
2142,syn_002142.png,images/syn_002142.png,0.0431 +0.005/0,0.0431,+0.005,0,stacked_fraction,True,False,0.09
2143,syn_002143.png,images/syn_002143.png,90° 52',90° 52',,,angle_dms_min,False,False,-0.64
2144,syn_002144.png,images/syn_002144.png,C0.05,C0.05,,,simple_chamfer,False,False,0.4
2145,syn_002145.png,images/syn_002145.png,75 -0.005/-0.01,75,-0.005,-0.01,stacked_fraction,True,False,0.04
2146,syn_002146.png,images/syn_002146.png,15°35',15°35',,,angle_dms_min,False,False,0.47
2147,syn_002147.png,images/syn_002147.png,0.052°,0.052°,,,angle_decimal_deg,False,False,-0.2
2148,syn_002148.png,images/syn_002148.png,14.941±0.02,14.941,+0.02,-0.02,symmetric_tight,False,False,-0.11
2149,syn_002149.png,images/syn_002149.png,15°57',15°57',,,angle_dms_min,False,False,-16.44
2150,syn_002150.png,images/syn_002150.png,Ø8.308 +0.05/0,Ø8.308,+0.05,0,stacked_fraction,True,False,0.17
2151,syn_002151.png,images/syn_002151.png,Ø0.290±0.005,Ø0.290,+0.005,-0.005,symmetric_tight,False,False,0.45
2152,syn_002152.png,images/syn_002152.png,11.89 -0.01/-0.013,11.89,-0.01,-0.013,stacked_fraction,True,False,0.12
2153,syn_002153.png,images/syn_002153.png,15 -0.01/-0.012,15,-0.01,-0.012,stacked_fraction,True,False,-4.45
2154,syn_002154.png,images/syn_002154.png,83.247 0/-0.02,83.247,0,-0.02,stacked_normal,False,False,-0.23
2155,syn_002155.png,images/syn_002155.png,"5°8'41""","5°8'41""",,,angle_dms_full,False,False,-29.39
2156,syn_002156.png,images/syn_002156.png,0.008 +0.03/0,0.008,+0.03,0,stacked_normal,False,False,0.1
2157,syn_002157.png,images/syn_002157.png,0.290±0.02,0.290,+0.02,-0.02,symmetric_tight,False,False,0.15
2158,syn_002158.png,images/syn_002158.png,C0.1,C0.1,,,simple_chamfer,False,False,16.4
2159,syn_002159.png,images/syn_002159.png,Ø10.50 -0.001/-0.006,Ø10.50,-0.001,-0.006,stacked_fraction,True,False,-0.27
2160,syn_002160.png,images/syn_002160.png,40.100 +0.004/+0.002,40.100,+0.004,+0.002,stacked_fraction,True,False,-0.26
2161,syn_002161.png,images/syn_002161.png,C0.3,C0.3,,,simple_chamfer,False,False,-30.16
2162,syn_002162.png,images/syn_002162.png,Ø0.008 +0.02/-0.02,Ø0.008,+0.02,-0.02,stacked_fraction,True,False,-4.96
2163,syn_002163.png,images/syn_002163.png,0.4266±0.025,0.4266,+0.025,-0.025,symmetric_tight,False,False,-0.51
2164,syn_002164.png,images/syn_002164.png,78.479 +0.03/0,78.479,+0.03,0,stacked_normal,False,False,-0.22
2165,syn_002165.png,images/syn_002165.png,R0.4543 +0.01/-0.01,R0.4543,+0.01,-0.01,stacked_fraction,True,False,-0.04
2166,syn_002166.png,images/syn_002166.png,0.3767 +0.015/-0.002,0.3767,+0.015,-0.002,stacked_fraction,True,False,-3.29
2167,syn_002167.png,images/syn_002167.png,12.155,12.155,,,simple_nominal_plain,False,False,0.67
2168,syn_002168.png,images/syn_002168.png,C0.5,C0.5,,,simple_chamfer,False,False,30.57
2169,syn_002169.png,images/syn_002169.png,Ø11.89 0/-0.008,Ø11.89,0,-0.008,stacked_normal,False,False,0.39
2170,syn_002170.png,images/syn_002170.png,"12°26'26""","12°26'26""",,,angle_dms_full,False,False,0.75
2171,syn_002171.png,images/syn_002171.png,60.292 -0.002/-0.007,60.292,-0.002,-0.007,stacked_normal,False,False,-0.0
2172,syn_002172.png,images/syn_002172.png,77.572 +0.02/-0.03,77.572,+0.02,-0.03,stacked_fraction,True,False,-0.75
2173,syn_002173.png,images/syn_002173.png,Ø50 0/-0.002,Ø50,0,-0.002,stacked_fraction,True,False,-0.41
2174,syn_002174.png,images/syn_002174.png,C0.2,C0.2,,,simple_chamfer,False,False,15.18
2175,syn_002175.png,images/syn_002175.png,100 -0.01/-0.013,100,-0.01,-0.013,stacked_fraction,True,False,0.32
2176,syn_002176.png,images/syn_002176.png,80.554 0/-0.002,80.554,0,-0.002,stacked_fraction,True,False,0.01
2177,syn_002177.png,images/syn_002177.png,Ø26.197 +0.015/0,Ø26.197,+0.015,0,stacked_normal,False,False,-0.39
2178,syn_002178.png,images/syn_002178.png,33.613±0.1,33.613,+0.1,-0.1,symmetric_tight,False,False,0.06
2179,syn_002179.png,images/syn_002179.png,26.197 -0.003/-0.005,26.197,-0.003,-0.005,stacked_fraction,True,False,0.45
2180,syn_002180.png,images/syn_002180.png,77.243 +0.004/+0.002,77.243,+0.004,+0.002,stacked_fraction,True,False,0.47
2181,syn_002181.png,images/syn_002181.png,65.307 +0.02/0,65.307,+0.02,0,stacked_normal,False,False,0.52
2182,syn_002182.png,images/syn_002182.png,0.008 -0.001/-0.003,0.008,-0.001,-0.003,stacked_fraction,True,False,0.37
2183,syn_002183.png,images/syn_002183.png,C1.5,C1.5,,,simple_chamfer,False,False,-59.72
2184,syn_002184.png,images/syn_002184.png,R37.994±0.025,R37.994,+0.025,-0.025,symmetric_tight,False,False,0.14
2185,syn_002185.png,images/syn_002185.png,15°±10',15°,+10',-10',angle_dms_tol,False,False,15.9
2186,syn_002186.png,images/syn_002186.png,"2°36'4""","2°36'4""",,,angle_dms_full,False,False,-0.72
2187,syn_002187.png,images/syn_002187.png,"25°46'47""","25°46'47""",,,angle_dms_full,False,False,-14.64
2188,syn_002188.png,images/syn_002188.png,"45° 35' 58""","45° 35' 58""",,,angle_dms_full,False,False,46.23
2189,syn_002189.png,images/syn_002189.png,Ø17.277±0.1,Ø17.277,+0.1,-0.1,symmetric_tight,False,False,0.4
2190,syn_002190.png,images/syn_002190.png,"89°9'47""","89°9'47""",,,angle_dms_full,False,False,-0.15
2191,syn_002191.png,images/syn_002191.png,C0.290 +0.002/0,C0.290,+0.002,0,stacked_normal,False,False,0.16
2192,syn_002192.png,images/syn_002192.png,Ø12.50 +0.005/0,Ø12.50,+0.005,0,stacked_fraction,True,False,-0.59
2193,syn_002193.png,images/syn_002193.png,73.65 0/-0.02,73.65,0,-0.02,stacked_fraction,True,False,0.46
2194,syn_002194.png,images/syn_002194.png,12.155,12.155,,,simple_nominal_plain,False,False,-0.15
2195,syn_002195.png,images/syn_002195.png,Ø15±0.005,Ø15,+0.005,-0.005,symmetric_tight,False,False,0.44
2196,syn_002196.png,images/syn_002196.png,R4.026 0/-0.01,R4.026,0,-0.01,stacked_normal,False,False,-0.06
2197,syn_002197.png,images/syn_002197.png,Ø2.75±0.05,Ø2.75,+0.05,-0.05,symmetric_tight,False,False,0.27
2198,syn_002198.png,images/syn_002198.png,Ø0.4039 0/-0.003,Ø0.4039,0,-0.003,stacked_normal,False,False,5.04
2199,syn_002199.png,images/syn_002199.png,1.998 +0.02/0,1.998,+0.02,0,stacked_fraction,True,False,-0.39
2200,syn_002200.png,images/syn_002200.png,51.583±0.005,51.583,+0.005,-0.005,symmetric_tight,False,False,0.48
2201,syn_002201.png,images/syn_002201.png,8 +0.002/0,8,+0.002,0,stacked_fraction,True,False,-0.38
2202,syn_002202.png,images/syn_002202.png,0.1655 +0.015/0,0.1655,+0.015,0,stacked_normal,False,False,0.74
2203,syn_002203.png,images/syn_002203.png,Ø12.663 0/-0.008,Ø12.663,0,-0.008,stacked_fraction,True,False,-5.48
2204,syn_002204.png,images/syn_002204.png,0.262°,0.262°,,,angle_decimal_deg,False,False,-44.33
2205,syn_002205.png,images/syn_002205.png,45°±1°,45°,+1°,-1°,angle_dms_tol,False,False,-0.54
2206,syn_002206.png,images/syn_002206.png,16.350 0/-0.003,16.350,0,-0.003,stacked_fraction,True,False,-0.01
2207,syn_002207.png,images/syn_002207.png,Ø0.4631 -0.003/-0.006,Ø0.4631,-0.003,-0.006,stacked_fraction,True,False,-0.8
2208,syn_002208.png,images/syn_002208.png,56.003 +0.02/0,56.003,+0.02,0,stacked_normal,False,False,0.15
2209,syn_002209.png,images/syn_002209.png,0.2923±0.05,0.2923,+0.05,-0.05,symmetric_tight,False,False,-0.59
2210,syn_002210.png,images/syn_002210.png,24.50 +0.02/-0.03,24.50,+0.02,-0.03,stacked_normal,False,False,0.07
2211,syn_002211.png,images/syn_002211.png,11.540 -0.001/-0.006,11.540,-0.001,-0.006,stacked_fraction,True,False,-0.47
2212,syn_002212.png,images/syn_002212.png,2.75 +0.005/-0.01,2.75,+0.005,-0.01,stacked_normal,False,False,-0.05
2213,syn_002213.png,images/syn_002213.png,Ø0.2704±0.05,Ø0.2704,+0.05,-0.05,symmetric_tight,False,False,-0.72
2214,syn_002214.png,images/syn_002214.png,R0.5 MAX,R0.5 MAX,,,simple_radius_corner,False,False,0.1
2215,syn_002215.png,images/syn_002215.png,85.349±0.02,85.349,+0.02,-0.02,symmetric_tight,False,False,-0.06
2216,syn_002216.png,images/syn_002216.png,21.520 +0.02/0,21.520,+0.02,0,stacked_fraction,True,False,0.69
2217,syn_002217.png,images/syn_002217.png,28.65°,28.65°,,,angle_decimal_deg,False,False,0.8
2218,syn_002218.png,images/syn_002218.png,5.04 +0.01/0,5.04,+0.01,0,stacked_fraction,True,False,0.52
2219,syn_002219.png,images/syn_002219.png,1.047°,1.047°,,,angle_decimal_deg,False,False,0.43
2220,syn_002220.png,images/syn_002220.png,0.941 +0.005/0,0.941,+0.005,0,stacked_normal,False,False,-0.25
2221,syn_002221.png,images/syn_002221.png,Ø0.4182±0.005,Ø0.4182,+0.005,-0.005,symmetric_tight,False,False,-0.38
2222,syn_002222.png,images/syn_002222.png,Ø0.652±0.025,Ø0.652,+0.025,-0.025,symmetric_tight,False,False,-0.7
2223,syn_002223.png,images/syn_002223.png,60 +0.01/0,60,+0.01,0,stacked_normal,False,False,-0.77
2224,syn_002224.png,images/syn_002224.png,10.207±0.002,10.207,+0.002,-0.002,symmetric_tight,False,False,-0.47
2225,syn_002225.png,images/syn_002225.png,Ø12.155 +0.005/0,Ø12.155,+0.005,0,stacked_fraction,True,False,0.2
2226,syn_002226.png,images/syn_002226.png,12.50 +0.007/+0.005,12.50,+0.007,+0.005,stacked_fraction,True,False,0.78
2227,syn_002227.png,images/syn_002227.png,0.290 +0.005/0,0.290,+0.005,0,stacked_normal,False,False,-0.05
2228,syn_002228.png,images/syn_002228.png,"60° 31' 40""","60° 31' 40""",,,angle_dms_full,False,False,-60.28
2229,syn_002229.png,images/syn_002229.png,90°9',90°9',,,angle_dms_min,False,False,0.64
2230,syn_002230.png,images/syn_002230.png,C0.3,C0.3,,,simple_chamfer,False,False,60.21
2231,syn_002231.png,images/syn_002231.png,33.613 +0.01/-0.002,33.613,+0.01,-0.002,stacked_fraction,True,False,0.67
2232,syn_002232.png,images/syn_002232.png,49.750±0.002,49.750,+0.002,-0.002,symmetric_tight,False,False,0.55
2233,syn_002233.png,images/syn_002233.png,75.074,75.074,,,simple_nominal_plain,False,False,0.49
2234,syn_002234.png,images/syn_002234.png,Ø47.427 -0.005/-0.01,Ø47.427,-0.005,-0.01,stacked_fraction,True,False,-0.05
2235,syn_002235.png,images/syn_002235.png,C0.05,C0.05,,,simple_chamfer,False,False,59.92
2236,syn_002236.png,images/syn_002236.png,75.109 0/-0.03,75.109,0,-0.03,stacked_fraction,True,False,0.03
2237,syn_002237.png,images/syn_002237.png,26.197 -0.002/-0.004,26.197,-0.002,-0.004,stacked_normal,False,False,-0.16
2238,syn_002238.png,images/syn_002238.png,R56.569 0/-0.005,R56.569,0,-0.005,stacked_fraction,True,False,0.13
2239,syn_002239.png,images/syn_002239.png,43.874 -0.003/-0.006,43.874,-0.003,-0.006,stacked_normal,False,False,-0.28
2240,syn_002240.png,images/syn_002240.png,0.652 -0.01/-0.015,0.652,-0.01,-0.015,stacked_fraction,True,False,-0.25
2241,syn_002241.png,images/syn_002241.png,Ø50.212 -0.01/-0.015,Ø50.212,-0.01,-0.015,stacked_normal,False,False,0.34
2242,syn_002242.png,images/syn_002242.png,12.5°,12.5°,,,angle_decimal_deg,False,False,-0.1
2243,syn_002243.png,images/syn_002243.png,C0.05,C0.05,,,simple_chamfer,False,False,-30.35
2244,syn_002244.png,images/syn_002244.png,16 0/-0.008,16,0,-0.008,stacked_fraction,True,False,-0.7
2245,syn_002245.png,images/syn_002245.png,23.671 +0.002/0,23.671,+0.002,0,stacked_normal,False,False,-0.78
2246,syn_002246.png,images/syn_002246.png,R0.290 +0.005/-0.005,R0.290,+0.005,-0.005,stacked_fraction,True,False,-0.09
2247,syn_002247.png,images/syn_002247.png,73.65 -0.002/-0.007,73.65,-0.002,-0.007,stacked_fraction,True,False,0.35
2248,syn_002248.png,images/syn_002248.png,69.403±0.005,69.403,+0.005,-0.005,symmetric_tight,False,False,0.06
2249,syn_002249.png,images/syn_002249.png,12°42',12°42',,,angle_dms_min,False,False,-29.03
2250,syn_002250.png,images/syn_002250.png,52.870 0/-0.05,52.870,0,-0.05,stacked_normal,False,False,-3.16
2251,syn_002251.png,images/syn_002251.png,21.999 0/-0.003,21.999,0,-0.003,stacked_fraction,True,False,0.22
2252,syn_002252.png,images/syn_002252.png,27.727±0.01,27.727,+0.01,-0.01,symmetric_tight,False,False,0.55
2253,syn_002253.png,images/syn_002253.png,Ø0.652 0/-0.003,Ø0.652,0,-0.003,stacked_normal,False,False,-4.67
2254,syn_002254.png,images/syn_002254.png,Ø4.026 +0.01/-0.01,Ø4.026,+0.01,-0.01,stacked_normal,False,False,-0.22
2255,syn_002255.png,images/syn_002255.png,Ø86.568 -0.01/-0.015,Ø86.568,-0.01,-0.015,stacked_normal,False,False,-0.51
2256,syn_002256.png,images/syn_002256.png,Ø77.375 +0.004/+0.001,Ø77.375,+0.004,+0.001,stacked_fraction,True,False,-0.3
2257,syn_002257.png,images/syn_002257.png,R1.998 +0.05/0,R1.998,+0.05,0,stacked_fraction,True,False,-0.52
2258,syn_002258.png,images/syn_002258.png,Ø12.150 +0.012/+0.01,Ø12.150,+0.012,+0.01,stacked_fraction,True,False,-0.53
2259,syn_002259.png,images/syn_002259.png,17.046 +0.002/0,17.046,+0.002,0,stacked_normal,False,False,0.01
2260,syn_002260.png,images/syn_002260.png,Ø73.65 -0.01/-0.013,Ø73.65,-0.01,-0.013,stacked_normal,False,False,0.25
2261,syn_002261.png,images/syn_002261.png,C1.5,C1.5,,,simple_chamfer,False,False,44.48
2262,syn_002262.png,images/syn_002262.png,R10.50 +0.005/0,R10.50,+0.005,0,stacked_fraction,True,False,-0.66
2263,syn_002263.png,images/syn_002263.png,0.0016±0.05,0.0016,+0.05,-0.05,symmetric_tight,False,False,0.51
2264,syn_002264.png,images/syn_002264.png,15.80 +0.003/0,15.80,+0.003,0,stacked_fraction,True,False,-0.14
2265,syn_002265.png,images/syn_002265.png,Ø4.026±0.1,Ø4.026,+0.1,-0.1,symmetric_tight,False,False,-0.48
2266,syn_002266.png,images/syn_002266.png,0.652 +0.015/0,0.652,+0.015,0,stacked_normal,False,False,0.25
2267,syn_002267.png,images/syn_002267.png,M100 +0.005/+0.002,M100,+0.005,+0.002,stacked_fraction,True,False,0.37
2268,syn_002268.png,images/syn_002268.png,45°1',45°1',,,angle_dms_min,False,False,16.01
2269,syn_002269.png,images/syn_002269.png,M18.071 +0.005/0,M18.071,+0.005,0,stacked_fraction,True,False,0.61
2270,syn_002270.png,images/syn_002270.png,Ø16,Ø16,,,simple_diameter,False,False,0.27
2271,syn_002271.png,images/syn_002271.png,0.0248 0/-0.015,0.0248,0,-0.015,stacked_fraction,True,False,0.76
2272,syn_002272.png,images/syn_002272.png,50.324 -0.005/-0.007,50.324,-0.005,-0.007,stacked_fraction,True,False,-0.27
2273,syn_002273.png,images/syn_002273.png,15 +0.012/+0.01,15,+0.012,+0.01,stacked_normal,False,False,0.06
2274,syn_002274.png,images/syn_002274.png,12.160 -0.01/-0.013,12.160,-0.01,-0.013,stacked_fraction,True,False,-0.75
2275,syn_002275.png,images/syn_002275.png,R35.682±0.01,R35.682,+0.01,-0.01,symmetric_tight,False,False,-0.31
2276,syn_002276.png,images/syn_002276.png,R0.25 MIN,R0.25 MIN,,,simple_radius_corner,False,False,-0.62
2277,syn_002277.png,images/syn_002277.png,Ø60 +0.015/-0.03,Ø60,+0.015,-0.03,stacked_fraction,True,False,0.6
2278,syn_002278.png,images/syn_002278.png,"0°42'1""","0°42'1""",,,angle_dms_full,False,False,-59.38
2279,syn_002279.png,images/syn_002279.png,89.275 +0.01/0,89.275,+0.01,0,stacked_fraction,True,False,-0.03
2280,syn_002280.png,images/syn_002280.png,0.652 -0.002/-0.004,0.652,-0.002,-0.004,stacked_fraction,True,False,-0.47
2281,syn_002281.png,images/syn_002281.png,R1.5 MIN,R1.5 MIN,,,simple_radius_corner,False,False,0.44
2282,syn_002282.png,images/syn_002282.png,73.464 +0.01/0,73.464,+0.01,0,stacked_normal,False,False,0.75
2283,syn_002283.png,images/syn_002283.png,Ø26.197 +0.015/+0.01,Ø26.197,+0.015,+0.01,stacked_normal,False,False,0.76
2284,syn_002284.png,images/syn_002284.png,3.032 +0.01/0,3.032,+0.01,0,stacked_fraction,True,False,-0.75
2285,syn_002285.png,images/syn_002285.png,C2.0,C2.0,,,simple_chamfer,False,False,-30.08
2286,syn_002286.png,images/syn_002286.png,56.003 0/-0.05,56.003,0,-0.05,stacked_normal,False,False,-0.42
2287,syn_002287.png,images/syn_002287.png,"12° 33' 18""","12° 33' 18""",,,angle_dms_full,False,False,-0.2
2288,syn_002288.png,images/syn_002288.png,10.50 -0.01/-0.015,10.50,-0.01,-0.015,stacked_normal,False,False,-0.69
2289,syn_002289.png,images/syn_002289.png,15°±0.5°,15°,+0.5°,-0.5°,angle_dms_tol,False,False,0.18
2290,syn_002290.png,images/syn_002290.png,Ø0.25±0.002,Ø0.25,+0.002,-0.002,symmetric_tight,False,False,-5.14
2291,syn_002291.png,images/syn_002291.png,28°32',28°32',,,angle_dms_min,False,False,-58.66
2292,syn_002292.png,images/syn_002292.png,11.89 0/-0.03,11.89,0,-0.03,stacked_normal,False,False,3.5
2293,syn_002293.png,images/syn_002293.png,Ø12.50 +0.005/0,Ø12.50,+0.005,0,stacked_fraction,True,False,5.73
2294,syn_002294.png,images/syn_002294.png,56.003 +0.007/+0.005,56.003,+0.007,+0.005,stacked_normal,False,False,-0.75
2295,syn_002295.png,images/syn_002295.png,Ø94.712±0.025,Ø94.712,+0.025,-0.025,symmetric_tight,False,False,0.72
2296,syn_002296.png,images/syn_002296.png,70.717 +0.02/-0.005,70.717,+0.02,-0.005,stacked_fraction,True,False,0.69
2297,syn_002297.png,images/syn_002297.png,Ø57.63 +0.015/0,Ø57.63,+0.015,0,stacked_fraction,True,False,-0.35
2298,syn_002298.png,images/syn_002298.png,C4.713 +0.03/0,C4.713,+0.03,0,stacked_fraction,True,False,0.1
2299,syn_002299.png,images/syn_002299.png,"2°51'31""","2°51'31""",,,angle_dms_full,False,False,0.16
2300,syn_002300.png,images/syn_002300.png,82.335 +0.03/0,82.335,+0.03,0,stacked_fraction,True,False,0.33
2301,syn_002301.png,images/syn_002301.png,24 0/-0.002,24,0,-0.002,stacked_normal,False,False,-0.16
2302,syn_002302.png,images/syn_002302.png,4.04 -0.003/-0.005,4.04,-0.003,-0.005,stacked_fraction,True,False,0.55
2303,syn_002303.png,images/syn_002303.png,M20 0/-0.05,M20,0,-0.05,stacked_normal,False,False,-0.03
2304,syn_002304.png,images/syn_002304.png,8.308 0/-0.002,8.308,0,-0.002,stacked_normal,False,False,0.67
2305,syn_002305.png,images/syn_002305.png,92.501 +0.03/0,92.501,+0.03,0,stacked_fraction,True,False,-0.67
2306,syn_002306.png,images/syn_002306.png,26.531 +0.008/+0.005,26.531,+0.008,+0.005,stacked_normal,False,False,0.41
2307,syn_002307.png,images/syn_002307.png,Ø2.160 +0.01/0,Ø2.160,+0.01,0,stacked_fraction,True,False,0.55
2308,syn_002308.png,images/syn_002308.png,43.212 +0.015/-0.03,43.212,+0.015,-0.03,stacked_normal,False,False,-0.03
2309,syn_002309.png,images/syn_002309.png,C1.0,C1.0,,,simple_chamfer,False,False,-43.7
2310,syn_002310.png,images/syn_002310.png,85.462 0/-0.015,85.462,0,-0.015,stacked_fraction,True,False,-0.78
2311,syn_002311.png,images/syn_002311.png,Ø3.032 +0.01/0,Ø3.032,+0.01,0,stacked_normal,False,False,-0.66
2312,syn_002312.png,images/syn_002312.png,Ø26.197 0/-0.015,Ø26.197,0,-0.015,stacked_normal,False,False,-0.41
2313,syn_002313.png,images/syn_002313.png,30 0/-0.05,30,0,-0.05,stacked_normal,False,False,0.62
2314,syn_002314.png,images/syn_002314.png,50.00,50.00,,,simple_nominal_plain,False,False,0.64
2315,syn_002315.png,images/syn_002315.png,R0.1MAX,R0.1MAX,,,simple_radius_corner,False,False,30.61
2316,syn_002316.png,images/syn_002316.png,45.833±0.025,45.833,+0.025,-0.025,symmetric_tight,False,False,0.29
2317,syn_002317.png,images/syn_002317.png,24.50±0.015,24.50,+0.015,-0.015,symmetric_tight,False,False,0.39
2318,syn_002318.png,images/syn_002318.png,Ø59.550 0/-0.05,Ø59.550,0,-0.05,stacked_fraction,True,False,-0.44
2319,syn_002319.png,images/syn_002319.png,Ø0.652 -0.005/-0.008,Ø0.652,-0.005,-0.008,stacked_normal,False,False,0.56
2320,syn_002320.png,images/syn_002320.png,87.380 -0.001/-0.006,87.380,-0.001,-0.006,stacked_normal,False,False,-0.61
2321,syn_002321.png,images/syn_002321.png,0.5°,0.5°,,,angle_decimal_deg,False,False,-0.64
2322,syn_002322.png,images/syn_002322.png,Ø24 0/-0.05,Ø24,0,-0.05,stacked_fraction,True,False,0.32
2323,syn_002323.png,images/syn_002323.png,20 +0.01/-0.02,20,+0.01,-0.02,stacked_fraction,True,False,0.35
2324,syn_002324.png,images/syn_002324.png,4.026 +0.003/+0.001,4.026,+0.003,+0.001,stacked_normal,False,False,0.31
2325,syn_002325.png,images/syn_002325.png,4.04 +0.02/0,4.04,+0.02,0,stacked_fraction,True,False,-0.34
2326,syn_002326.png,images/syn_002326.png,30.106 -0.002/-0.007,30.106,-0.002,-0.007,stacked_normal,False,False,0.11
2327,syn_002327.png,images/syn_002327.png,Ø15.80 -0.005/-0.008,Ø15.80,-0.005,-0.008,stacked_fraction,True,False,0.73
2328,syn_002328.png,images/syn_002328.png,"12° 34' 15""","12° 34' 15""",,,angle_dms_full,False,False,45.26
2329,syn_002329.png,images/syn_002329.png,5°34',5°34',,,angle_dms_min,False,False,30.73
2330,syn_002330.png,images/syn_002330.png,"45°38'29""","45°38'29""",,,angle_dms_full,False,False,44.75
2331,syn_002331.png,images/syn_002331.png,Ø68.287±0.005,Ø68.287,+0.005,-0.005,symmetric_tight,False,False,-0.37
2332,syn_002332.png,images/syn_002332.png,12.155 0/-0.005,12.155,0,-0.005,stacked_normal,False,False,0.21
2333,syn_002333.png,images/syn_002333.png,M0.3455 +0.05/0,M0.3455,+0.05,0,stacked_normal,False,False,0.13
2334,syn_002334.png,images/syn_002334.png,73.65 +0.005/0,73.65,+0.005,0,stacked_fraction,True,False,0.49
2335,syn_002335.png,images/syn_002335.png,53.982±0.015,53.982,+0.015,-0.015,symmetric_tight,False,False,0.65
2336,syn_002336.png,images/syn_002336.png,15°30',15°30',,,angle_dms_min,False,False,-0.38
2337,syn_002337.png,images/syn_002337.png,5.159±0.05,5.159,+0.05,-0.05,symmetric_tight,False,False,0.16
2338,syn_002338.png,images/syn_002338.png,0.052°,0.052°,,,angle_decimal_deg,False,False,-0.25
2339,syn_002339.png,images/syn_002339.png,26.197 +0.02/-0.002,26.197,+0.02,-0.002,stacked_fraction,True,False,-2.56
2340,syn_002340.png,images/syn_002340.png,50.00 0/-0.015,50.00,0,-0.015,stacked_fraction,True,False,0.29
2341,syn_002341.png,images/syn_002341.png,Ø15.80 +0.015/-0.01,Ø15.80,+0.015,-0.01,stacked_normal,False,False,0.13
2342,syn_002342.png,images/syn_002342.png,15.323 0/-0.002,15.323,0,-0.002,stacked_normal,False,False,0.63
2343,syn_002343.png,images/syn_002343.png,56.003 0/-0.05,56.003,0,-0.05,stacked_fraction,True,False,0.46
2344,syn_002344.png,images/syn_002344.png,C25±0.05,C25,+0.05,-0.05,symmetric_tight,False,False,0.19
2345,syn_002345.png,images/syn_002345.png,45°±30',45°,+30',-30',angle_dms_tol,False,False,45.58
2346,syn_002346.png,images/syn_002346.png,C0.05,C0.05,,,simple_chamfer,False,False,-0.51
2347,syn_002347.png,images/syn_002347.png,7.525±0.02,7.525,+0.02,-0.02,symmetric_tight,False,False,-0.66
2348,syn_002348.png,images/syn_002348.png,24 +0.015/-0.01,24,+0.015,-0.01,stacked_fraction,True,False,0.33
2349,syn_002349.png,images/syn_002349.png,R3.032±0.025,R3.032,+0.025,-0.025,symmetric_tight,False,False,-5.03
2350,syn_002350.png,images/syn_002350.png,0.5°,0.5°,,,angle_decimal_deg,False,False,-14.37
2351,syn_002351.png,images/syn_002351.png,8.308 0/-0.05,8.308,0,-0.05,stacked_fraction,True,False,0.68
2352,syn_002352.png,images/syn_002352.png,C41.556 +0.003/+0.001,C41.556,+0.003,+0.001,stacked_normal,False,False,-0.78
2353,syn_002353.png,images/syn_002353.png,Ø5.04 +0.01/0,Ø5.04,+0.01,0,stacked_normal,False,False,0.52
2354,syn_002354.png,images/syn_002354.png,15°±30',15°,+30',-30',angle_dms_tol,False,False,-58.66
2355,syn_002355.png,images/syn_002355.png,R14.941 +0.01/+0.005,R14.941,+0.01,+0.005,stacked_fraction,True,False,-0.49
2356,syn_002356.png,images/syn_002356.png,R0.25 0/-0.003,R0.25,0,-0.003,stacked_normal,False,False,-0.6
2357,syn_002357.png,images/syn_002357.png,45°±10',45°,+10',-10',angle_dms_tol,False,False,0.7
2358,syn_002358.png,images/syn_002358.png,0.1378 0/-0.003,0.1378,0,-0.003,stacked_fraction,True,False,-0.51
2359,syn_002359.png,images/syn_002359.png,Ø0.941 +0.03/0,Ø0.941,+0.03,0,stacked_fraction,True,False,0.78
2360,syn_002360.png,images/syn_002360.png,0.652 +0.02/0,0.652,+0.02,0,stacked_fraction,True,False,-0.27
2361,syn_002361.png,images/syn_002361.png,54.539 +0.004/+0.001,54.539,+0.004,+0.001,stacked_fraction,True,False,-0.18
2362,syn_002362.png,images/syn_002362.png,37.677,37.677,,,simple_nominal_plain,False,False,0.49
2363,syn_002363.png,images/syn_002363.png,42.151 +0.02/-0.01,42.151,+0.02,-0.01,stacked_normal,False,False,-0.07
2364,syn_002364.png,images/syn_002364.png,100 +0.015/-0.01,100,+0.015,-0.01,stacked_fraction,True,False,-0.44
2365,syn_002365.png,images/syn_002365.png,0.008 +0.005/0,0.008,+0.005,0,stacked_normal,False,False,-0.19
2366,syn_002366.png,images/syn_002366.png,11.89 +0.015/-0.03,11.89,+0.015,-0.03,stacked_normal,False,False,-0.18
2367,syn_002367.png,images/syn_002367.png,39.084±0.02,39.084,+0.02,-0.02,symmetric_tight,False,False,0.42
2368,syn_002368.png,images/syn_002368.png,69.640 0/-0.003,69.640,0,-0.003,stacked_normal,False,False,0.56
2369,syn_002369.png,images/syn_002369.png,55.296 +0.03/0,55.296,+0.03,0,stacked_fraction,True,False,-0.46
2370,syn_002370.png,images/syn_002370.png,2.75 -0.002/-0.007,2.75,-0.002,-0.007,stacked_normal,False,False,-0.59
2371,syn_002371.png,images/syn_002371.png,0.652 +0.005/-0.002,0.652,+0.005,-0.002,stacked_fraction,True,False,0.35
2372,syn_002372.png,images/syn_002372.png,"1°4'32""","1°4'32""",,,angle_dms_full,False,False,13.59
2373,syn_002373.png,images/syn_002373.png,R32 +0.005/+0.002,R32,+0.005,+0.002,stacked_fraction,True,False,0.74
2374,syn_002374.png,images/syn_002374.png,0.25 +0.05/0,0.25,+0.05,0,stacked_normal,False,False,-0.63
2375,syn_002375.png,images/syn_002375.png,15° 24',15° 24',,,angle_dms_min,False,False,30.97
2376,syn_002376.png,images/syn_002376.png,Ø57.63 +0.005/-0.01,Ø57.63,+0.005,-0.01,stacked_normal,False,False,-0.54
2377,syn_002377.png,images/syn_002377.png,Ø24.50 0/-0.05,Ø24.50,0,-0.05,stacked_fraction,True,False,-0.1
2378,syn_002378.png,images/syn_002378.png,C0.2,C0.2,,,simple_chamfer,False,False,-0.52
2379,syn_002379.png,images/syn_002379.png,30±0.015,30,+0.015,-0.015,symmetric_tight,False,False,0.76
2380,syn_002380.png,images/syn_002380.png,Ø25.205 +0.003/+0.001,Ø25.205,+0.003,+0.001,stacked_normal,False,False,0.37
2381,syn_002381.png,images/syn_002381.png,Ø24.50 +0.015/-0.01,Ø24.50,+0.015,-0.01,stacked_fraction,True,False,-3.88
2382,syn_002382.png,images/syn_002382.png,52.537±0.005,52.537,+0.005,-0.005,symmetric_tight,False,False,-0.55
2383,syn_002383.png,images/syn_002383.png,3.032±0.005,3.032,+0.005,-0.005,symmetric_tight,False,False,-0.09
2384,syn_002384.png,images/syn_002384.png,9.723 +0.002/0,9.723,+0.002,0,stacked_normal,False,False,0.17
2385,syn_002385.png,images/syn_002385.png,25.4,25.4,,,simple_nominal_plain,False,False,-0.05
2386,syn_002386.png,images/syn_002386.png,0.523°,0.523°,,,angle_decimal_deg,False,False,15.23
2387,syn_002387.png,images/syn_002387.png,Ø5.04 +0.007/+0.002,Ø5.04,+0.007,+0.002,stacked_normal,False,False,-0.47
2388,syn_002388.png,images/syn_002388.png,"60°1'41""","60°1'41""",,,angle_dms_full,False,False,-44.44
2389,syn_002389.png,images/syn_002389.png,48.723 0/-0.003,48.723,0,-0.003,stacked_normal,False,False,0.18
2390,syn_002390.png,images/syn_002390.png,0.008 +0.002/0,0.008,+0.002,0,stacked_fraction,True,False,-0.76
2391,syn_002391.png,images/syn_002391.png,R0.008 -0.01/-0.013,R0.008,-0.01,-0.013,stacked_fraction,True,False,-0.73
2392,syn_002392.png,images/syn_002392.png,Ø11.89±0.05,Ø11.89,+0.05,-0.05,symmetric_tight,False,False,-0.61
2393,syn_002393.png,images/syn_002393.png,4X M6,4X M6,,,simple_thread_qty,False,False,0.72
2394,syn_002394.png,images/syn_002394.png,15 0/-0.002,15,0,-0.002,stacked_fraction,True,False,0.79
2395,syn_002395.png,images/syn_002395.png,C0.15,C0.15,,,simple_chamfer,False,False,-59.15
2396,syn_002396.png,images/syn_002396.png,R0.4713 +0.01/+0.005,R0.4713,+0.01,+0.005,stacked_fraction,True,False,0.59
2397,syn_002397.png,images/syn_002397.png,0.052°,0.052°,,,angle_decimal_deg,False,False,59.41
2398,syn_002398.png,images/syn_002398.png,R0.5MIN,R0.5MIN,,,simple_radius_corner,False,False,-0.22
2399,syn_002399.png,images/syn_002399.png,"75°31'3""","75°31'3""",,,angle_dms_full,False,False,-0.04
2400,syn_002400.png,images/syn_002400.png,67.519,67.519,,,simple_nominal_plain,False,False,-0.03
2401,syn_002401.png,images/syn_002401.png,11.89,11.89,,,simple_nominal_plain,False,False,0.65
2402,syn_002402.png,images/syn_002402.png,Ø0.941 +0.01/0,Ø0.941,+0.01,0,stacked_fraction,True,False,1.96
2403,syn_002403.png,images/syn_002403.png,R5 MIN,R5 MIN,,,simple_radius_corner,False,False,0.74
2404,syn_002404.png,images/syn_002404.png,4.04 +0.05/-0.002,4.04,+0.05,-0.002,stacked_fraction,True,False,-0.56
2405,syn_002405.png,images/syn_002405.png,12.160 +0.004/+0.002,12.160,+0.004,+0.002,stacked_normal,False,False,-0.26
2406,syn_002406.png,images/syn_002406.png,Ø11.89 +0.01/-0.002,Ø11.89,+0.01,-0.002,stacked_fraction,True,False,0.78
2407,syn_002407.png,images/syn_002407.png,24 +0.002/0,24,+0.002,0,stacked_fraction,True,False,0.39
2408,syn_002408.png,images/syn_002408.png,C1.5,C1.5,,,simple_chamfer,False,False,0.33
2409,syn_002409.png,images/syn_002409.png,5.04 0/-0.02,5.04,0,-0.02,stacked_fraction,True,False,-0.41
2410,syn_002410.png,images/syn_002410.png,Ø11.89 +0.005/-0.005,Ø11.89,+0.005,-0.005,stacked_fraction,True,False,-2.16
2411,syn_002411.png,images/syn_002411.png,0.290 0/-0.015,0.290,0,-0.015,stacked_fraction,True,False,0.1
2412,syn_002412.png,images/syn_002412.png,50.00 +0.015/0,50.00,+0.015,0,stacked_fraction,True,False,-0.43
2413,syn_002413.png,images/syn_002413.png,90.797 +0.015/0,90.797,+0.015,0,stacked_normal,False,False,-0.66
2414,syn_002414.png,images/syn_002414.png,Ø8 0/-0.03,Ø8,0,-0.03,stacked_fraction,True,False,-0.66
2415,syn_002415.png,images/syn_002415.png,75,75,,,simple_nominal_plain,False,False,-0.35
2416,syn_002416.png,images/syn_002416.png,50.00±0.1,50.00,+0.1,-0.1,symmetric_tight,False,False,-0.69
2417,syn_002417.png,images/syn_002417.png,R0.1 MIN,R0.1 MIN,,,simple_radius_corner,False,False,0.13
2418,syn_002418.png,images/syn_002418.png,11.89 +0.003/+0.001,11.89,+0.003,+0.001,stacked_normal,False,False,-0.47
2419,syn_002419.png,images/syn_002419.png,R77.705 0/-0.05,R77.705,0,-0.05,stacked_normal,False,False,-0.16
2420,syn_002420.png,images/syn_002420.png,73.65 +0.003/+0.001,73.65,+0.003,+0.001,stacked_normal,False,False,-0.34
2421,syn_002421.png,images/syn_002421.png,Ø4.026 0/-0.015,Ø4.026,0,-0.015,stacked_normal,False,False,0.63
2422,syn_002422.png,images/syn_002422.png,1.047°,1.047°,,,angle_decimal_deg,False,False,-0.09
2423,syn_002423.png,images/syn_002423.png,Ø10±0.02,Ø10,+0.02,-0.02,symmetric_tight,False,False,-0.47
2424,syn_002424.png,images/syn_002424.png,84.166 0/-0.02,84.166,0,-0.02,stacked_normal,False,False,0.32
2425,syn_002425.png,images/syn_002425.png,11.057±0.015,11.057,+0.015,-0.015,symmetric_tight,False,False,-0.06
2426,syn_002426.png,images/syn_002426.png,R2 MIN,R2 MIN,,,simple_radius_corner,False,False,13.8
2427,syn_002427.png,images/syn_002427.png,4.04 +0.01/-0.005,4.04,+0.01,-0.005,stacked_fraction,True,False,0.66
2428,syn_002428.png,images/syn_002428.png,90°±15',90°,+15',-15',angle_dms_tol,False,False,46.16
2429,syn_002429.png,images/syn_002429.png,Ø50.00 +0.015/-0.02,Ø50.00,+0.015,-0.02,stacked_normal,False,False,-0.71
2430,syn_002430.png,images/syn_002430.png,C2.0,C2.0,,,simple_chamfer,False,False,-0.45
2431,syn_002431.png,images/syn_002431.png,90.5°,90.5°,,,angle_decimal_deg,False,False,-45.49
2432,syn_002432.png,images/syn_002432.png,Ø15.80 +0.02/-0.01,Ø15.80,+0.02,-0.01,stacked_fraction,True,False,0.68
2433,syn_002433.png,images/syn_002433.png,Ø73.65±0.05,Ø73.65,+0.05,-0.05,symmetric_tight,False,False,0.53
2434,syn_002434.png,images/syn_002434.png,4x M6,4x M6,,,simple_thread_qty,False,False,0.46
2435,syn_002435.png,images/syn_002435.png,0.4355 +0.004/+0.002,0.4355,+0.004,+0.002,stacked_fraction,True,False,-0.5
2436,syn_002436.png,images/syn_002436.png,C0.2,C0.2,,,simple_chamfer,False,False,0.28
2437,syn_002437.png,images/syn_002437.png,0.008±0.02,0.008,+0.02,-0.02,symmetric_tight,False,False,-0.62
2438,syn_002438.png,images/syn_002438.png,Ø60 0/-0.02,Ø60,0,-0.02,stacked_normal,False,False,-0.28
2439,syn_002439.png,images/syn_002439.png,"90° 30' 41""","90° 30' 41""",,,angle_dms_full,False,False,0.66
2440,syn_002440.png,images/syn_002440.png,R3MAX,R3MAX,,,simple_radius_corner,False,False,14.77
2441,syn_002441.png,images/syn_002441.png,60 0/-0.003,60,0,-0.003,stacked_normal,False,False,0.11
2442,syn_002442.png,images/syn_002442.png,0.0460 +0.02/0,0.0460,+0.02,0,stacked_normal,False,False,0.7
2443,syn_002443.png,images/syn_002443.png,50 +0.02/-0.002,50,+0.02,-0.002,stacked_fraction,True,False,0.04
2444,syn_002444.png,images/syn_002444.png,Ø16.350 +0.02/-0.03,Ø16.350,+0.02,-0.03,stacked_fraction,True,False,-0.52
2445,syn_002445.png,images/syn_002445.png,11.89 +0.008/+0.005,11.89,+0.008,+0.005,stacked_normal,False,False,-0.61
2446,syn_002446.png,images/syn_002446.png,0.2985 0/-0.03,0.2985,0,-0.03,stacked_fraction,True,False,0.69
2447,syn_002447.png,images/syn_002447.png,Ø73.65 0/-0.002,Ø73.65,0,-0.002,stacked_fraction,True,False,-0.65
2448,syn_002448.png,images/syn_002448.png,4.026 +0.005/-0.005,4.026,+0.005,-0.005,stacked_fraction,True,False,-0.58
2449,syn_002449.png,images/syn_002449.png,Ø50.206 0/-0.005,Ø50.206,0,-0.005,stacked_normal,False,False,0.45
2450,syn_002450.png,images/syn_002450.png,C50 0/-0.015,C50,0,-0.015,stacked_fraction,True,False,0.6
2451,syn_002451.png,images/syn_002451.png,90°±1°,90°,+1°,-1°,angle_dms_tol,False,False,-0.03
2452,syn_002452.png,images/syn_002452.png,Ø12.155±0.1,Ø12.155,+0.1,-0.1,symmetric_tight,False,False,-0.1
2453,syn_002453.png,images/syn_002453.png,(73.65),(73.65),,,simple_boxed_ref,False,False,-0.06
2454,syn_002454.png,images/syn_002454.png,85.936 +0.015/0,85.936,+0.015,0,stacked_normal,False,False,0.53
2455,syn_002455.png,images/syn_002455.png,30°27',30°27',,,angle_dms_min,False,False,0.8
2456,syn_002456.png,images/syn_002456.png,35.726±0.015,35.726,+0.015,-0.015,symmetric_tight,False,False,0.48
2457,syn_002457.png,images/syn_002457.png,67.280 +0.003/+0.001,67.280,+0.003,+0.001,stacked_normal,False,False,-0.77
2458,syn_002458.png,images/syn_002458.png,Ø16.350 0/-0.008,Ø16.350,0,-0.008,stacked_fraction,True,False,-0.12
2459,syn_002459.png,images/syn_002459.png,1.047°,1.047°,,,angle_decimal_deg,False,False,0.43
2460,syn_002460.png,images/syn_002460.png,8.308 0/-0.01,8.308,0,-0.01,stacked_normal,False,False,5.9
2461,syn_002461.png,images/syn_002461.png,0.3743 +0.05/-0.02,0.3743,+0.05,-0.02,stacked_normal,False,False,-0.48
2462,syn_002462.png,images/syn_002462.png,10 +0.005/0,10,+0.005,0,stacked_normal,False,False,4.88
2463,syn_002463.png,images/syn_002463.png,M8,M8,,,simple_thread_qty,False,False,0.23
2464,syn_002464.png,images/syn_002464.png,"15°51'50""","15°51'50""",,,angle_dms_full,False,False,60.08
2465,syn_002465.png,images/syn_002465.png,0.785°,0.785°,,,angle_decimal_deg,False,False,-0.49
2466,syn_002466.png,images/syn_002466.png,0.785°,0.785°,,,angle_decimal_deg,False,False,-0.63
2467,syn_002467.png,images/syn_002467.png,41.612±0.02,41.612,+0.02,-0.02,symmetric_tight,False,False,-0.42
2468,syn_002468.png,images/syn_002468.png,30±0.005,30,+0.005,-0.005,symmetric_tight,False,False,-0.54
2469,syn_002469.png,images/syn_002469.png,50.324 -0.001/-0.006,50.324,-0.001,-0.006,stacked_fraction,True,False,0.34
2470,syn_002470.png,images/syn_002470.png,C10 0/-0.01,C10,0,-0.01,stacked_fraction,True,False,-0.77
2471,syn_002471.png,images/syn_002471.png,Ø0.4600 0/-0.005,Ø0.4600,0,-0.005,stacked_normal,False,False,0.11
2472,syn_002472.png,images/syn_002472.png,14.941 0/-0.03,14.941,0,-0.03,stacked_fraction,True,False,0.17
2473,syn_002473.png,images/syn_002473.png,8 0/-0.01,8,0,-0.01,stacked_normal,False,False,-0.42
2474,syn_002474.png,images/syn_002474.png,"0°6'47""","0°6'47""",,,angle_dms_full,False,False,0.63
2475,syn_002475.png,images/syn_002475.png,65.351 -0.001/-0.006,65.351,-0.001,-0.006,stacked_normal,False,False,-0.16
2476,syn_002476.png,images/syn_002476.png,30°58',30°58',,,angle_dms_min,False,False,16.33
2477,syn_002477.png,images/syn_002477.png,Ø5.04 +0.01/-0.02,Ø5.04,+0.01,-0.02,stacked_fraction,True,False,0.62
2478,syn_002478.png,images/syn_002478.png,30°±15',30°,+15',-15',angle_dms_tol,False,False,15.73
2479,syn_002479.png,images/syn_002479.png,4.04 0/-0.01,4.04,0,-0.01,stacked_fraction,True,False,0.17
2480,syn_002480.png,images/syn_002480.png,R0.008 0/-0.003,R0.008,0,-0.003,stacked_fraction,True,False,-0.21
2481,syn_002481.png,images/syn_002481.png,0.25 +0.05/-0.002,0.25,+0.05,-0.002,stacked_normal,False,False,-0.7
2482,syn_002482.png,images/syn_002482.png,Ø4.04 +0.015/-0.002,Ø4.04,+0.015,-0.002,stacked_fraction,True,False,-0.68
2483,syn_002483.png,images/syn_002483.png,12.5°,12.5°,,,angle_decimal_deg,False,False,-0.43
2484,syn_002484.png,images/syn_002484.png,15°2',15°2',,,angle_dms_min,False,False,-16.1
2485,syn_002485.png,images/syn_002485.png,0.652 +0.005/0,0.652,+0.005,0,stacked_fraction,True,False,0.24
2486,syn_002486.png,images/syn_002486.png,C0.1,C0.1,,,simple_chamfer,False,False,58.77
2487,syn_002487.png,images/syn_002487.png,C0.2,C0.2,,,simple_chamfer,False,False,58.72
2488,syn_002488.png,images/syn_002488.png,Ø12,Ø12,,,simple_diameter,False,False,0.16
2489,syn_002489.png,images/syn_002489.png,Ø35.726 +0.02/-0.03,Ø35.726,+0.02,-0.03,stacked_normal,False,False,0.42
2490,syn_002490.png,images/syn_002490.png,Ø16.057±0.05,Ø16.057,+0.05,-0.05,symmetric_tight,False,False,4.26
2491,syn_002491.png,images/syn_002491.png,R5 MAX,R5 MAX,,,simple_radius_corner,False,False,0.52
2492,syn_002492.png,images/syn_002492.png,M30 -0.001/-0.006,M30,-0.001,-0.006,stacked_fraction,True,False,0.66
2493,syn_002493.png,images/syn_002493.png,0.652 0/-0.05,0.652,0,-0.05,stacked_normal,False,False,-0.61
2494,syn_002494.png,images/syn_002494.png,29.598 +0.007/+0.005,29.598,+0.007,+0.005,stacked_fraction,True,False,-0.51
2495,syn_002495.png,images/syn_002495.png,Ø30,Ø30,,,simple_diameter,False,False,-0.29
2496,syn_002496.png,images/syn_002496.png,0.2647±0.1,0.2647,+0.1,-0.1,symmetric_tight,False,False,-0.27
2497,syn_002497.png,images/syn_002497.png,Ø20 +0.01/+0.005,Ø20,+0.01,+0.005,stacked_normal,False,False,-0.13
2498,syn_002498.png,images/syn_002498.png,0.4903 -0.002/-0.007,0.4903,-0.002,-0.007,stacked_normal,False,False,-0.77
2499,syn_002499.png,images/syn_002499.png,60°,60°,,,simple_angle_simple,False,False,-30.07
2500,syn_002500.png,images/syn_002500.png,R12.160 -0.002/-0.004,R12.160,-0.002,-0.004,stacked_normal,False,False,-0.26
2501,syn_002501.png,images/syn_002501.png,12.378 0/-0.01,12.378,0,-0.01,stacked_fraction,True,False,-0.29
2502,syn_002502.png,images/syn_002502.png,Ø57.63 -0.01/-0.012,Ø57.63,-0.01,-0.012,stacked_fraction,True,False,0.45
2503,syn_002503.png,images/syn_002503.png,Ø0.941 +0.01/0,Ø0.941,+0.01,0,stacked_normal,False,False,-0.47
2504,syn_002504.png,images/syn_002504.png,37.732±0.025,37.732,+0.025,-0.025,symmetric_tight,False,False,0.67
2505,syn_002505.png,images/syn_002505.png,Ø7.525 +0.01/-0.03,Ø7.525,+0.01,-0.03,stacked_normal,False,False,-0.28
2506,syn_002506.png,images/syn_002506.png,Ø0.3986 +0.003/0,Ø0.3986,+0.003,0,stacked_normal,False,False,-3.65
2507,syn_002507.png,images/syn_002507.png,62.516 0/-0.003,62.516,0,-0.003,stacked_normal,False,False,0.34
2508,syn_002508.png,images/syn_002508.png,R1.0 MAX,R1.0 MAX,,,simple_radius_corner,False,False,-29.89
2509,syn_002509.png,images/syn_002509.png,Ø0.941 +0.01/0,Ø0.941,+0.01,0,stacked_normal,False,False,0.76
2510,syn_002510.png,images/syn_002510.png,Ø10.50±0.05,Ø10.50,+0.05,-0.05,symmetric_tight,False,False,0.6
2511,syn_002511.png,images/syn_002511.png,35.726 -0.002/-0.004,35.726,-0.002,-0.004,stacked_fraction,True,False,0.52
2512,syn_002512.png,images/syn_002512.png,Ø8.308±0.015,Ø8.308,+0.015,-0.015,symmetric_tight,False,False,-3.39
2513,syn_002513.png,images/syn_002513.png,4.04 0/-0.02,4.04,0,-0.02,stacked_normal,False,False,-0.52
2514,syn_002514.png,images/syn_002514.png,R1.0,R1.0,,,simple_radius_corner,False,False,43.81
2515,syn_002515.png,images/syn_002515.png,R4.04 0/-0.02,R4.04,0,-0.02,stacked_normal,False,False,0.14
2516,syn_002516.png,images/syn_002516.png,C1.0,C1.0,,,simple_chamfer,False,False,0.73
2517,syn_002517.png,images/syn_002517.png,Ø100 -0.005/-0.01,Ø100,-0.005,-0.01,stacked_normal,False,False,0.73
2518,syn_002518.png,images/syn_002518.png,12.50 0/-0.003,12.50,0,-0.003,stacked_fraction,True,False,-0.63
2519,syn_002519.png,images/syn_002519.png,"75° 45' 47""","75° 45' 47""",,,angle_dms_full,False,False,-0.72
2520,syn_002520.png,images/syn_002520.png,"89°16'15""","89°16'15""",,,angle_dms_full,False,False,-45.15
2521,syn_002521.png,images/syn_002521.png,Ø57.63±0.005,Ø57.63,+0.005,-0.005,symmetric_tight,False,False,0.72
2522,syn_002522.png,images/syn_002522.png,C2.0,C2.0,,,simple_chamfer,False,False,-44.05
2523,syn_002523.png,images/syn_002523.png,12±0.01,12,+0.01,-0.01,symmetric_tight,False,False,0.06
2524,syn_002524.png,images/syn_002524.png,23.811 +0.012/+0.01,23.811,+0.012,+0.01,stacked_normal,False,False,4.3
2525,syn_002525.png,images/syn_002525.png,45.501±0.02,45.501,+0.02,-0.02,symmetric_tight,False,False,0.44
2526,syn_002526.png,images/syn_002526.png,"0°10'53""","0°10'53""",,,angle_dms_full,False,False,0.04
2527,syn_002527.png,images/syn_002527.png,8.308±0.05,8.308,+0.05,-0.05,symmetric_tight,False,False,-0.29
2528,syn_002528.png,images/syn_002528.png,"0°15'49""","0°15'49""",,,angle_dms_full,False,False,-0.27
2529,syn_002529.png,images/syn_002529.png,2.75 0/-0.003,2.75,0,-0.003,stacked_fraction,True,False,-0.42
2530,syn_002530.png,images/syn_002530.png,26.197 +0.05/-0.02,26.197,+0.05,-0.02,stacked_fraction,True,False,-0.48
2531,syn_002531.png,images/syn_002531.png,24.50±0.02,24.50,+0.02,-0.02,symmetric_tight,False,False,-0.45
2532,syn_002532.png,images/syn_002532.png,0.017°,0.017°,,,angle_decimal_deg,False,False,0.43
2533,syn_002533.png,images/syn_002533.png,R9.004 0/-0.02,R9.004,0,-0.02,stacked_fraction,True,False,0.73
2534,syn_002534.png,images/syn_002534.png,24.50 +0.01/+0.005,24.50,+0.01,+0.005,stacked_normal,False,False,0.59
2535,syn_002535.png,images/syn_002535.png,M8,M8,,,simple_thread_qty,False,False,0.1
2536,syn_002536.png,images/syn_002536.png,43.870 +0.05/-0.02,43.870,+0.05,-0.02,stacked_fraction,True,False,-0.41
2537,syn_002537.png,images/syn_002537.png,"75°45'55""","75°45'55""",,,angle_dms_full,False,False,30.64
2538,syn_002538.png,images/syn_002538.png,Ø2.160±0.015,Ø2.160,+0.015,-0.015,symmetric_tight,False,False,-0.52
2539,syn_002539.png,images/syn_002539.png,15°12',15°12',,,angle_dms_min,False,False,-15.6
2540,syn_002540.png,images/syn_002540.png,5 +0.003/+0.001,5,+0.003,+0.001,stacked_fraction,True,False,-0.14
2541,syn_002541.png,images/syn_002541.png,"60° 17' 56""","60° 17' 56""",,,angle_dms_full,False,False,0.8
2542,syn_002542.png,images/syn_002542.png,90°±1°,90°,+1°,-1°,angle_dms_tol,False,False,43.72
2543,syn_002543.png,images/syn_002543.png,40 +0.005/0,40,+0.005,0,stacked_normal,False,False,-0.1
2544,syn_002544.png,images/syn_002544.png,8.308±0.02,8.308,+0.02,-0.02,symmetric_tight,False,False,0.17
2545,syn_002545.png,images/syn_002545.png,20 -0.001/-0.004,20,-0.001,-0.004,stacked_normal,False,False,0.38
2546,syn_002546.png,images/syn_002546.png,0.008±0.025,0.008,+0.025,-0.025,symmetric_tight,False,False,-5.73
2547,syn_002547.png,images/syn_002547.png,11.89 +0.015/-0.002,11.89,+0.015,-0.002,stacked_normal,False,False,-0.52
2548,syn_002548.png,images/syn_002548.png,61.391 +0.02/0,61.391,+0.02,0,stacked_normal,False,False,-0.72
2549,syn_002549.png,images/syn_002549.png,R0.1 MAX,R0.1 MAX,,,simple_radius_corner,False,False,16.45
2550,syn_002550.png,images/syn_002550.png,Ø42.273 +0.013/+0.01,Ø42.273,+0.013,+0.01,stacked_fraction,True,False,-0.63
2551,syn_002551.png,images/syn_002551.png,R76.461 0/-0.008,R76.461,0,-0.008,stacked_fraction,True,False,-0.16
2552,syn_002552.png,images/syn_002552.png,R0.2MAX,R0.2MAX,,,simple_radius_corner,False,False,-29.57
2553,syn_002553.png,images/syn_002553.png,0.3028 +0.015/-0.02,0.3028,+0.015,-0.02,stacked_normal,False,False,0.7
2554,syn_002554.png,images/syn_002554.png,0.1187±0.005,0.1187,+0.005,-0.005,symmetric_tight,False,False,0.32
2555,syn_002555.png,images/syn_002555.png,Ø30.812 +0.005/0,Ø30.812,+0.005,0,stacked_fraction,True,False,0.0
2556,syn_002556.png,images/syn_002556.png,R0.05,R0.05,,,simple_radius_corner,False,False,-0.35
2557,syn_002557.png,images/syn_002557.png,R60 0/-0.02,R60,0,-0.02,stacked_fraction,True,False,0.49
2558,syn_002558.png,images/syn_002558.png,82.861 0/-0.01,82.861,0,-0.01,stacked_normal,False,False,0.4
2559,syn_002559.png,images/syn_002559.png,11.89,11.89,,,simple_nominal_plain,False,False,-0.13
2560,syn_002560.png,images/syn_002560.png,2.160 +0.015/+0.01,2.160,+0.015,+0.01,stacked_fraction,True,False,-0.67
2561,syn_002561.png,images/syn_002561.png,M17.071 -0.005/-0.007,M17.071,-0.005,-0.007,stacked_fraction,True,False,-0.62
2562,syn_002562.png,images/syn_002562.png,4.026 +0.003/0,4.026,+0.003,0,stacked_fraction,True,False,0.52
2563,syn_002563.png,images/syn_002563.png,"75° 40' 29""","75° 40' 29""",,,angle_dms_full,False,False,14.61
2564,syn_002564.png,images/syn_002564.png,0.5°,0.5°,,,angle_decimal_deg,False,False,-0.41
2565,syn_002565.png,images/syn_002565.png,7.525 +0.03/0,7.525,+0.03,0,stacked_normal,False,False,2.5
2566,syn_002566.png,images/syn_002566.png,"25°42'33""","25°42'33""",,,angle_dms_full,False,False,16.25
2567,syn_002567.png,images/syn_002567.png,1.998 +0.012/+0.01,1.998,+0.012,+0.01,stacked_normal,False,False,-0.08
2568,syn_002568.png,images/syn_002568.png,4.026 +0.002/0,4.026,+0.002,0,stacked_normal,False,False,-0.43
2569,syn_002569.png,images/syn_002569.png,90°12',90°12',,,angle_dms_min,False,False,-0.1
2570,syn_002570.png,images/syn_002570.png,Ø15.80 +0.007/+0.002,Ø15.80,+0.007,+0.002,stacked_normal,False,False,0.61
2571,syn_002571.png,images/syn_002571.png,"5°39'4""","5°39'4""",,,angle_dms_full,False,False,-59.33
2572,syn_002572.png,images/syn_002572.png,0.523°,0.523°,,,angle_decimal_deg,False,False,16.49
2573,syn_002573.png,images/syn_002573.png,15°,15°,,,simple_angle_simple,False,False,0.75
2574,syn_002574.png,images/syn_002574.png,Ø92.745 0/-0.002,Ø92.745,0,-0.002,stacked_normal,False,False,0.99
2575,syn_002575.png,images/syn_002575.png,50.324 +0.01/0,50.324,+0.01,0,stacked_normal,False,False,-0.07
2576,syn_002576.png,images/syn_002576.png,50 0/-0.02,50,0,-0.02,stacked_fraction,True,False,0.01
2577,syn_002577.png,images/syn_002577.png,2.75 +0.02/0,2.75,+0.02,0,stacked_fraction,True,False,-0.5
2578,syn_002578.png,images/syn_002578.png,25.4 TYP,25.4 TYP,,,simple_boxed_ref,False,False,0.55
2579,syn_002579.png,images/syn_002579.png,1.25°,1.25°,,,angle_decimal_deg,False,False,-0.49
2580,syn_002580.png,images/syn_002580.png,R57.63 0/-0.03,R57.63,0,-0.03,stacked_fraction,True,False,0.41
2581,syn_002581.png,images/syn_002581.png,12.155,12.155,,,simple_nominal_plain,False,False,0.53
2582,syn_002582.png,images/syn_002582.png,Ø10.50 +0.02/-0.03,Ø10.50,+0.02,-0.03,stacked_fraction,True,False,0.42
2583,syn_002583.png,images/syn_002583.png,10 -0.001/-0.004,10,-0.001,-0.004,stacked_fraction,True,False,-0.8
2584,syn_002584.png,images/syn_002584.png,10.50 +0.015/-0.005,10.50,+0.015,-0.005,stacked_fraction,True,False,-0.65
2585,syn_002585.png,images/syn_002585.png,C0.05,C0.05,,,simple_chamfer,False,False,0.39
2586,syn_002586.png,images/syn_002586.png,R12.50 +0.002/0,R12.50,+0.002,0,stacked_fraction,True,False,-0.14
2587,syn_002587.png,images/syn_002587.png,R1.0 MIN,R1.0 MIN,,,simple_radius_corner,False,False,43.62
2588,syn_002588.png,images/syn_002588.png,Ø57.63 +0.008/+0.005,Ø57.63,+0.008,+0.005,stacked_fraction,True,False,-0.42
2589,syn_002589.png,images/syn_002589.png,Ø14.529 +0.01/-0.002,Ø14.529,+0.01,-0.002,stacked_fraction,True,False,0.74
2590,syn_002590.png,images/syn_002590.png,11.89±0.02,11.89,+0.02,-0.02,symmetric_tight,False,False,0.07
2591,syn_002591.png,images/syn_002591.png,0.25 +0.015/-0.03,0.25,+0.015,-0.03,stacked_fraction,True,False,-0.18
2592,syn_002592.png,images/syn_002592.png,12.50 +0.003/0,12.50,+0.003,0,stacked_normal,False,False,-0.2
2593,syn_002593.png,images/syn_002593.png,R0.03 MIN,R0.03 MIN,,,simple_radius_corner,False,False,0.54
2594,syn_002594.png,images/syn_002594.png,0.25 0/-0.03,0.25,0,-0.03,stacked_normal,False,False,2.24
2595,syn_002595.png,images/syn_002595.png,"60°35'18""","60°35'18""",,,angle_dms_full,False,False,-0.19
2596,syn_002596.png,images/syn_002596.png,Ø24.5,Ø24.5,,,simple_diameter,False,False,-0.69
2597,syn_002597.png,images/syn_002597.png,Ø8,Ø8,,,simple_diameter,False,False,0.13
2598,syn_002598.png,images/syn_002598.png,"2° 43' 58""","2° 43' 58""",,,angle_dms_full,False,False,-0.58
2599,syn_002599.png,images/syn_002599.png,93.339 +0.015/0,93.339,+0.015,0,stacked_normal,False,False,-0.72
2600,syn_002600.png,images/syn_002600.png,"90°14'46""","90°14'46""",,,angle_dms_full,False,False,14.51
2601,syn_002601.png,images/syn_002601.png,7.525±0.015,7.525,+0.015,-0.015,symmetric_tight,False,False,0.23
2602,syn_002602.png,images/syn_002602.png,94.024,94.024,,,simple_nominal_plain,False,False,0.73
2603,syn_002603.png,images/syn_002603.png,1.998 0/-0.003,1.998,0,-0.003,stacked_normal,False,False,-0.35
2604,syn_002604.png,images/syn_002604.png,62.166±0.015,62.166,+0.015,-0.015,symmetric_tight,False,False,-0.53
2605,syn_002605.png,images/syn_002605.png,73.65 0/-0.003,73.65,0,-0.003,stacked_normal,False,False,0.24
2606,syn_002606.png,images/syn_002606.png,86.389,86.389,,,simple_nominal_plain,False,False,-0.52
2607,syn_002607.png,images/syn_002607.png,26.197±0.005,26.197,+0.005,-0.005,symmetric_tight,False,False,-0.42
2608,syn_002608.png,images/syn_002608.png,Ø50.324 0/-0.002,Ø50.324,0,-0.002,stacked_normal,False,False,-0.57
2609,syn_002609.png,images/syn_002609.png,Ø2.75 +0.015/-0.03,Ø2.75,+0.015,-0.03,stacked_fraction,True,False,0.04
2610,syn_002610.png,images/syn_002610.png,10.50 +0.02/0,10.50,+0.02,0,stacked_fraction,True,False,0.73
2611,syn_002611.png,images/syn_002611.png,72.702 +0.02/-0.002,72.702,+0.02,-0.002,stacked_fraction,True,False,0.8
2612,syn_002612.png,images/syn_002612.png,5.04 +0.003/0,5.04,+0.003,0,stacked_normal,False,False,-5.89
2613,syn_002613.png,images/syn_002613.png,12.50 +0.002/0,12.50,+0.002,0,stacked_normal,False,False,-0.05
2614,syn_002614.png,images/syn_002614.png,47.533 -0.001/-0.006,47.533,-0.001,-0.006,stacked_normal,False,False,-0.1
2615,syn_002615.png,images/syn_002615.png,11.89 +0.03/0,11.89,+0.03,0,stacked_normal,False,False,0.31
2616,syn_002616.png,images/syn_002616.png,4.04 +0.006/+0.001,4.04,+0.006,+0.001,stacked_fraction,True,False,-0.12
2617,syn_002617.png,images/syn_002617.png,"2°11'9""","2°11'9""",,,angle_dms_full,False,False,0.06
2618,syn_002618.png,images/syn_002618.png,1.25°,1.25°,,,angle_decimal_deg,False,False,44.62
2619,syn_002619.png,images/syn_002619.png,0.1695 0/-0.015,0.1695,0,-0.015,stacked_fraction,True,False,0.61
2620,syn_002620.png,images/syn_002620.png,"90°58'25""","90°58'25""",,,angle_dms_full,False,False,-0.5
2621,syn_002621.png,images/syn_002621.png,M67.539 +0.05/0,M67.539,+0.05,0,stacked_fraction,True,False,0.25
2622,syn_002622.png,images/syn_002622.png,41.913,41.913,,,simple_nominal_plain,False,False,0.51
2623,syn_002623.png,images/syn_002623.png,0.941 0/-0.008,0.941,0,-0.008,stacked_fraction,True,False,-0.02
2624,syn_002624.png,images/syn_002624.png,0.008 +0.02/-0.005,0.008,+0.02,-0.005,stacked_normal,False,False,-0.2
2625,syn_002625.png,images/syn_002625.png,2.935 +0.01/-0.002,2.935,+0.01,-0.002,stacked_normal,False,False,0.4
2626,syn_002626.png,images/syn_002626.png,Ø0.290±0.005,Ø0.290,+0.005,-0.005,symmetric_tight,False,False,2.18
2627,syn_002627.png,images/syn_002627.png,Ø26.844 0/-0.03,Ø26.844,0,-0.03,stacked_fraction,True,False,-0.79
2628,syn_002628.png,images/syn_002628.png,50.324±0.005,50.324,+0.005,-0.005,symmetric_tight,False,False,-0.03
2629,syn_002629.png,images/syn_002629.png,C0.05,C0.05,,,simple_chamfer,False,False,-0.01
2630,syn_002630.png,images/syn_002630.png,"30°48'15""","30°48'15""",,,angle_dms_full,False,False,61.46
2631,syn_002631.png,images/syn_002631.png,Ø12,Ø12,,,simple_diameter,False,False,0.79
2632,syn_002632.png,images/syn_002632.png,15.80 0/-0.01,15.80,0,-0.01,stacked_fraction,True,False,5.58
2633,syn_002633.png,images/syn_002633.png,73.845 -0.003/-0.005,73.845,-0.003,-0.005,stacked_normal,False,False,-0.41
2634,syn_002634.png,images/syn_002634.png,11.89±0.01,11.89,+0.01,-0.01,symmetric_tight,False,False,-0.22
2635,syn_002635.png,images/syn_002635.png,11.89,11.89,,,simple_nominal_plain,False,False,0.33
2636,syn_002636.png,images/syn_002636.png,38.119±0.025,38.119,+0.025,-0.025,symmetric_tight,False,False,0.06
2637,syn_002637.png,images/syn_002637.png,4.04 +0.002/0,4.04,+0.002,0,stacked_normal,False,False,-0.74
2638,syn_002638.png,images/syn_002638.png,"15° 39' 5""","15° 39' 5""",,,angle_dms_full,False,False,-59.17
2639,syn_002639.png,images/syn_002639.png,74.142,74.142,,,simple_nominal_plain,False,False,0.08
2640,syn_002640.png,images/syn_002640.png,15°6',15°6',,,angle_dms_min,False,False,-0.58
2641,syn_002641.png,images/syn_002641.png,"90°50'20""","90°50'20""",,,angle_dms_full,False,False,-14.19
2642,syn_002642.png,images/syn_002642.png,M6,M6,,,simple_thread_qty,False,False,-0.7
2643,syn_002643.png,images/syn_002643.png,0.008 +0.015/+0.01,0.008,+0.015,+0.01,stacked_normal,False,False,0.74
2644,syn_002644.png,images/syn_002644.png,80.836±0.05,80.836,+0.05,-0.05,symmetric_tight,False,False,0.28
2645,syn_002645.png,images/syn_002645.png,M5 0/-0.015,M5,0,-0.015,stacked_normal,False,False,0.79
2646,syn_002646.png,images/syn_002646.png,Ø0.941 +0.005/0,Ø0.941,+0.005,0,stacked_fraction,True,False,0.99
2647,syn_002647.png,images/syn_002647.png,Ø0.2359±0.015,Ø0.2359,+0.015,-0.015,symmetric_tight,False,False,0.16
2648,syn_002648.png,images/syn_002648.png,120°12',120°12',,,angle_dms_min,False,False,45.05
2649,syn_002649.png,images/syn_002649.png,15.80 +0.002/0,15.80,+0.002,0,stacked_normal,False,False,-0.2
2650,syn_002650.png,images/syn_002650.png,Ø16.394 -0.002/-0.007,Ø16.394,-0.002,-0.007,stacked_normal,False,False,-0.65
2651,syn_002651.png,images/syn_002651.png,12.160 0/-0.003,12.160,0,-0.003,stacked_fraction,True,False,-0.38
2652,syn_002652.png,images/syn_002652.png,Ø0.1621 -0.002/-0.007,Ø0.1621,-0.002,-0.007,stacked_normal,False,False,0.59
2653,syn_002653.png,images/syn_002653.png,4.04 0/-0.02,4.04,0,-0.02,stacked_fraction,True,False,0.67
2654,syn_002654.png,images/syn_002654.png,12.50 0/-0.003,12.50,0,-0.003,stacked_normal,False,False,0.46
2655,syn_002655.png,images/syn_002655.png,C0.25,C0.25,,,simple_chamfer,False,False,-0.43
2656,syn_002656.png,images/syn_002656.png,28.65°,28.65°,,,angle_decimal_deg,False,False,-0.63
2657,syn_002657.png,images/syn_002657.png,71.852 +0.005/-0.01,71.852,+0.005,-0.01,stacked_fraction,True,False,5.9
2658,syn_002658.png,images/syn_002658.png,12.50 0/-0.008,12.50,0,-0.008,stacked_normal,False,False,0.31
2659,syn_002659.png,images/syn_002659.png,Ø94.212 +0.006/+0.001,Ø94.212,+0.006,+0.001,stacked_fraction,True,False,0.42
2660,syn_002660.png,images/syn_002660.png,R5 +0.05/0,R5,+0.05,0,stacked_fraction,True,False,0.79
2661,syn_002661.png,images/syn_002661.png,84.303 -0.001/-0.004,84.303,-0.001,-0.004,stacked_fraction,True,False,0.28
2662,syn_002662.png,images/syn_002662.png,Ø12.50 0/-0.002,Ø12.50,0,-0.002,stacked_normal,False,False,5.98
2663,syn_002663.png,images/syn_002663.png,5 0/-0.03,5,0,-0.03,stacked_fraction,True,False,0.3
2664,syn_002664.png,images/syn_002664.png,Ø0.941 -0.002/-0.005,Ø0.941,-0.002,-0.005,stacked_normal,False,False,-0.48
2665,syn_002665.png,images/syn_002665.png,50 0/-0.008,50,0,-0.008,stacked_fraction,True,False,0.79
2666,syn_002666.png,images/syn_002666.png,C1.0,C1.0,,,simple_chamfer,False,False,31.44
2667,syn_002667.png,images/syn_002667.png,M12.714±0.05,M12.714,+0.05,-0.05,symmetric_tight,False,False,-0.71
2668,syn_002668.png,images/syn_002668.png,15.8,15.8,,,simple_nominal_plain,False,False,-0.53
2669,syn_002669.png,images/syn_002669.png,57.63 +0.01/0,57.63,+0.01,0,stacked_normal,False,False,-0.61
2670,syn_002670.png,images/syn_002670.png,Ø7.525 +0.004/+0.002,Ø7.525,+0.004,+0.002,stacked_fraction,True,False,-0.23
2671,syn_002671.png,images/syn_002671.png,Ø0.008±0.025,Ø0.008,+0.025,-0.025,symmetric_tight,False,False,0.43
2672,syn_002672.png,images/syn_002672.png,50.714,50.714,,,simple_nominal_plain,False,False,-0.41
2673,syn_002673.png,images/syn_002673.png,"1°8'16""","1°8'16""",,,angle_dms_full,False,False,-0.61
2674,syn_002674.png,images/syn_002674.png,3.142°,3.142°,,,angle_decimal_deg,False,False,29.16
2675,syn_002675.png,images/syn_002675.png,R0.4285 -0.01/-0.015,R0.4285,-0.01,-0.015,stacked_normal,False,False,-0.55
2676,syn_002676.png,images/syn_002676.png,90°42',90°42',,,angle_dms_min,False,False,-0.33
2677,syn_002677.png,images/syn_002677.png,58.819 +0.008/+0.005,58.819,+0.008,+0.005,stacked_fraction,True,False,4.76
2678,syn_002678.png,images/syn_002678.png,C1.0,C1.0,,,simple_chamfer,False,False,-0.16
2679,syn_002679.png,images/syn_002679.png,Ø10.50 -0.005/-0.008,Ø10.50,-0.005,-0.008,stacked_fraction,True,False,0.69
2680,syn_002680.png,images/syn_002680.png,84.318 +0.05/-0.03,84.318,+0.05,-0.03,stacked_fraction,True,False,-0.43
2681,syn_002681.png,images/syn_002681.png,0.25 -0.002/-0.007,0.25,-0.002,-0.007,stacked_fraction,True,False,0.76
2682,syn_002682.png,images/syn_002682.png,26.197 +0.02/0,26.197,+0.02,0,stacked_normal,False,False,-0.15
2683,syn_002683.png,images/syn_002683.png,Ø0.652 0/-0.005,Ø0.652,0,-0.005,stacked_fraction,True,False,0.79
2684,syn_002684.png,images/syn_002684.png,28.65°,28.65°,,,angle_decimal_deg,False,False,45.03
2685,syn_002685.png,images/syn_002685.png,14.431 +0.01/-0.005,14.431,+0.01,-0.005,stacked_normal,False,False,0.48
2686,syn_002686.png,images/syn_002686.png,57.63 +0.02/0,57.63,+0.02,0,stacked_normal,False,False,-3.47
2687,syn_002687.png,images/syn_002687.png,R1.5,R1.5,,,simple_radius_corner,False,False,0.62
2688,syn_002688.png,images/syn_002688.png,1.521 0/-0.015,1.521,0,-0.015,stacked_normal,False,False,0.64
2689,syn_002689.png,images/syn_002689.png,R12.160 0/-0.002,R12.160,0,-0.002,stacked_normal,False,False,0.72
2690,syn_002690.png,images/syn_002690.png,M56.003 0/-0.01,M56.003,0,-0.01,stacked_normal,False,False,0.45
2691,syn_002691.png,images/syn_002691.png,Ø2.014 +0.002/0,Ø2.014,+0.002,0,stacked_normal,False,False,-0.04
2692,syn_002692.png,images/syn_002692.png,R35.726 +0.015/+0.01,R35.726,+0.015,+0.01,stacked_normal,False,False,0.79
2693,syn_002693.png,images/syn_002693.png,2.160±0.05,2.160,+0.05,-0.05,symmetric_tight,False,False,0.32
2694,syn_002694.png,images/syn_002694.png,Ø5.04 +0.015/0,Ø5.04,+0.015,0,stacked_normal,False,False,0.15
2695,syn_002695.png,images/syn_002695.png,10.50 +0.01/0,10.50,+0.01,0,stacked_fraction,True,False,-0.38
2696,syn_002696.png,images/syn_002696.png,Ø7.648±0.01,Ø7.648,+0.01,-0.01,symmetric_tight,False,False,0.69
2697,syn_002697.png,images/syn_002697.png,0.052°,0.052°,,,angle_decimal_deg,False,False,-60.18
2698,syn_002698.png,images/syn_002698.png,52.380 0/-0.01,52.380,0,-0.01,stacked_fraction,True,False,-0.6
2699,syn_002699.png,images/syn_002699.png,R0.2372 +0.015/-0.03,R0.2372,+0.015,-0.03,stacked_normal,False,False,-0.41
2700,syn_002700.png,images/syn_002700.png,Ø8.308 +0.015/0,Ø8.308,+0.015,0,stacked_fraction,True,False,-4.56
2701,syn_002701.png,images/syn_002701.png,Ø44.914 +0.015/-0.02,Ø44.914,+0.015,-0.02,stacked_normal,False,False,-0.63
2702,syn_002702.png,images/syn_002702.png,Ø0.3969±0.01,Ø0.3969,+0.01,-0.01,symmetric_tight,False,False,-0.27
2703,syn_002703.png,images/syn_002703.png,R1.998 0/-0.05,R1.998,0,-0.05,stacked_fraction,True,False,0.34
2704,syn_002704.png,images/syn_002704.png,"45° 30' 32""","45° 30' 32""",,,angle_dms_full,False,False,-14.81
2705,syn_002705.png,images/syn_002705.png,R64.487±0.01,R64.487,+0.01,-0.01,symmetric_tight,False,False,0.12
2706,syn_002706.png,images/syn_002706.png,50.00 +0.02/-0.002,50.00,+0.02,-0.002,stacked_normal,False,False,0.34
2707,syn_002707.png,images/syn_002707.png,75.673 -0.002/-0.004,75.673,-0.002,-0.004,stacked_normal,False,False,-0.14
2708,syn_002708.png,images/syn_002708.png,M40 0/-0.015,M40,0,-0.015,stacked_normal,False,False,0.76
2709,syn_002709.png,images/syn_002709.png,20 +0.03/0,20,+0.03,0,stacked_fraction,True,False,0.22
2710,syn_002710.png,images/syn_002710.png,73.65 -0.003/-0.006,73.65,-0.003,-0.006,stacked_fraction,True,False,-0.34
2711,syn_002711.png,images/syn_002711.png,Ø56.003 +0.008/+0.005,Ø56.003,+0.008,+0.005,stacked_fraction,True,False,0.8
2712,syn_002712.png,images/syn_002712.png,45°±5',45°,+5',-5',angle_dms_tol,False,False,0.22
2713,syn_002713.png,images/syn_002713.png,28°6',28°6',,,angle_dms_min,False,False,-60.94
2714,syn_002714.png,images/syn_002714.png,12.50 0/-0.05,12.50,0,-0.05,stacked_normal,False,False,-0.13
2715,syn_002715.png,images/syn_002715.png,0.2287±0.01,0.2287,+0.01,-0.01,symmetric_tight,False,False,-0.26
2716,syn_002716.png,images/syn_002716.png,60° 18',60° 18',,,angle_dms_min,False,False,13.53
2717,syn_002717.png,images/syn_002717.png,Ø30 +0.015/-0.02,Ø30,+0.015,-0.02,stacked_normal,False,False,0.53
2718,syn_002718.png,images/syn_002718.png,0.008 +0.002/0,0.008,+0.002,0,stacked_fraction,True,False,0.07
2719,syn_002719.png,images/syn_002719.png,0.941 +0.015/-0.005,0.941,+0.015,-0.005,stacked_fraction,True,False,0.39
2720,syn_002720.png,images/syn_002720.png,Ø53.421 +0.01/-0.01,Ø53.421,+0.01,-0.01,stacked_normal,False,False,-0.0
2721,syn_002721.png,images/syn_002721.png,M4.933 +0.02/0,M4.933,+0.02,0,stacked_normal,False,False,4.06
2722,syn_002722.png,images/syn_002722.png,120°32',120°32',,,angle_dms_min,False,False,30.87
2723,syn_002723.png,images/syn_002723.png,30°±1°,30°,+1°,-1°,angle_dms_tol,False,False,-15.6
2724,syn_002724.png,images/syn_002724.png,35.726 -0.001/-0.003,35.726,-0.001,-0.003,stacked_fraction,True,False,-0.32
2725,syn_002725.png,images/syn_002725.png,Ø12.155 +0.003/+0.001,Ø12.155,+0.003,+0.001,stacked_normal,False,False,0.2
2726,syn_002726.png,images/syn_002726.png,120°,120°,,,simple_angle_simple,False,False,-60.19
2727,syn_002727.png,images/syn_002727.png,Ø0.941±0.1,Ø0.941,+0.1,-0.1,symmetric_tight,False,False,-0.2
2728,syn_002728.png,images/syn_002728.png,Ø26.197 -0.01/-0.015,Ø26.197,-0.01,-0.015,stacked_fraction,True,False,0.31
2729,syn_002729.png,images/syn_002729.png,5.04 +0.005/-0.005,5.04,+0.005,-0.005,stacked_normal,False,False,0.16
2730,syn_002730.png,images/syn_002730.png,Ø16,Ø16,,,simple_diameter,False,False,0.48
2731,syn_002731.png,images/syn_002731.png,Ø33.613 +0.003/0,Ø33.613,+0.003,0,stacked_fraction,True,False,-0.25
2732,syn_002732.png,images/syn_002732.png,C35.359 +0.05/-0.002,C35.359,+0.05,-0.002,stacked_fraction,True,False,0.58
2733,syn_002733.png,images/syn_002733.png,C5 +0.004/+0.002,C5,+0.004,+0.002,stacked_normal,False,False,-5.01
2734,syn_002734.png,images/syn_002734.png,"1°6'15""","1°6'15""",,,angle_dms_full,False,False,28.54
2735,syn_002735.png,images/syn_002735.png,Ø0.4928 +0.006/+0.001,Ø0.4928,+0.006,+0.001,stacked_normal,False,False,-0.08
2736,syn_002736.png,images/syn_002736.png,2X Ø5,2X Ø5,,,simple_thread_qty,False,False,-0.52
2737,syn_002737.png,images/syn_002737.png,Ø0.008 +0.007/+0.005,Ø0.008,+0.007,+0.005,stacked_normal,False,False,-0.23
2738,syn_002738.png,images/syn_002738.png,C10 0/-0.03,C10,0,-0.03,stacked_fraction,True,False,-0.02
2739,syn_002739.png,images/syn_002739.png,83.367 -0.005/-0.008,83.367,-0.005,-0.008,stacked_normal,False,False,-5.52
2740,syn_002740.png,images/syn_002740.png,80.800 +0.01/+0.005,80.800,+0.01,+0.005,stacked_normal,False,False,-0.04
2741,syn_002741.png,images/syn_002741.png,0.3750 -0.002/-0.004,0.3750,-0.002,-0.004,stacked_fraction,True,False,0.39
2742,syn_002742.png,images/syn_002742.png,33.613±0.1,33.613,+0.1,-0.1,symmetric_tight,False,False,2.65
2743,syn_002743.png,images/syn_002743.png,R0.05MIN,R0.05MIN,,,simple_radius_corner,False,False,-0.5
2744,syn_002744.png,images/syn_002744.png,0.25±0.02,0.25,+0.02,-0.02,symmetric_tight,False,False,0.23
2745,syn_002745.png,images/syn_002745.png,0.1118 +0.01/0,0.1118,+0.01,0,stacked_normal,False,False,-0.45
2746,syn_002746.png,images/syn_002746.png,50.00 0/-0.005,50.00,0,-0.005,stacked_fraction,True,False,-0.01
2747,syn_002747.png,images/syn_002747.png,Ø62.993 +0.01/0,Ø62.993,+0.01,0,stacked_normal,False,False,-0.08
2748,syn_002748.png,images/syn_002748.png,Ø0.652 +0.03/0,Ø0.652,+0.03,0,stacked_normal,False,False,-0.3
2749,syn_002749.png,images/syn_002749.png,Ø10.50 +0.004/+0.001,Ø10.50,+0.004,+0.001,stacked_normal,False,False,0.07
2750,syn_002750.png,images/syn_002750.png,25.4,25.4,,,simple_nominal_plain,False,False,0.38
2751,syn_002751.png,images/syn_002751.png,Ø50±0.01,Ø50,+0.01,-0.01,symmetric_tight,False,False,-0.21
2752,syn_002752.png,images/syn_002752.png,Ø75 +0.02/0,Ø75,+0.02,0,stacked_fraction,True,False,0.04
2753,syn_002753.png,images/syn_002753.png,0.4062 +0.015/-0.03,0.4062,+0.015,-0.03,stacked_normal,False,False,0.21
2754,syn_002754.png,images/syn_002754.png,C1.5,C1.5,,,simple_chamfer,False,False,0.12
2755,syn_002755.png,images/syn_002755.png,C4.026 +0.005/-0.02,C4.026,+0.005,-0.02,stacked_normal,False,False,-0.41
2756,syn_002756.png,images/syn_002756.png,0.25 -0.001/-0.006,0.25,-0.001,-0.006,stacked_normal,False,False,0.21
2757,syn_002757.png,images/syn_002757.png,Ø24.50 -0.01/-0.012,Ø24.50,-0.01,-0.012,stacked_fraction,True,False,-0.59
2758,syn_002758.png,images/syn_002758.png,R4.04 0/-0.005,R4.04,0,-0.005,stacked_fraction,True,False,-2.71
2759,syn_002759.png,images/syn_002759.png,C0.5,C0.5,,,simple_chamfer,False,False,-45.61
2760,syn_002760.png,images/syn_002760.png,3.142°,3.142°,,,angle_decimal_deg,False,False,-0.77
2761,syn_002761.png,images/syn_002761.png,R64.017 -0.001/-0.006,R64.017,-0.001,-0.006,stacked_fraction,True,False,-0.68
2762,syn_002762.png,images/syn_002762.png,C0.0972 0/-0.05,C0.0972,0,-0.05,stacked_normal,False,False,-0.03
2763,syn_002763.png,images/syn_002763.png,93.570±0.01,93.570,+0.01,-0.01,symmetric_tight,False,False,-0.27
2764,syn_002764.png,images/syn_002764.png,Ø88.669±0.005,Ø88.669,+0.005,-0.005,symmetric_tight,False,False,-0.16
2765,syn_002765.png,images/syn_002765.png,75,75,,,simple_nominal_plain,False,False,-0.66
2766,syn_002766.png,images/syn_002766.png,0°26',0°26',,,angle_dms_min,False,False,-0.38
2767,syn_002767.png,images/syn_002767.png,11.89 0/-0.008,11.89,0,-0.008,stacked_fraction,True,False,-0.25
2768,syn_002768.png,images/syn_002768.png,R73.695 0/-0.005,R73.695,0,-0.005,stacked_fraction,True,False,0.07
2769,syn_002769.png,images/syn_002769.png,8.308 +0.01/-0.01,8.308,+0.01,-0.01,stacked_fraction,True,False,-0.11
2770,syn_002770.png,images/syn_002770.png,0.008 +0.015/0,0.008,+0.015,0,stacked_normal,False,False,4.5
2771,syn_002771.png,images/syn_002771.png,R5MAX,R5MAX,,,simple_radius_corner,False,False,-0.25
2772,syn_002772.png,images/syn_002772.png,R0.03 MIN,R0.03 MIN,,,simple_radius_corner,False,False,29.71
2773,syn_002773.png,images/syn_002773.png,24.50 +0.007/+0.002,24.50,+0.007,+0.002,stacked_normal,False,False,-0.17
2774,syn_002774.png,images/syn_002774.png,R1.0 MIN,R1.0 MIN,,,simple_radius_corner,False,False,-0.26
2775,syn_002775.png,images/syn_002775.png,0.0750 -0.003/-0.005,0.0750,-0.003,-0.005,stacked_normal,False,False,0.6
2776,syn_002776.png,images/syn_002776.png,12.150 -0.005/-0.007,12.150,-0.005,-0.007,stacked_fraction,True,False,-0.46
2777,syn_002777.png,images/syn_002777.png,0.3515±0.015,0.3515,+0.015,-0.015,symmetric_tight,False,False,-0.19
2778,syn_002778.png,images/syn_002778.png,70.850,70.850,,,simple_nominal_plain,False,False,0.53
2779,syn_002779.png,images/syn_002779.png,14.941 +0.015/+0.01,14.941,+0.015,+0.01,stacked_normal,False,False,-0.4
2780,syn_002780.png,images/syn_002780.png,Ø73.65±0.015,Ø73.65,+0.015,-0.015,symmetric_tight,False,False,0.1
2781,syn_002781.png,images/syn_002781.png,0.052°,0.052°,,,angle_decimal_deg,False,False,13.6
2782,syn_002782.png,images/syn_002782.png,120°32',120°32',,,angle_dms_min,False,False,15.35
2783,syn_002783.png,images/syn_002783.png,11.89 +0.05/0,11.89,+0.05,0,stacked_fraction,True,False,-1.32
2784,syn_002784.png,images/syn_002784.png,M6,M6,,,simple_thread_qty,False,False,0.48
2785,syn_002785.png,images/syn_002785.png,R26.456 +0.004/+0.002,R26.456,+0.004,+0.002,stacked_normal,False,False,0.41
2786,syn_002786.png,images/syn_002786.png,C12.50±0.002,C12.50,+0.002,-0.002,symmetric_tight,False,False,0.68
2787,syn_002787.png,images/syn_002787.png,0.1121 +0.02/-0.01,0.1121,+0.02,-0.01,stacked_fraction,True,False,0.65
2788,syn_002788.png,images/syn_002788.png,100 +0.007/+0.005,100,+0.007,+0.005,stacked_normal,False,False,-0.37
2789,syn_002789.png,images/syn_002789.png,45.5°,45.5°,,,angle_decimal_deg,False,False,-0.62
2790,syn_002790.png,images/syn_002790.png,0.25 -0.005/-0.01,0.25,-0.005,-0.01,stacked_normal,False,False,-0.48
2791,syn_002791.png,images/syn_002791.png,R0.25MAX,R0.25MAX,,,simple_radius_corner,False,False,-0.68
2792,syn_002792.png,images/syn_002792.png,Ø26.197 +0.015/-0.02,Ø26.197,+0.015,-0.02,stacked_normal,False,False,-0.11
2793,syn_002793.png,images/syn_002793.png,60°46',60°46',,,angle_dms_min,False,False,-60.73
2794,syn_002794.png,images/syn_002794.png,50 +0.013/+0.01,50,+0.013,+0.01,stacked_fraction,True,False,0.11
2795,syn_002795.png,images/syn_002795.png,0.2672 0/-0.03,0.2672,0,-0.03,stacked_normal,False,False,0.43
2796,syn_002796.png,images/syn_002796.png,2.160 0/-0.005,2.160,0,-0.005,stacked_fraction,True,False,0.32
2797,syn_002797.png,images/syn_002797.png,56.003 +0.05/0,56.003,+0.05,0,stacked_normal,False,False,0.74
2798,syn_002798.png,images/syn_002798.png,0.262°,0.262°,,,angle_decimal_deg,False,False,0.41
2799,syn_002799.png,images/syn_002799.png,1.998±0.01,1.998,+0.01,-0.01,symmetric_tight,False,False,0.44
2800,syn_002800.png,images/syn_002800.png,2.75 0/-0.003,2.75,0,-0.003,stacked_normal,False,False,0.03
2801,syn_002801.png,images/syn_002801.png,90.5°,90.5°,,,angle_decimal_deg,False,False,0.45
2802,syn_002802.png,images/syn_002802.png,Ø24 +0.015/-0.01,Ø24,+0.015,-0.01,stacked_normal,False,False,-0.56
2803,syn_002803.png,images/syn_002803.png,Ø12,Ø12,,,simple_diameter,False,False,0.17
2804,syn_002804.png,images/syn_002804.png,36.220 0/-0.008,36.220,0,-0.008,stacked_normal,False,False,0.41
2805,syn_002805.png,images/syn_002805.png,4.454±0.015,4.454,+0.015,-0.015,symmetric_tight,False,False,-0.03
2806,syn_002806.png,images/syn_002806.png,120°39',120°39',,,angle_dms_min,False,False,-44.54
2807,syn_002807.png,images/syn_002807.png,67.707±0.05,67.707,+0.05,-0.05,symmetric_tight,False,False,-0.43
2808,syn_002808.png,images/syn_002808.png,Ø12.155 +0.05/0,Ø12.155,+0.05,0,stacked_fraction,True,False,-0.12
2809,syn_002809.png,images/syn_002809.png,12.150 0/-0.02,12.150,0,-0.02,stacked_normal,False,False,-2.33
2810,syn_002810.png,images/syn_002810.png,Ø21.356 +0.002/0,Ø21.356,+0.002,0,stacked_normal,False,False,-0.68
2811,syn_002811.png,images/syn_002811.png,Ø40.708±0.005,Ø40.708,+0.005,-0.005,symmetric_tight,False,False,0.15
2812,syn_002812.png,images/syn_002812.png,33.613 +0.015/0,33.613,+0.015,0,stacked_normal,False,False,0.1
2813,syn_002813.png,images/syn_002813.png,Ø50,Ø50,,,simple_diameter,False,False,0.45
2814,syn_002814.png,images/syn_002814.png,16 +0.015/0,16,+0.015,0,stacked_fraction,True,False,0.42
2815,syn_002815.png,images/syn_002815.png,Ø4.04 0/-0.015,Ø4.04,0,-0.015,stacked_fraction,True,False,0.19
2816,syn_002816.png,images/syn_002816.png,12.50 0/-0.005,12.50,0,-0.005,stacked_normal,False,False,0.79
2817,syn_002817.png,images/syn_002817.png,0.017°,0.017°,,,angle_decimal_deg,False,False,15.72
2818,syn_002818.png,images/syn_002818.png,"60°57'19""","60°57'19""",,,angle_dms_full,False,False,-0.6
2819,syn_002819.png,images/syn_002819.png,3.593±0.015,3.593,+0.015,-0.015,symmetric_tight,False,False,0.28
2820,syn_002820.png,images/syn_002820.png,0.25 +0.005/+0.002,0.25,+0.005,+0.002,stacked_fraction,True,False,4.51
2821,syn_002821.png,images/syn_002821.png,R0.05MAX,R0.05MAX,,,simple_radius_corner,False,False,0.06
2822,syn_002822.png,images/syn_002822.png,R75 +0.02/-0.01,R75,+0.02,-0.01,stacked_fraction,True,False,-0.65
2823,syn_002823.png,images/syn_002823.png,15.80 -0.001/-0.004,15.80,-0.001,-0.004,stacked_fraction,True,False,-0.36
2824,syn_002824.png,images/syn_002824.png,75±0.015,75,+0.015,-0.015,symmetric_tight,False,False,-0.6
2825,syn_002825.png,images/syn_002825.png,Ø74.529 +0.01/-0.005,Ø74.529,+0.01,-0.005,stacked_normal,False,False,0.19
2826,syn_002826.png,images/syn_002826.png,R0.05 MAX,R0.05 MAX,,,simple_radius_corner,False,False,0.43
2827,syn_002827.png,images/syn_002827.png,0.3942 +0.05/-0.005,0.3942,+0.05,-0.005,stacked_fraction,True,False,0.16
2828,syn_002828.png,images/syn_002828.png,0.25 +0.015/0,0.25,+0.015,0,stacked_fraction,True,False,0.5
2829,syn_002829.png,images/syn_002829.png,C0.15,C0.15,,,simple_chamfer,False,False,45.89
2830,syn_002830.png,images/syn_002830.png,45.308 +0.005/-0.01,45.308,+0.005,-0.01,stacked_fraction,True,False,0.38
2831,syn_002831.png,images/syn_002831.png,74.317±0.015,74.317,+0.015,-0.015,symmetric_tight,False,False,-0.57
2832,syn_002832.png,images/syn_002832.png,40,40,,,simple_nominal_plain,False,False,0.51
2833,syn_002833.png,images/syn_002833.png,4.04 +0.005/-0.005,4.04,+0.005,-0.005,stacked_fraction,True,False,0.36
2834,syn_002834.png,images/syn_002834.png,Ø7.525 +0.004/+0.001,Ø7.525,+0.004,+0.001,stacked_normal,False,False,-0.65
2835,syn_002835.png,images/syn_002835.png,35.726 0/-0.008,35.726,0,-0.008,stacked_normal,False,False,0.61
2836,syn_002836.png,images/syn_002836.png,11.89 0/-0.003,11.89,0,-0.003,stacked_fraction,True,False,0.41
2837,syn_002837.png,images/syn_002837.png,30°±0.5°,30°,+0.5°,-0.5°,angle_dms_tol,False,False,29.56
2838,syn_002838.png,images/syn_002838.png,R0.5MAX,R0.5MAX,,,simple_radius_corner,False,False,0.26
2839,syn_002839.png,images/syn_002839.png,32 +0.05/0,32,+0.05,0,stacked_normal,False,False,-0.18
2840,syn_002840.png,images/syn_002840.png,5±0.015,5,+0.015,-0.015,symmetric_tight,False,False,0.71
2841,syn_002841.png,images/syn_002841.png,Ø15.80 +0.002/0,Ø15.80,+0.002,0,stacked_fraction,True,False,0.76
2842,syn_002842.png,images/syn_002842.png,4.04±0.025,4.04,+0.025,-0.025,symmetric_tight,False,False,0.1
2843,syn_002843.png,images/syn_002843.png,Ø12,Ø12,,,simple_diameter,False,False,0.16
2844,syn_002844.png,images/syn_002844.png,0.290 +0.05/0,0.290,+0.05,0,stacked_fraction,True,False,-0.45
2845,syn_002845.png,images/syn_002845.png,75 0/-0.002,75,0,-0.002,stacked_fraction,True,False,0.06
2846,syn_002846.png,images/syn_002846.png,0.25 -0.005/-0.008,0.25,-0.005,-0.008,stacked_fraction,True,False,0.15
2847,syn_002847.png,images/syn_002847.png,0°39',0°39',,,angle_dms_min,False,False,-0.43
2848,syn_002848.png,images/syn_002848.png,33.613 0/-0.03,33.613,0,-0.03,stacked_fraction,True,False,0.07
2849,syn_002849.png,images/syn_002849.png,5°32',5°32',,,angle_dms_min,False,False,-0.5
2850,syn_002850.png,images/syn_002850.png,R30.276±0.05,R30.276,+0.05,-0.05,symmetric_tight,False,False,0.52
2851,syn_002851.png,images/syn_002851.png,0.5°,0.5°,,,angle_decimal_deg,False,False,0.28
2852,syn_002852.png,images/syn_002852.png,Ø3.032 0/-0.01,Ø3.032,0,-0.01,stacked_fraction,True,False,0.71
2853,syn_002853.png,images/syn_002853.png,C2.0,C2.0,,,simple_chamfer,False,False,0.11
2854,syn_002854.png,images/syn_002854.png,R3MAX,R3MAX,,,simple_radius_corner,False,False,0.48
2855,syn_002855.png,images/syn_002855.png,45°±5',45°,+5',-5',angle_dms_tol,False,False,-15.37
2856,syn_002856.png,images/syn_002856.png,Ø0.1769 +0.003/+0.001,Ø0.1769,+0.003,+0.001,stacked_normal,False,False,-0.17
2857,syn_002857.png,images/syn_002857.png,35.726 +0.03/0,35.726,+0.03,0,stacked_fraction,True,False,0.07
2858,syn_002858.png,images/syn_002858.png,75 +0.02/-0.01,75,+0.02,-0.01,stacked_normal,False,False,0.45
2859,syn_002859.png,images/syn_002859.png,Ø50.324 -0.003/-0.008,Ø50.324,-0.003,-0.008,stacked_normal,False,False,-0.3
2860,syn_002860.png,images/syn_002860.png,Ø5.04 0/-0.003,Ø5.04,0,-0.003,stacked_normal,False,False,0.63
2861,syn_002861.png,images/syn_002861.png,11.89±0.005,11.89,+0.005,-0.005,symmetric_tight,False,False,-0.58
2862,syn_002862.png,images/syn_002862.png,0.2882 0/-0.002,0.2882,0,-0.002,stacked_normal,False,False,-0.7
2863,syn_002863.png,images/syn_002863.png,R12.160 +0.01/-0.01,R12.160,+0.01,-0.01,stacked_normal,False,False,-0.11
2864,syn_002864.png,images/syn_002864.png,66.607±0.1,66.607,+0.1,-0.1,symmetric_tight,False,False,-0.44
2865,syn_002865.png,images/syn_002865.png,32.663±0.02,32.663,+0.02,-0.02,symmetric_tight,False,False,0.63
2866,syn_002866.png,images/syn_002866.png,R25.313±0.025,R25.313,+0.025,-0.025,symmetric_tight,False,False,0.79
2867,syn_002867.png,images/syn_002867.png,45°±10',45°,+10',-10',angle_dms_tol,False,False,0.66
2868,syn_002868.png,images/syn_002868.png,12.150 +0.02/0,12.150,+0.02,0,stacked_normal,False,False,-0.11
2869,syn_002869.png,images/syn_002869.png,Ø0.4807 +0.005/-0.002,Ø0.4807,+0.005,-0.002,stacked_normal,False,False,-0.67
2870,syn_002870.png,images/syn_002870.png,73.973 0/-0.015,73.973,0,-0.015,stacked_fraction,True,False,-0.02
2871,syn_002871.png,images/syn_002871.png,10.50 +0.02/-0.01,10.50,+0.02,-0.01,stacked_fraction,True,False,-0.35
2872,syn_002872.png,images/syn_002872.png,Ø8 +0.01/0,Ø8,+0.01,0,stacked_normal,False,False,-0.04
2873,syn_002873.png,images/syn_002873.png,12.160,12.160,,,simple_nominal_plain,False,False,0.57
2874,syn_002874.png,images/syn_002874.png,24.50 0/-0.002,24.50,0,-0.002,stacked_fraction,True,False,0.57
2875,syn_002875.png,images/syn_002875.png,Ø45.097 -0.01/-0.015,Ø45.097,-0.01,-0.015,stacked_fraction,True,False,-2.43
2876,syn_002876.png,images/syn_002876.png,28°44',28°44',,,angle_dms_min,False,False,0.59
2877,syn_002877.png,images/syn_002877.png,C0.3,C0.3,,,simple_chamfer,False,False,-59.16
2878,syn_002878.png,images/syn_002878.png,10.50 0/-0.05,10.50,0,-0.05,stacked_normal,False,False,-0.22
2879,syn_002879.png,images/syn_002879.png,0.0368 +0.013/+0.01,0.0368,+0.013,+0.01,stacked_fraction,True,False,0.58
2880,syn_002880.png,images/syn_002880.png,60 -0.005/-0.008,60,-0.005,-0.008,stacked_normal,False,False,-0.61
2881,syn_002881.png,images/syn_002881.png,73.65 -0.01/-0.012,73.65,-0.01,-0.012,stacked_fraction,True,False,-4.12
2882,syn_002882.png,images/syn_002882.png,C1.5,C1.5,,,simple_chamfer,False,False,-15.18
2883,syn_002883.png,images/syn_002883.png,120°6',120°6',,,angle_dms_min,False,False,-44.11
2884,syn_002884.png,images/syn_002884.png,20 0/-0.003,20,0,-0.003,stacked_normal,False,False,-0.68
2885,syn_002885.png,images/syn_002885.png,"0°55'29""","0°55'29""",,,angle_dms_full,False,False,-59.69
2886,syn_002886.png,images/syn_002886.png,"5° 6' 10""","5° 6' 10""",,,angle_dms_full,False,False,-0.44
2887,syn_002887.png,images/syn_002887.png,12.150 +0.003/0,12.150,+0.003,0,stacked_fraction,True,False,0.75
2888,syn_002888.png,images/syn_002888.png,24 +0.003/0,24,+0.003,0,stacked_normal,False,False,-0.01
2889,syn_002889.png,images/syn_002889.png,C0.3,C0.3,,,simple_chamfer,False,False,59.36
2890,syn_002890.png,images/syn_002890.png,5.04 +0.003/+0.001,5.04,+0.003,+0.001,stacked_fraction,True,False,0.17
2891,syn_002891.png,images/syn_002891.png,50.581,50.581,,,simple_nominal_plain,False,False,-0.2
2892,syn_002892.png,images/syn_002892.png,30°,30°,,,simple_angle_simple,False,False,-0.52
2893,syn_002893.png,images/syn_002893.png,5.04±0.1,5.04,+0.1,-0.1,symmetric_tight,False,False,0.56
2894,syn_002894.png,images/syn_002894.png,24.50±0.015,24.50,+0.015,-0.015,symmetric_tight,False,False,0.47
2895,syn_002895.png,images/syn_002895.png,90.5°,90.5°,,,angle_decimal_deg,False,False,-60.73
2896,syn_002896.png,images/syn_002896.png,Ø26.197 -0.01/-0.013,Ø26.197,-0.01,-0.013,stacked_fraction,True,False,0.31
2897,syn_002897.png,images/syn_002897.png,Ø12.123±0.015,Ø12.123,+0.015,-0.015,symmetric_tight,False,False,-0.3
2898,syn_002898.png,images/syn_002898.png,90°±30',90°,+30',-30',angle_dms_tol,False,False,-0.27
2899,syn_002899.png,images/syn_002899.png,Ø8 0/-0.002,Ø8,0,-0.002,stacked_fraction,True,False,-0.59
2900,syn_002900.png,images/syn_002900.png,Ø74.200 +0.007/+0.005,Ø74.200,+0.007,+0.005,stacked_normal,False,False,0.5
2901,syn_002901.png,images/syn_002901.png,Ø4.026 +0.005/-0.005,Ø4.026,+0.005,-0.005,stacked_normal,False,False,0.54
2902,syn_002902.png,images/syn_002902.png,26.197 0/-0.003,26.197,0,-0.003,stacked_normal,False,False,-2.44
2903,syn_002903.png,images/syn_002903.png,M3.032 +0.005/0,M3.032,+0.005,0,stacked_fraction,True,False,0.53
2904,syn_002904.png,images/syn_002904.png,28°45',28°45',,,angle_dms_min,False,False,0.63
2905,syn_002905.png,images/syn_002905.png,R0.05MIN,R0.05MIN,,,simple_radius_corner,False,False,0.25
2906,syn_002906.png,images/syn_002906.png,R0.1808 -0.003/-0.006,R0.1808,-0.003,-0.006,stacked_fraction,True,False,-0.41
2907,syn_002907.png,images/syn_002907.png,75 0/-0.01,75,0,-0.01,stacked_normal,False,False,0.16
2908,syn_002908.png,images/syn_002908.png,"75° 35' 32""","75° 35' 32""",,,angle_dms_full,False,False,-59.26
2909,syn_002909.png,images/syn_002909.png,"60°16'50""","60°16'50""",,,angle_dms_full,False,False,-15.98
2910,syn_002910.png,images/syn_002910.png,Ø79.951±0.02,Ø79.951,+0.02,-0.02,symmetric_tight,False,False,0.66
2911,syn_002911.png,images/syn_002911.png,Ø3.838 +0.007/+0.002,Ø3.838,+0.007,+0.002,stacked_normal,False,False,0.16
2912,syn_002912.png,images/syn_002912.png,73.65 0/-0.05,73.65,0,-0.05,stacked_fraction,True,False,-0.06
2913,syn_002913.png,images/syn_002913.png,R56.051 +0.01/-0.002,R56.051,+0.01,-0.002,stacked_normal,False,False,-2.68
2914,syn_002914.png,images/syn_002914.png,R5 MIN,R5 MIN,,,simple_radius_corner,False,False,14.47
2915,syn_002915.png,images/syn_002915.png,90°,90°,,,simple_angle_simple,False,False,-14.1
2916,syn_002916.png,images/syn_002916.png,Ø14.941 -0.002/-0.005,Ø14.941,-0.002,-0.005,stacked_normal,False,False,0.22
2917,syn_002917.png,images/syn_002917.png,0.1393 0/-0.05,0.1393,0,-0.05,stacked_normal,False,False,0.14
2918,syn_002918.png,images/syn_002918.png,0.25±0.015,0.25,+0.015,-0.015,symmetric_tight,False,False,0.66
2919,syn_002919.png,images/syn_002919.png,C0.25,C0.25,,,simple_chamfer,False,False,-61.4
2920,syn_002920.png,images/syn_002920.png,Ø50.00±0.015,Ø50.00,+0.015,-0.015,symmetric_tight,False,False,0.66
2921,syn_002921.png,images/syn_002921.png,0.290 +0.05/-0.005,0.290,+0.05,-0.005,stacked_normal,False,False,-0.77
2922,syn_002922.png,images/syn_002922.png,4.04 +0.01/0,4.04,+0.01,0,stacked_normal,False,False,0.66
2923,syn_002923.png,images/syn_002923.png,15°±15',15°,+15',-15',angle_dms_tol,False,False,-46.47
2924,syn_002924.png,images/syn_002924.png,R12.155 +0.004/+0.001,R12.155,+0.004,+0.001,stacked_normal,False,False,-0.11
2925,syn_002925.png,images/syn_002925.png,C0.1,C0.1,,,simple_chamfer,False,False,-15.02
2926,syn_002926.png,images/syn_002926.png,5.04 -0.005/-0.008,5.04,-0.005,-0.008,stacked_fraction,True,False,0.34
2927,syn_002927.png,images/syn_002927.png,30°11',30°11',,,angle_dms_min,False,False,0.12
2928,syn_002928.png,images/syn_002928.png,Ø2.160 +0.05/-0.002,Ø2.160,+0.05,-0.002,stacked_fraction,True,False,-0.48
2929,syn_002929.png,images/syn_002929.png,16 +0.008/+0.005,16,+0.008,+0.005,stacked_fraction,True,False,-0.76
2930,syn_002930.png,images/syn_002930.png,5.102 +0.005/0,5.102,+0.005,0,stacked_normal,False,False,0.0
2931,syn_002931.png,images/syn_002931.png,"12°46'58""","12°46'58""",,,angle_dms_full,False,False,-28.52
2932,syn_002932.png,images/syn_002932.png,R0.12MIN,R0.12MIN,,,simple_radius_corner,False,False,15.65
2933,syn_002933.png,images/syn_002933.png,120°52',120°52',,,angle_dms_min,False,False,30.29
2934,syn_002934.png,images/syn_002934.png,0.2764 +0.02/0,0.2764,+0.02,0,stacked_normal,False,False,0.02
2935,syn_002935.png,images/syn_002935.png,Ø1.998 -0.005/-0.01,Ø1.998,-0.005,-0.01,stacked_fraction,True,False,-0.58
2936,syn_002936.png,images/syn_002936.png,"30°11'2""","30°11'2""",,,angle_dms_full,False,False,-61.27
2937,syn_002937.png,images/syn_002937.png,5.04 0/-0.005,5.04,0,-0.005,stacked_normal,False,False,-0.11
2938,syn_002938.png,images/syn_002938.png,C26.197 0/-0.03,C26.197,0,-0.03,stacked_fraction,True,False,-0.21
2939,syn_002939.png,images/syn_002939.png,0.941 0/-0.015,0.941,0,-0.015,stacked_normal,False,False,-0.23
2940,syn_002940.png,images/syn_002940.png,R8.308 0/-0.01,R8.308,0,-0.01,stacked_normal,False,False,-0.48
2941,syn_002941.png,images/syn_002941.png,Ø0.652±0.015,Ø0.652,+0.015,-0.015,symmetric_tight,False,False,0.34
2942,syn_002942.png,images/syn_002942.png,0.017°,0.017°,,,angle_decimal_deg,False,False,-0.02
2943,syn_002943.png,images/syn_002943.png,4.026 +0.02/-0.01,4.026,+0.02,-0.01,stacked_fraction,True,False,-0.66
2944,syn_002944.png,images/syn_002944.png,C1.5,C1.5,,,simple_chamfer,False,False,0.44
2945,syn_002945.png,images/syn_002945.png,5°40',5°40',,,angle_dms_min,False,False,-0.53
2946,syn_002946.png,images/syn_002946.png,2.75 +0.02/-0.005,2.75,+0.02,-0.005,stacked_normal,False,False,-0.36
2947,syn_002947.png,images/syn_002947.png,0.2647 +0.012/+0.01,0.2647,+0.012,+0.01,stacked_fraction,True,False,-0.44
2948,syn_002948.png,images/syn_002948.png,0.2668 0/-0.015,0.2668,0,-0.015,stacked_normal,False,False,0.21
2949,syn_002949.png,images/syn_002949.png,"30°16'18""","30°16'18""",,,angle_dms_full,False,False,-30.26
2950,syn_002950.png,images/syn_002950.png,"0°37'52""","0°37'52""",,,angle_dms_full,False,False,-0.2
2951,syn_002951.png,images/syn_002951.png,C0.3,C0.3,,,simple_chamfer,False,False,30.59
2952,syn_002952.png,images/syn_002952.png,41.154±0.01,41.154,+0.01,-0.01,symmetric_tight,False,False,0.79
2953,syn_002953.png,images/syn_002953.png,60,60,,,simple_nominal_plain,False,False,0.38
2954,syn_002954.png,images/syn_002954.png,50.00±0.002,50.00,+0.002,-0.002,symmetric_tight,False,False,-0.17
2955,syn_002955.png,images/syn_002955.png,"75°33'8""","75°33'8""",,,angle_dms_full,False,False,59.25
2956,syn_002956.png,images/syn_002956.png,56.003 +0.006/+0.001,56.003,+0.006,+0.001,stacked_fraction,True,False,-0.06
2957,syn_002957.png,images/syn_002957.png,30°29',30°29',,,angle_dms_min,False,False,30.61
2958,syn_002958.png,images/syn_002958.png,25 0/-0.03,25,0,-0.03,stacked_fraction,True,False,-0.35
2959,syn_002959.png,images/syn_002959.png,0.290±0.01,0.290,+0.01,-0.01,symmetric_tight,False,False,-0.67
2960,syn_002960.png,images/syn_002960.png,Ø15 0/-0.05,Ø15,0,-0.05,stacked_normal,False,False,-0.15
2961,syn_002961.png,images/syn_002961.png,Ø0.4117±0.05,Ø0.4117,+0.05,-0.05,symmetric_tight,False,False,0.21
2962,syn_002962.png,images/syn_002962.png,M2.160 +0.01/-0.02,M2.160,+0.01,-0.02,stacked_normal,False,False,0.01
2963,syn_002963.png,images/syn_002963.png,M26.197 +0.01/0,M26.197,+0.01,0,stacked_fraction,True,False,2.83
2964,syn_002964.png,images/syn_002964.png,Ø29.404 +0.015/+0.01,Ø29.404,+0.015,+0.01,stacked_normal,False,False,-0.17
2965,syn_002965.png,images/syn_002965.png,"89°27'55""","89°27'55""",,,angle_dms_full,False,False,0.08
2966,syn_002966.png,images/syn_002966.png,C0.3,C0.3,,,simple_chamfer,False,False,46.15
2967,syn_002967.png,images/syn_002967.png,12.155 0/-0.015,12.155,0,-0.015,stacked_fraction,True,False,-0.33
2968,syn_002968.png,images/syn_002968.png,50.324 +0.005/-0.01,50.324,+0.005,-0.01,stacked_fraction,True,False,0.5
2969,syn_002969.png,images/syn_002969.png,40 0/-0.03,40,0,-0.03,stacked_fraction,True,False,0.22
2970,syn_002970.png,images/syn_002970.png,C0.1,C0.1,,,simple_chamfer,False,False,-59.8
2971,syn_002971.png,images/syn_002971.png,C0.05,C0.05,,,simple_chamfer,False,False,0.8
2972,syn_002972.png,images/syn_002972.png,90°±15',90°,+15',-15',angle_dms_tol,False,False,44.1
2973,syn_002973.png,images/syn_002973.png,35.726 +0.05/0,35.726,+0.05,0,stacked_normal,False,False,0.54
2974,syn_002974.png,images/syn_002974.png,Ø6.053 +0.01/-0.02,Ø6.053,+0.01,-0.02,stacked_normal,False,False,-0.68
2975,syn_002975.png,images/syn_002975.png,24 +0.02/0,24,+0.02,0,stacked_fraction,True,False,-0.2
2976,syn_002976.png,images/syn_002976.png,25±0.002,25,+0.002,-0.002,symmetric_tight,False,False,0.5
2977,syn_002977.png,images/syn_002977.png,Ø59.461 +0.005/+0.002,Ø59.461,+0.005,+0.002,stacked_normal,False,False,0.63
2978,syn_002978.png,images/syn_002978.png,R25 -0.001/-0.006,R25,-0.001,-0.006,stacked_normal,False,False,0.54
2979,syn_002979.png,images/syn_002979.png,4.868 0/-0.005,4.868,0,-0.005,stacked_normal,False,False,-0.1
2980,syn_002980.png,images/syn_002980.png,57.63 +0.003/0,57.63,+0.003,0,stacked_fraction,True,False,0.37
2981,syn_002981.png,images/syn_002981.png,R73.576 +0.005/-0.02,R73.576,+0.005,-0.02,stacked_normal,False,False,0.2
2982,syn_002982.png,images/syn_002982.png,43.685 +0.005/+0.002,43.685,+0.005,+0.002,stacked_normal,False,False,0.61
2983,syn_002983.png,images/syn_002983.png,Ø67.127 0/-0.02,Ø67.127,0,-0.02,stacked_normal,False,False,0.4
2984,syn_002984.png,images/syn_002984.png,77.761 -0.005/-0.007,77.761,-0.005,-0.007,stacked_normal,False,False,0.26
2985,syn_002985.png,images/syn_002985.png,33.613 0/-0.03,33.613,0,-0.03,stacked_normal,False,False,0.7
2986,syn_002986.png,images/syn_002986.png,Ø2.160 +0.008/+0.005,Ø2.160,+0.008,+0.005,stacked_normal,False,False,0.67
2987,syn_002987.png,images/syn_002987.png,R0.05MAX,R0.05MAX,,,simple_radius_corner,False,False,-0.14
2988,syn_002988.png,images/syn_002988.png,Ø24.50 -0.01/-0.012,Ø24.50,-0.01,-0.012,stacked_normal,False,False,-0.29
2989,syn_002989.png,images/syn_002989.png,R12.371 0/-0.05,R12.371,0,-0.05,stacked_normal,False,False,0.77
2990,syn_002990.png,images/syn_002990.png,"89° 49' 12""","89° 49' 12""",,,angle_dms_full,False,False,-0.37
2991,syn_002991.png,images/syn_002991.png,5.04 +0.002/0,5.04,+0.002,0,stacked_normal,False,False,-0.05
2992,syn_002992.png,images/syn_002992.png,89.752 -0.001/-0.004,89.752,-0.001,-0.004,stacked_normal,False,False,-0.74
2993,syn_002993.png,images/syn_002993.png,84.984 +0.05/0,84.984,+0.05,0,stacked_normal,False,False,-5.41
2994,syn_002994.png,images/syn_002994.png,74.824 +0.015/+0.01,74.824,+0.015,+0.01,stacked_fraction,True,False,-0.64
2995,syn_002995.png,images/syn_002995.png,0.0236 +0.02/0,0.0236,+0.02,0,stacked_normal,False,False,0.27
2996,syn_002996.png,images/syn_002996.png,Ø2.160 0/-0.05,Ø2.160,0,-0.05,stacked_normal,False,False,-0.1
2997,syn_002997.png,images/syn_002997.png,"60° 10' 38""","60° 10' 38""",,,angle_dms_full,False,False,0.64
2998,syn_002998.png,images/syn_002998.png,33.613±0.02,33.613,+0.02,-0.02,symmetric_tight,False,False,0.52
2999,syn_002999.png,images/syn_002999.png,Ø0.4973 -0.003/-0.005,Ø0.4973,-0.003,-0.005,stacked_fraction,True,False,0.77
3000,syn_003000.png,images/syn_003000.png,Ø50.00 +0.002/0,Ø50.00,+0.002,0,stacked_normal,False,False,-0.59
3001,syn_003001.png,images/syn_003001.png,R0.05MAX,R0.05MAX,,,simple_radius_corner,False,False,-15.23
3002,syn_003002.png,images/syn_003002.png,50.00 +0.02/-0.01,50.00,+0.02,-0.01,stacked_fraction,True,False,0.49
3003,syn_003003.png,images/syn_003003.png,Ø30±0.025,Ø30,+0.025,-0.025,symmetric_tight,False,False,0.45
3004,syn_003004.png,images/syn_003004.png,12.50±0.02,12.50,+0.02,-0.02,symmetric_tight,False,False,-0.61
3005,syn_003005.png,images/syn_003005.png,60°±15',60°,+15',-15',angle_dms_tol,False,False,59.39
3006,syn_003006.png,images/syn_003006.png,50.00±0.1,50.00,+0.1,-0.1,symmetric_tight,False,False,-0.44
3007,syn_003007.png,images/syn_003007.png,Ø75 +0.008/+0.005,Ø75,+0.008,+0.005,stacked_fraction,True,False,-0.19
3008,syn_003008.png,images/syn_003008.png,4.04 +0.003/+0.001,4.04,+0.003,+0.001,stacked_fraction,True,False,-0.43
3009,syn_003009.png,images/syn_003009.png,50.00 0/-0.005,50.00,0,-0.005,stacked_normal,False,False,0.47
3010,syn_003010.png,images/syn_003010.png,15°43',15°43',,,angle_dms_min,False,False,-0.09
3011,syn_003011.png,images/syn_003011.png,10 +0.05/0,10,+0.05,0,stacked_normal,False,False,0.43
3012,syn_003012.png,images/syn_003012.png,0.052°,0.052°,,,angle_decimal_deg,False,False,-60.81
3013,syn_003013.png,images/syn_003013.png,15°40',15°40',,,angle_dms_min,False,False,0.19
3014,syn_003014.png,images/syn_003014.png,5.04 0/-0.03,5.04,0,-0.03,stacked_fraction,True,False,0.59
3015,syn_003015.png,images/syn_003015.png,30°±10',30°,+10',-10',angle_dms_tol,False,False,-0.71
3016,syn_003016.png,images/syn_003016.png,87.641 +0.01/0,87.641,+0.01,0,stacked_fraction,True,False,0.5
3017,syn_003017.png,images/syn_003017.png,0.008±0.015,0.008,+0.015,-0.015,symmetric_tight,False,False,-0.18
3018,syn_003018.png,images/syn_003018.png,2.160 +0.015/-0.002,2.160,+0.015,-0.002,stacked_fraction,True,False,-0.26
3019,syn_003019.png,images/syn_003019.png,56.003 +0.03/0,56.003,+0.03,0,stacked_fraction,True,False,0.01
3020,syn_003020.png,images/syn_003020.png,2X Ø5,2X Ø5,,,simple_thread_qty,False,False,-0.48
3021,syn_003021.png,images/syn_003021.png,Ø0.1884 +0.01/0,Ø0.1884,+0.01,0,stacked_normal,False,False,-4.89
3022,syn_003022.png,images/syn_003022.png,"1°8'42""","1°8'42""",,,angle_dms_full,False,False,16.3
3023,syn_003023.png,images/syn_003023.png,Ø0.652 -0.01/-0.013,Ø0.652,-0.01,-0.013,stacked_normal,False,False,-0.64
3024,syn_003024.png,images/syn_003024.png,Ø8.308 +0.002/0,Ø8.308,+0.002,0,stacked_fraction,True,False,0.69
3025,syn_003025.png,images/syn_003025.png,C57.63 +0.007/+0.002,C57.63,+0.007,+0.002,stacked_fraction,True,False,0.41
3026,syn_003026.png,images/syn_003026.png,Ø50.324 0/-0.003,Ø50.324,0,-0.003,stacked_fraction,True,False,-0.13
3027,syn_003027.png,images/syn_003027.png,60°±1°,60°,+1°,-1°,angle_dms_tol,False,False,30.53
3028,syn_003028.png,images/syn_003028.png,0.652 +0.05/-0.01,0.652,+0.05,-0.01,stacked_fraction,True,False,-0.71
3029,syn_003029.png,images/syn_003029.png,M73.65±0.1,M73.65,+0.1,-0.1,symmetric_tight,False,False,0.6
3030,syn_003030.png,images/syn_003030.png,C0.05,C0.05,,,simple_chamfer,False,False,-0.45
3031,syn_003031.png,images/syn_003031.png,15.80 +0.02/-0.01,15.80,+0.02,-0.01,stacked_fraction,True,False,0.48
3032,syn_003032.png,images/syn_003032.png,12.155 +0.015/-0.01,12.155,+0.015,-0.01,stacked_normal,False,False,1.51
3033,syn_003033.png,images/syn_003033.png,16.350±0.002,16.350,+0.002,-0.002,symmetric_tight,False,False,-0.29
3034,syn_003034.png,images/syn_003034.png,12.50±0.1,12.50,+0.1,-0.1,symmetric_tight,False,False,0.65
3035,syn_003035.png,images/syn_003035.png,10.50 0/-0.003,10.50,0,-0.003,stacked_normal,False,False,0.06
3036,syn_003036.png,images/syn_003036.png,Ø87.484 +0.05/0,Ø87.484,+0.05,0,stacked_fraction,True,False,-0.07
3037,syn_003037.png,images/syn_003037.png,R73.65 +0.005/0,R73.65,+0.005,0,stacked_normal,False,False,0.45
3038,syn_003038.png,images/syn_003038.png,Ø26.197 +0.005/-0.005,Ø26.197,+0.005,-0.005,stacked_fraction,True,False,-0.61
3039,syn_003039.png,images/syn_003039.png,18.297 0/-0.008,18.297,0,-0.008,stacked_fraction,True,False,-0.27
3040,syn_003040.png,images/syn_003040.png,C24.50 0/-0.002,C24.50,0,-0.002,stacked_fraction,True,False,-0.49
3041,syn_003041.png,images/syn_003041.png,15.968±0.015,15.968,+0.015,-0.015,symmetric_tight,False,False,0.23
3042,syn_003042.png,images/syn_003042.png,Ø2.75 +0.02/0,Ø2.75,+0.02,0,stacked_normal,False,False,-4.06
3043,syn_003043.png,images/syn_003043.png,12.50 +0.002/0,12.50,+0.002,0,stacked_normal,False,False,-0.39
3044,syn_003044.png,images/syn_003044.png,4.04,4.04,,,simple_nominal_plain,False,False,-0.26
3045,syn_003045.png,images/syn_003045.png,1.571°,1.571°,,,angle_decimal_deg,False,False,-0.62
3046,syn_003046.png,images/syn_003046.png,0.3112 0/-0.03,0.3112,0,-0.03,stacked_fraction,True,False,-0.33
3047,syn_003047.png,images/syn_003047.png,50.00 -0.001/-0.006,50.00,-0.001,-0.006,stacked_normal,False,False,-0.66
3048,syn_003048.png,images/syn_003048.png,0.008 0/-0.003,0.008,0,-0.003,stacked_normal,False,False,-0.19
3049,syn_003049.png,images/syn_003049.png,32 0/-0.003,32,0,-0.003,stacked_normal,False,False,0.67
3050,syn_003050.png,images/syn_003050.png,0.1444 0/-0.005,0.1444,0,-0.005,stacked_normal,False,False,-0.74
3051,syn_003051.png,images/syn_003051.png,C0.2,C0.2,,,simple_chamfer,False,False,29.21
3052,syn_003052.png,images/syn_003052.png,6.919,6.919,,,simple_nominal_plain,False,False,-0.06
3053,syn_003053.png,images/syn_003053.png,50.00 -0.002/-0.004,50.00,-0.002,-0.004,stacked_normal,False,False,-1.32
3054,syn_003054.png,images/syn_003054.png,C45.334±0.1,C45.334,+0.1,-0.1,symmetric_tight,False,False,0.32
3055,syn_003055.png,images/syn_003055.png,R0.2MIN,R0.2MIN,,,simple_radius_corner,False,False,-14.48
3056,syn_003056.png,images/syn_003056.png,Ø86.380 0/-0.01,Ø86.380,0,-0.01,stacked_normal,False,False,-0.77
3057,syn_003057.png,images/syn_003057.png,R1.5,R1.5,,,simple_radius_corner,False,False,-45.48
3058,syn_003058.png,images/syn_003058.png,R57.63 0/-0.008,R57.63,0,-0.008,stacked_normal,False,False,-0.39
3059,syn_003059.png,images/syn_003059.png,Ø26.197 -0.001/-0.003,Ø26.197,-0.001,-0.003,stacked_normal,False,False,1.51
3060,syn_003060.png,images/syn_003060.png,30°±15',30°,+15',-15',angle_dms_tol,False,False,15.28
3061,syn_003061.png,images/syn_003061.png,Ø20.179 +0.05/0,Ø20.179,+0.05,0,stacked_fraction,True,False,-0.65
3062,syn_003062.png,images/syn_003062.png,72.227 0/-0.03,72.227,0,-0.03,stacked_normal,False,False,-0.09
3063,syn_003063.png,images/syn_003063.png,60°±10',60°,+10',-10',angle_dms_tol,False,False,-61.02
3064,syn_003064.png,images/syn_003064.png,5.04,5.04,,,simple_nominal_plain,False,False,-0.24
3065,syn_003065.png,images/syn_003065.png,R0.25 MIN,R0.25 MIN,,,simple_radius_corner,False,False,-0.29
3066,syn_003066.png,images/syn_003066.png,Ø0.1525 -0.001/-0.006,Ø0.1525,-0.001,-0.006,stacked_fraction,True,False,-0.36
3067,syn_003067.png,images/syn_003067.png,R12 0/-0.003,R12,0,-0.003,stacked_fraction,True,False,-0.76
3068,syn_003068.png,images/syn_003068.png,3.032±0.02,3.032,+0.02,-0.02,symmetric_tight,False,False,0.61
3069,syn_003069.png,images/syn_003069.png,Ø0.2323±0.015,Ø0.2323,+0.015,-0.015,symmetric_tight,False,False,0.64
3070,syn_003070.png,images/syn_003070.png,33.613±0.015,33.613,+0.015,-0.015,symmetric_tight,False,False,0.45
3071,syn_003071.png,images/syn_003071.png,"25° 46' 12""","25° 46' 12""",,,angle_dms_full,False,False,-0.53
3072,syn_003072.png,images/syn_003072.png,0.1073±0.005,0.1073,+0.005,-0.005,symmetric_tight,False,False,-0.07
3073,syn_003073.png,images/syn_003073.png,C0.15,C0.15,,,simple_chamfer,False,False,-31.23
3074,syn_003074.png,images/syn_003074.png,11.89 +0.05/0,11.89,+0.05,0,stacked_fraction,True,False,-0.7
3075,syn_003075.png,images/syn_003075.png,4.04 +0.015/0,4.04,+0.015,0,stacked_normal,False,False,-0.21
3076,syn_003076.png,images/syn_003076.png,42.685 0/-0.02,42.685,0,-0.02,stacked_normal,False,False,-0.19
3077,syn_003077.png,images/syn_003077.png,8.308 0/-0.005,8.308,0,-0.005,stacked_fraction,True,False,-5.8
3078,syn_003078.png,images/syn_003078.png,12°18',12°18',,,angle_dms_min,False,False,13.66
3079,syn_003079.png,images/syn_003079.png,R5 MAX,R5 MAX,,,simple_radius_corner,False,False,-0.6
3080,syn_003080.png,images/syn_003080.png,Ø12.50 0/-0.002,Ø12.50,0,-0.002,stacked_normal,False,False,-0.73
3081,syn_003081.png,images/syn_003081.png,Ø12.155,Ø12.155,,,simple_diameter,False,False,-0.04
3082,syn_003082.png,images/syn_003082.png,Ø8.308 +0.004/+0.002,Ø8.308,+0.004,+0.002,stacked_normal,False,False,0.35
3083,syn_003083.png,images/syn_003083.png,R3MIN,R3MIN,,,simple_radius_corner,False,False,-0.36
3084,syn_003084.png,images/syn_003084.png,0.0515 -0.001/-0.004,0.0515,-0.001,-0.004,stacked_normal,False,False,-0.07
3085,syn_003085.png,images/syn_003085.png,12.50±0.005,12.50,+0.005,-0.005,symmetric_tight,False,False,-0.48
3086,syn_003086.png,images/syn_003086.png,11.89 +0.003/0,11.89,+0.003,0,stacked_normal,False,False,-0.1
3087,syn_003087.png,images/syn_003087.png,16.350 +0.005/-0.01,16.350,+0.005,-0.01,stacked_fraction,True,False,-0.62
3088,syn_003088.png,images/syn_003088.png,R73.65 -0.005/-0.01,R73.65,-0.005,-0.01,stacked_normal,False,False,-0.52
3089,syn_003089.png,images/syn_003089.png,C0.25,C0.25,,,simple_chamfer,False,False,-0.78
3090,syn_003090.png,images/syn_003090.png,15.80 +0.003/0,15.80,+0.003,0,stacked_fraction,True,False,-0.25
3091,syn_003091.png,images/syn_003091.png,0.2235 +0.015/-0.01,0.2235,+0.015,-0.01,stacked_normal,False,False,0.71
3092,syn_003092.png,images/syn_003092.png,R57.63 0/-0.005,R57.63,0,-0.005,stacked_fraction,True,False,-0.43
3093,syn_003093.png,images/syn_003093.png,26.197 +0.01/-0.002,26.197,+0.01,-0.002,stacked_normal,False,False,0.44
3094,syn_003094.png,images/syn_003094.png,34.352±0.002,34.352,+0.002,-0.002,symmetric_tight,False,False,0.75
3095,syn_003095.png,images/syn_003095.png,R79.806 0/-0.02,R79.806,0,-0.02,stacked_fraction,True,False,0.64
3096,syn_003096.png,images/syn_003096.png,(0.25),(0.25),,,simple_boxed_ref,False,False,0.11
3097,syn_003097.png,images/syn_003097.png,Ø82.210±0.015,Ø82.210,+0.015,-0.015,symmetric_tight,False,False,-0.56
3098,syn_003098.png,images/syn_003098.png,0.017°,0.017°,,,angle_decimal_deg,False,False,-29.83
3099,syn_003099.png,images/syn_003099.png,67.417,67.417,,,simple_nominal_plain,False,False,-0.59
3100,syn_003100.png,images/syn_003100.png,90°44',90°44',,,angle_dms_min,False,False,0.46
3101,syn_003101.png,images/syn_003101.png,Ø0.0658 0/-0.01,Ø0.0658,0,-0.01,stacked_normal,False,False,-0.34
3102,syn_003102.png,images/syn_003102.png,"45°46'22""","45°46'22""",,,angle_dms_full,False,False,-61.26
3103,syn_003103.png,images/syn_003103.png,40 +0.005/-0.002,40,+0.005,-0.002,stacked_fraction,True,False,0.71
3104,syn_003104.png,images/syn_003104.png,C0.3521 +0.01/-0.01,C0.3521,+0.01,-0.01,stacked_normal,False,False,-0.51
3105,syn_003105.png,images/syn_003105.png,Ø2.75 -0.002/-0.004,Ø2.75,-0.002,-0.004,stacked_fraction,True,False,-0.27
3106,syn_003106.png,images/syn_003106.png,R12.50 0/-0.01,R12.50,0,-0.01,stacked_fraction,True,False,0.15
3107,syn_003107.png,images/syn_003107.png,0.290 +0.01/-0.03,0.290,+0.01,-0.03,stacked_normal,False,False,0.6
3108,syn_003108.png,images/syn_003108.png,Ø2.75 +0.015/+0.01,Ø2.75,+0.015,+0.01,stacked_fraction,True,False,0.04
3109,syn_003109.png,images/syn_003109.png,0.3286 +0.004/+0.001,0.3286,+0.004,+0.001,stacked_fraction,True,False,-0.02
3110,syn_003110.png,images/syn_003110.png,15.80±0.05,15.80,+0.05,-0.05,symmetric_tight,False,False,0.45
3111,syn_003111.png,images/syn_003111.png,C1.0,C1.0,,,simple_chamfer,False,False,-29.93
3112,syn_003112.png,images/syn_003112.png,R0.25MAX,R0.25MAX,,,simple_radius_corner,False,False,-0.6
3113,syn_003113.png,images/syn_003113.png,73.838 -0.01/-0.013,73.838,-0.01,-0.013,stacked_normal,False,False,-0.28
3114,syn_003114.png,images/syn_003114.png,14.804,14.804,,,simple_nominal_plain,False,False,0.74
3115,syn_003115.png,images/syn_003115.png,10 0/-0.02,10,0,-0.02,stacked_fraction,True,False,0.73
3116,syn_003116.png,images/syn_003116.png,45.5°,45.5°,,,angle_decimal_deg,False,False,0.67
3117,syn_003117.png,images/syn_003117.png,2.160 0/-0.02,2.160,0,-0.02,stacked_fraction,True,False,-0.84
3118,syn_003118.png,images/syn_003118.png,2.75 +0.002/0,2.75,+0.002,0,stacked_fraction,True,False,0.07
3119,syn_003119.png,images/syn_003119.png,Ø30,Ø30,,,simple_diameter,False,False,0.62
3120,syn_003120.png,images/syn_003120.png,R85.206 0/-0.008,R85.206,0,-0.008,stacked_normal,False,False,0.09
3121,syn_003121.png,images/syn_003121.png,45.479±0.025,45.479,+0.025,-0.025,symmetric_tight,False,False,-0.26
3122,syn_003122.png,images/syn_003122.png,82.819 +0.015/0,82.819,+0.015,0,stacked_normal,False,False,0.36
3123,syn_003123.png,images/syn_003123.png,12.50 +0.002/0,12.50,+0.002,0,stacked_fraction,True,False,0.66
3124,syn_003124.png,images/syn_003124.png,R72.938 -0.005/-0.01,R72.938,-0.005,-0.01,stacked_normal,False,False,-0.61
3125,syn_003125.png,images/syn_003125.png,"90° 50' 10""","90° 50' 10""",,,angle_dms_full,False,False,-0.02
3126,syn_003126.png,images/syn_003126.png,12.155,12.155,,,simple_nominal_plain,False,False,0.35
3127,syn_003127.png,images/syn_003127.png,Ø0.2975±0.025,Ø0.2975,+0.025,-0.025,symmetric_tight,False,False,-0.69
3128,syn_003128.png,images/syn_003128.png,63.906 +0.007/+0.002,63.906,+0.007,+0.002,stacked_normal,False,False,0.76
3129,syn_003129.png,images/syn_003129.png,0.0434 0/-0.005,0.0434,0,-0.005,stacked_normal,False,False,0.71
3130,syn_003130.png,images/syn_003130.png,90°±10',90°,+10',-10',angle_dms_tol,False,False,-14.53
3131,syn_003131.png,images/syn_003131.png,R0.12 MAX,R0.12 MAX,,,simple_radius_corner,False,False,29.73
3132,syn_003132.png,images/syn_003132.png,60°±0.5°,60°,+0.5°,-0.5°,angle_dms_tol,False,False,61.21
3133,syn_003133.png,images/syn_003133.png,32 +0.015/+0.01,32,+0.015,+0.01,stacked_normal,False,False,-0.44
3134,syn_003134.png,images/syn_003134.png,R52.118 +0.002/0,R52.118,+0.002,0,stacked_normal,False,False,0.46
3135,syn_003135.png,images/syn_003135.png,Ø2.75 +0.05/0,Ø2.75,+0.05,0,stacked_normal,False,False,-0.27
3136,syn_003136.png,images/syn_003136.png,8±0.05,8,+0.05,-0.05,symmetric_tight,False,False,0.21
3137,syn_003137.png,images/syn_003137.png,45.822±0.1,45.822,+0.1,-0.1,symmetric_tight,False,False,0.74
3138,syn_003138.png,images/syn_003138.png,0.3294 +0.003/0,0.3294,+0.003,0,stacked_normal,False,False,0.54
3139,syn_003139.png,images/syn_003139.png,Ø13.385 +0.002/0,Ø13.385,+0.002,0,stacked_normal,False,False,-0.24
3140,syn_003140.png,images/syn_003140.png,Ø30.771 +0.05/0,Ø30.771,+0.05,0,stacked_fraction,True,False,0.31
3141,syn_003141.png,images/syn_003141.png,90° 20',90° 20',,,angle_dms_min,False,False,-0.53
3142,syn_003142.png,images/syn_003142.png,C10 -0.01/-0.015,C10,-0.01,-0.015,stacked_fraction,True,False,-0.4
3143,syn_003143.png,images/syn_003143.png,1.047°,1.047°,,,angle_decimal_deg,False,False,0.23
3144,syn_003144.png,images/syn_003144.png,20.278±0.015,20.278,+0.015,-0.015,symmetric_tight,False,False,0.76
3145,syn_003145.png,images/syn_003145.png,45.223 0/-0.008,45.223,0,-0.008,stacked_fraction,True,False,0.33
3146,syn_003146.png,images/syn_003146.png,Ø25 0/-0.05,Ø25,0,-0.05,stacked_normal,False,False,-0.08
3147,syn_003147.png,images/syn_003147.png,Ø4.824 0/-0.015,Ø4.824,0,-0.015,stacked_fraction,True,False,-0.61
3148,syn_003148.png,images/syn_003148.png,10,10,,,simple_nominal_plain,False,False,-0.73
3149,syn_003149.png,images/syn_003149.png,33.613 0/-0.005,33.613,0,-0.005,stacked_fraction,True,False,0.42
3150,syn_003150.png,images/syn_003150.png,90.848±0.005,90.848,+0.005,-0.005,symmetric_tight,False,False,0.27
3151,syn_003151.png,images/syn_003151.png,C0.15,C0.15,,,simple_chamfer,False,False,0.6
3152,syn_003152.png,images/syn_003152.png,M16 +0.015/-0.02,M16,+0.015,-0.02,stacked_fraction,True,False,-0.16
3153,syn_003153.png,images/syn_003153.png,0.052°,0.052°,,,angle_decimal_deg,False,False,-31.02
3154,syn_003154.png,images/syn_003154.png,0.0387±0.02,0.0387,+0.02,-0.02,symmetric_tight,False,False,0.08
3155,syn_003155.png,images/syn_003155.png,Ø50.00 0/-0.008,Ø50.00,0,-0.008,stacked_fraction,True,False,-0.74
3156,syn_003156.png,images/syn_003156.png,R24 0/-0.015,R24,0,-0.015,stacked_fraction,True,False,-0.2
3157,syn_003157.png,images/syn_003157.png,Ø25.718 0/-0.03,Ø25.718,0,-0.03,stacked_fraction,True,False,-1.37
3158,syn_003158.png,images/syn_003158.png,35.726 +0.003/0,35.726,+0.003,0,stacked_fraction,True,False,-0.21
3159,syn_003159.png,images/syn_003159.png,5.04±0.005,5.04,+0.005,-0.005,symmetric_tight,False,False,-0.52
3160,syn_003160.png,images/syn_003160.png,Ø10,Ø10,,,simple_diameter,False,False,0.08
3161,syn_003161.png,images/syn_003161.png,Ø16.350 +0.005/-0.02,Ø16.350,+0.005,-0.02,stacked_normal,False,False,0.64
3162,syn_003162.png,images/syn_003162.png,Ø12.50±0.025,Ø12.50,+0.025,-0.025,symmetric_tight,False,False,-0.47
3163,syn_003163.png,images/syn_003163.png,24.50 +0.012/+0.01,24.50,+0.012,+0.01,stacked_fraction,True,False,0.27
3164,syn_003164.png,images/syn_003164.png,Ø0.941 -0.005/-0.007,Ø0.941,-0.005,-0.007,stacked_normal,False,False,0.29
3165,syn_003165.png,images/syn_003165.png,Ø18.500 +0.015/0,Ø18.500,+0.015,0,stacked_normal,False,False,0.05
3166,syn_003166.png,images/syn_003166.png,10.595±0.005,10.595,+0.005,-0.005,symmetric_tight,False,False,-0.07
3167,syn_003167.png,images/syn_003167.png,R0.1899 -0.005/-0.007,R0.1899,-0.005,-0.007,stacked_normal,False,False,0.69
3168,syn_003168.png,images/syn_003168.png,0.2291 +0.003/0,0.2291,+0.003,0,stacked_normal,False,False,0.23
3169,syn_003169.png,images/syn_003169.png,35.726±0.01,35.726,+0.01,-0.01,symmetric_tight,False,False,-0.53
3170,syn_003170.png,images/syn_003170.png,45.5°,45.5°,,,angle_decimal_deg,False,False,14.61
3171,syn_003171.png,images/syn_003171.png,45°15',45°15',,,angle_dms_min,False,False,-0.27
3172,syn_003172.png,images/syn_003172.png,3.032 +0.01/0,3.032,+0.01,0,stacked_normal,False,False,0.69
3173,syn_003173.png,images/syn_003173.png,89.613 0/-0.003,89.613,0,-0.003,stacked_normal,False,False,0.04
3174,syn_003174.png,images/syn_003174.png,0.2507 +0.01/0,0.2507,+0.01,0,stacked_fraction,True,False,0.78
3175,syn_003175.png,images/syn_003175.png,24.5,24.5,,,simple_nominal_plain,False,False,0.15
3176,syn_003176.png,images/syn_003176.png,C0.3,C0.3,,,simple_chamfer,False,False,13.67
3177,syn_003177.png,images/syn_003177.png,12.160 +0.002/0,12.160,+0.002,0,stacked_fraction,True,False,-0.59
3178,syn_003178.png,images/syn_003178.png,Ø3.032 -0.01/-0.013,Ø3.032,-0.01,-0.013,stacked_fraction,True,False,-0.1
3179,syn_003179.png,images/syn_003179.png,5°6',5°6',,,angle_dms_min,False,False,30.15
3180,syn_003180.png,images/syn_003180.png,Ø56.003 +0.02/0,Ø56.003,+0.02,0,stacked_normal,False,False,-0.18
3181,syn_003181.png,images/syn_003181.png,M8,M8,,,simple_thread_qty,False,False,0.2
3182,syn_003182.png,images/syn_003182.png,Ø73.65±0.1,Ø73.65,+0.1,-0.1,symmetric_tight,False,False,-0.65
3183,syn_003183.png,images/syn_003183.png,15°±15',15°,+15',-15',angle_dms_tol,False,False,-14.82
3184,syn_003184.png,images/syn_003184.png,"5° 30' 53""","5° 30' 53""",,,angle_dms_full,False,False,0.79
3185,syn_003185.png,images/syn_003185.png,Ø12.50 +0.002/0,Ø12.50,+0.002,0,stacked_normal,False,False,0.18
3186,syn_003186.png,images/syn_003186.png,0.1523 0/-0.005,0.1523,0,-0.005,stacked_fraction,True,False,-0.75
3187,syn_003187.png,images/syn_003187.png,120°15',120°15',,,angle_dms_min,False,False,60.95
3188,syn_003188.png,images/syn_003188.png,30 0/-0.01,30,0,-0.01,stacked_normal,False,False,0.29
3189,syn_003189.png,images/syn_003189.png,1.571°,1.571°,,,angle_decimal_deg,False,False,0.56
3190,syn_003190.png,images/syn_003190.png,C0.3,C0.3,,,simple_chamfer,False,False,0.02
3191,syn_003191.png,images/syn_003191.png,7.647 0/-0.005,7.647,0,-0.005,stacked_fraction,True,False,-0.09
3192,syn_003192.png,images/syn_003192.png,C27.999±0.1,C27.999,+0.1,-0.1,symmetric_tight,False,False,0.38
3193,syn_003193.png,images/syn_003193.png,46.959,46.959,,,simple_nominal_plain,False,False,0.56
3194,syn_003194.png,images/syn_003194.png,"90°7'45""","90°7'45""",,,angle_dms_full,False,False,-0.72
3195,syn_003195.png,images/syn_003195.png,R0.1 MAX,R0.1 MAX,,,simple_radius_corner,False,False,46.45
3196,syn_003196.png,images/syn_003196.png,12.150 0/-0.05,12.150,0,-0.05,stacked_normal,False,False,-0.05
3197,syn_003197.png,images/syn_003197.png,1.5,1.5,,,simple_nominal_plain,False,False,0.03
3198,syn_003198.png,images/syn_003198.png,0.652 0/-0.003,0.652,0,-0.003,stacked_fraction,True,False,0.28
3199,syn_003199.png,images/syn_003199.png,R15.80 -0.005/-0.008,R15.80,-0.005,-0.008,stacked_normal,False,False,0.4
3200,syn_003200.png,images/syn_003200.png,13.164 0/-0.005,13.164,0,-0.005,stacked_normal,False,False,-5.65
3201,syn_003201.png,images/syn_003201.png,4.04 +0.02/-0.005,4.04,+0.02,-0.005,stacked_fraction,True,False,-0.76
3202,syn_003202.png,images/syn_003202.png,C26.197 +0.02/0,C26.197,+0.02,0,stacked_fraction,True,False,0.8
3203,syn_003203.png,images/syn_003203.png,R31.294 0/-0.005,R31.294,0,-0.005,stacked_normal,False,False,0.72
3204,syn_003204.png,images/syn_003204.png,Ø16±0.005,Ø16,+0.005,-0.005,symmetric_tight,False,False,0.34
3205,syn_003205.png,images/syn_003205.png,15°36',15°36',,,angle_dms_min,False,False,-0.74
3206,syn_003206.png,images/syn_003206.png,Ø2.75 0/-0.02,Ø2.75,0,-0.02,stacked_fraction,True,False,0.4
3207,syn_003207.png,images/syn_003207.png,R0.12 MAX,R0.12 MAX,,,simple_radius_corner,False,False,0.44
3208,syn_003208.png,images/syn_003208.png,Ø50,Ø50,,,simple_diameter,False,False,0.32
3209,syn_003209.png,images/syn_003209.png,0.523°,0.523°,,,angle_decimal_deg,False,False,-15.4
3210,syn_003210.png,images/syn_003210.png,41.672 -0.002/-0.004,41.672,-0.002,-0.004,stacked_normal,False,False,0.42
3211,syn_003211.png,images/syn_003211.png,25.273 0/-0.05,25.273,0,-0.05,stacked_fraction,True,False,0.36
3212,syn_003212.png,images/syn_003212.png,C92.260 0/-0.02,C92.260,0,-0.02,stacked_normal,False,False,-0.41
3213,syn_003213.png,images/syn_003213.png,C0.2,C0.2,,,simple_chamfer,False,False,-15.56
3214,syn_003214.png,images/syn_003214.png,60 +0.03/0,60,+0.03,0,stacked_normal,False,False,-0.19
3215,syn_003215.png,images/syn_003215.png,R0.1MAX,R0.1MAX,,,simple_radius_corner,False,False,0.72
3216,syn_003216.png,images/syn_003216.png,16.902 0/-0.05,16.902,0,-0.05,stacked_normal,False,False,0.67
3217,syn_003217.png,images/syn_003217.png,C8.308 0/-0.008,C8.308,0,-0.008,stacked_fraction,True,False,0.27
3218,syn_003218.png,images/syn_003218.png,R57.234±0.05,R57.234,+0.05,-0.05,symmetric_tight,False,False,0.12
3219,syn_003219.png,images/syn_003219.png,0.087°,0.087°,,,angle_decimal_deg,False,False,-0.77
3220,syn_003220.png,images/syn_003220.png,2X Ø5,2X Ø5,,,simple_thread_qty,False,False,0.64
3221,syn_003221.png,images/syn_003221.png,R0.0217 +0.015/+0.01,R0.0217,+0.015,+0.01,stacked_fraction,True,False,0.56
3222,syn_003222.png,images/syn_003222.png,73.65 +0.003/0,73.65,+0.003,0,stacked_normal,False,False,0.17
3223,syn_003223.png,images/syn_003223.png,90°33',90°33',,,angle_dms_min,False,False,-0.28
3224,syn_003224.png,images/syn_003224.png,51.557 0/-0.05,51.557,0,-0.05,stacked_fraction,True,False,0.14
3225,syn_003225.png,images/syn_003225.png,"1°11'50""","1°11'50""",,,angle_dms_full,False,False,13.82
3226,syn_003226.png,images/syn_003226.png,4.04 +0.05/0,4.04,+0.05,0,stacked_normal,False,False,0.56
3227,syn_003227.png,images/syn_003227.png,41.806 +0.05/-0.005,41.806,+0.05,-0.005,stacked_fraction,True,False,0.35
3228,syn_003228.png,images/syn_003228.png,"89°5'36""","89°5'36""",,,angle_dms_full,False,False,-0.28
3229,syn_003229.png,images/syn_003229.png,0.0098 +0.015/+0.01,0.0098,+0.015,+0.01,stacked_fraction,True,False,-0.26
3230,syn_003230.png,images/syn_003230.png,R10.50 +0.02/0,R10.50,+0.02,0,stacked_normal,False,False,-0.46
3231,syn_003231.png,images/syn_003231.png,2.160 +0.01/0,2.160,+0.01,0,stacked_fraction,True,False,-0.74
3232,syn_003232.png,images/syn_003232.png,15.80±0.025,15.80,+0.025,-0.025,symmetric_tight,False,False,-0.37
3233,syn_003233.png,images/syn_003233.png,5°30',5°30',,,angle_dms_min,False,False,-0.15
3234,syn_003234.png,images/syn_003234.png,12.160,12.160,,,simple_nominal_plain,False,False,-0.63
3235,syn_003235.png,images/syn_003235.png,Ø10.50±0.1,Ø10.50,+0.1,-0.1,symmetric_tight,False,False,-0.76
3236,syn_003236.png,images/syn_003236.png,R0.12MIN,R0.12MIN,,,simple_radius_corner,False,False,15.05
3237,syn_003237.png,images/syn_003237.png,"12°58'43""","12°58'43""",,,angle_dms_full,False,False,-0.4
3238,syn_003238.png,images/syn_003238.png,Ø50,Ø50,,,simple_diameter,False,False,-0.69
3239,syn_003239.png,images/syn_003239.png,30 +0.05/-0.01,30,+0.05,-0.01,stacked_fraction,True,False,2.68
3240,syn_003240.png,images/syn_003240.png,60°±10',60°,+10',-10',angle_dms_tol,False,False,-44.57
3241,syn_003241.png,images/syn_003241.png,C56.003 0/-0.008,C56.003,0,-0.008,stacked_fraction,True,False,-0.67
3242,syn_003242.png,images/syn_003242.png,R71.875±0.05,R71.875,+0.05,-0.05,symmetric_tight,False,False,0.24
3243,syn_003243.png,images/syn_003243.png,0.941 -0.01/-0.013,0.941,-0.01,-0.013,stacked_normal,False,False,-0.24
3244,syn_003244.png,images/syn_003244.png,45°7',45°7',,,angle_dms_min,False,False,15.93
3245,syn_003245.png,images/syn_003245.png,45°33',45°33',,,angle_dms_min,False,False,-0.25
3246,syn_003246.png,images/syn_003246.png,16.350±0.02,16.350,+0.02,-0.02,symmetric_tight,False,False,-0.74
3247,syn_003247.png,images/syn_003247.png,100 +0.003/0,100,+0.003,0,stacked_normal,False,False,0.69
3248,syn_003248.png,images/syn_003248.png,5°21',5°21',,,angle_dms_min,False,False,-0.38
3249,syn_003249.png,images/syn_003249.png,51.811±0.02,51.811,+0.02,-0.02,symmetric_tight,False,False,0.65
3250,syn_003250.png,images/syn_003250.png,45°±10',45°,+10',-10',angle_dms_tol,False,False,60.61
3251,syn_003251.png,images/syn_003251.png,50±0.025,50,+0.025,-0.025,symmetric_tight,False,False,-0.11
3252,syn_003252.png,images/syn_003252.png,1.649 +0.002/0,1.649,+0.002,0,stacked_fraction,True,False,0.25
3253,syn_003253.png,images/syn_003253.png,4.026 -0.001/-0.004,4.026,-0.001,-0.004,stacked_normal,False,False,0.1
3254,syn_003254.png,images/syn_003254.png,33.613 0/-0.008,33.613,0,-0.008,stacked_fraction,True,False,-2.53
3255,syn_003255.png,images/syn_003255.png,40.149 +0.01/0,40.149,+0.01,0,stacked_fraction,True,False,0.55
3256,syn_003256.png,images/syn_003256.png,C12.160 +0.007/+0.005,C12.160,+0.007,+0.005,stacked_fraction,True,False,-0.7
3257,syn_003257.png,images/syn_003257.png,3.142°,3.142°,,,angle_decimal_deg,False,False,-61.13
3258,syn_003258.png,images/syn_003258.png,57.971 -0.001/-0.003,57.971,-0.001,-0.003,stacked_normal,False,False,-1.81
3259,syn_003259.png,images/syn_003259.png,30°,30°,,,simple_angle_simple,False,False,-0.59
3260,syn_003260.png,images/syn_003260.png,Ø77.040 +0.005/-0.002,Ø77.040,+0.005,-0.002,stacked_normal,False,False,-3.19
3261,syn_003261.png,images/syn_003261.png,24.50 0/-0.003,24.50,0,-0.003,stacked_normal,False,False,-0.73
3262,syn_003262.png,images/syn_003262.png,8 0/-0.005,8,0,-0.005,stacked_normal,False,False,-0.16
3263,syn_003263.png,images/syn_003263.png,4.04 +0.02/-0.002,4.04,+0.02,-0.002,stacked_fraction,True,False,0.76
3264,syn_003264.png,images/syn_003264.png,C12.150 -0.01/-0.015,C12.150,-0.01,-0.015,stacked_fraction,True,False,-0.54
3265,syn_003265.png,images/syn_003265.png,Ø50.00±0.1,Ø50.00,+0.1,-0.1,symmetric_tight,False,False,0.14
3266,syn_003266.png,images/syn_003266.png,33.613±0.002,33.613,+0.002,-0.002,symmetric_tight,False,False,0.57
3267,syn_003267.png,images/syn_003267.png,68.669 +0.005/-0.02,68.669,+0.005,-0.02,stacked_normal,False,False,-0.17
3268,syn_003268.png,images/syn_003268.png,"12° 27' 36""","12° 27' 36""",,,angle_dms_full,False,False,-30.28
3269,syn_003269.png,images/syn_003269.png,57.63 +0.05/0,57.63,+0.05,0,stacked_fraction,True,False,-0.18
3270,syn_003270.png,images/syn_003270.png,12.155,12.155,,,simple_nominal_plain,False,False,0.62
3271,syn_003271.png,images/syn_003271.png,Ø10.50 0/-0.008,Ø10.50,0,-0.008,stacked_fraction,True,False,0.23
3272,syn_003272.png,images/syn_003272.png,90.5°,90.5°,,,angle_decimal_deg,False,False,61.17
3273,syn_003273.png,images/syn_003273.png,5 +0.01/0,5,+0.01,0,stacked_fraction,True,False,-0.78
3274,syn_003274.png,images/syn_003274.png,"5°3'40""","5°3'40""",,,angle_dms_full,False,False,13.86
3275,syn_003275.png,images/syn_003275.png,Ø12.160 0/-0.003,Ø12.160,0,-0.003,stacked_fraction,True,False,-0.71
3276,syn_003276.png,images/syn_003276.png,12.150±0.025,12.150,+0.025,-0.025,symmetric_tight,False,False,-3.38
3277,syn_003277.png,images/syn_003277.png,4.026 +0.007/+0.002,4.026,+0.007,+0.002,stacked_fraction,True,False,-0.72
3278,syn_003278.png,images/syn_003278.png,Ø60.785 0/-0.005,Ø60.785,0,-0.005,stacked_fraction,True,False,1.06
3279,syn_003279.png,images/syn_003279.png,53.227 0/-0.05,53.227,0,-0.05,stacked_normal,False,False,0.51
3280,syn_003280.png,images/syn_003280.png,50.00 +0.05/-0.002,50.00,+0.05,-0.002,stacked_fraction,True,False,-0.8
3281,syn_003281.png,images/syn_003281.png,C0.25,C0.25,,,simple_chamfer,False,False,14.22
3282,syn_003282.png,images/syn_003282.png,0.3440±0.005,0.3440,+0.005,-0.005,symmetric_tight,False,False,0.59
3283,syn_003283.png,images/syn_003283.png,67.256 +0.05/0,67.256,+0.05,0,stacked_normal,False,False,0.38
3284,syn_003284.png,images/syn_003284.png,Ø73.65 +0.02/-0.005,Ø73.65,+0.02,-0.005,stacked_normal,False,False,0.68
3285,syn_003285.png,images/syn_003285.png,Ø11.89±0.1,Ø11.89,+0.1,-0.1,symmetric_tight,False,False,-0.3
3286,syn_003286.png,images/syn_003286.png,Ø0.290 +0.01/-0.01,Ø0.290,+0.01,-0.01,stacked_fraction,True,False,-0.03
3287,syn_003287.png,images/syn_003287.png,24.5,24.5,,,simple_nominal_plain,False,False,0.05
3288,syn_003288.png,images/syn_003288.png,M11.89±0.05,M11.89,+0.05,-0.05,symmetric_tight,False,False,-0.36
3289,syn_003289.png,images/syn_003289.png,8.308 +0.015/0,8.308,+0.015,0,stacked_fraction,True,False,-0.06
3290,syn_003290.png,images/syn_003290.png,Ø100 0/-0.05,Ø100,0,-0.05,stacked_normal,False,False,-0.24
3291,syn_003291.png,images/syn_003291.png,Ø0.941 -0.002/-0.005,Ø0.941,-0.002,-0.005,stacked_normal,False,False,-0.26
3292,syn_003292.png,images/syn_003292.png,Ø0.3191±0.002,Ø0.3191,+0.002,-0.002,symmetric_tight,False,False,-0.8
3293,syn_003293.png,images/syn_003293.png,57.897 -0.005/-0.008,57.897,-0.005,-0.008,stacked_normal,False,False,-0.3
3294,syn_003294.png,images/syn_003294.png,53.313±0.025,53.313,+0.025,-0.025,symmetric_tight,False,False,0.06
3295,syn_003295.png,images/syn_003295.png,"30°12'2""","30°12'2""",,,angle_dms_full,False,False,-0.68
3296,syn_003296.png,images/syn_003296.png,C0.05,C0.05,,,simple_chamfer,False,False,15.92
3297,syn_003297.png,images/syn_003297.png,11.89 +0.008/+0.005,11.89,+0.008,+0.005,stacked_fraction,True,False,-0.18
3298,syn_003298.png,images/syn_003298.png,(12.160),(12.160),,,simple_boxed_ref,False,False,0.06
3299,syn_003299.png,images/syn_003299.png,R0.2,R0.2,,,simple_radius_corner,False,False,-0.36
3300,syn_003300.png,images/syn_003300.png,73.65,73.65,,,simple_boxed_ref,False,True,0.61
3301,syn_003301.png,images/syn_003301.png,R0.03MAX,R0.03MAX,,,simple_radius_corner,False,False,30.83
3302,syn_003302.png,images/syn_003302.png,35.726±0.01,35.726,+0.01,-0.01,symmetric_tight,False,False,-3.52
3303,syn_003303.png,images/syn_003303.png,Ø35.726 0/-0.008,Ø35.726,0,-0.008,stacked_fraction,True,False,-0.48
3304,syn_003304.png,images/syn_003304.png,0.052°,0.052°,,,angle_decimal_deg,False,False,29.48
3305,syn_003305.png,images/syn_003305.png,26.197 0/-0.015,26.197,0,-0.015,stacked_normal,False,False,-0.02
3306,syn_003306.png,images/syn_003306.png,Ø71.314 +0.005/0,Ø71.314,+0.005,0,stacked_normal,False,False,-0.05
3307,syn_003307.png,images/syn_003307.png,R29.712 -0.005/-0.007,R29.712,-0.005,-0.007,stacked_normal,False,False,-0.06
3308,syn_003308.png,images/syn_003308.png,C0.5,C0.5,,,simple_chamfer,False,False,61.38
3309,syn_003309.png,images/syn_003309.png,1.998±0.005,1.998,+0.005,-0.005,symmetric_tight,False,False,5.9
3310,syn_003310.png,images/syn_003310.png,C1.5,C1.5,,,simple_chamfer,False,False,-14.99
3311,syn_003311.png,images/syn_003311.png,Ø0.2413 +0.02/-0.01,Ø0.2413,+0.02,-0.01,stacked_normal,False,False,0.53
3312,syn_003312.png,images/syn_003312.png,50.00 -0.003/-0.008,50.00,-0.003,-0.008,stacked_fraction,True,False,0.59
3313,syn_003313.png,images/syn_003313.png,R15.80 +0.05/0,R15.80,+0.05,0,stacked_fraction,True,False,0.75
3314,syn_003314.png,images/syn_003314.png,Ø10.50 +0.012/+0.01,Ø10.50,+0.012,+0.01,stacked_normal,False,False,0.22
3315,syn_003315.png,images/syn_003315.png,Ø14.941 0/-0.01,Ø14.941,0,-0.01,stacked_fraction,True,False,0.53
3316,syn_003316.png,images/syn_003316.png,R5 MAX,R5 MAX,,,simple_radius_corner,False,False,0.62
3317,syn_003317.png,images/syn_003317.png,0.652 -0.001/-0.004,0.652,-0.001,-0.004,stacked_normal,False,False,0.64
3318,syn_003318.png,images/syn_003318.png,73.293 +0.02/-0.03,73.293,+0.02,-0.03,stacked_fraction,True,False,-0.75
3319,syn_003319.png,images/syn_003319.png,0.008 0/-0.05,0.008,0,-0.05,stacked_normal,False,False,0.39
3320,syn_003320.png,images/syn_003320.png,90°±30',90°,+30',-30',angle_dms_tol,False,False,-16.44
3321,syn_003321.png,images/syn_003321.png,0.4819 0/-0.02,0.4819,0,-0.02,stacked_fraction,True,False,0.6
3322,syn_003322.png,images/syn_003322.png,Ø56.003±0.002,Ø56.003,+0.002,-0.002,symmetric_tight,False,False,0.41
3323,syn_003323.png,images/syn_003323.png,12.155 +0.005/+0.002,12.155,+0.005,+0.002,stacked_normal,False,False,-0.64
3324,syn_003324.png,images/syn_003324.png,40 +0.02/0,40,+0.02,0,stacked_fraction,True,False,0.17
3325,syn_003325.png,images/syn_003325.png,56.003 0/-0.005,56.003,0,-0.005,stacked_normal,False,False,-0.77
3326,syn_003326.png,images/syn_003326.png,60° 46',60° 46',,,angle_dms_min,False,False,0.66
3327,syn_003327.png,images/syn_003327.png,Ø3.032 0/-0.008,Ø3.032,0,-0.008,stacked_normal,False,False,0.46
3328,syn_003328.png,images/syn_003328.png,8 +0.003/0,8,+0.003,0,stacked_fraction,True,False,0.64
3329,syn_003329.png,images/syn_003329.png,14.941 +0.01/0,14.941,+0.01,0,stacked_normal,False,False,0.36
3330,syn_003330.png,images/syn_003330.png,42.056 -0.003/-0.008,42.056,-0.003,-0.008,stacked_normal,False,False,-0.1
3331,syn_003331.png,images/syn_003331.png,24.50 -0.001/-0.004,24.50,-0.001,-0.004,stacked_fraction,True,False,0.7
3332,syn_003332.png,images/syn_003332.png,59.623 0/-0.05,59.623,0,-0.05,stacked_normal,False,False,0.46
3333,syn_003333.png,images/syn_003333.png,3.032 +0.01/0,3.032,+0.01,0,stacked_fraction,True,False,-0.77
3334,syn_003334.png,images/syn_003334.png,Ø12.155,Ø12.155,,,simple_diameter,False,False,-0.34
3335,syn_003335.png,images/syn_003335.png,Ø24.50 0/-0.002,Ø24.50,0,-0.002,stacked_normal,False,False,-0.68
3336,syn_003336.png,images/syn_003336.png,1.25°,1.25°,,,angle_decimal_deg,False,False,-60.64
3337,syn_003337.png,images/syn_003337.png,Ø24.50 +0.012/+0.01,Ø24.50,+0.012,+0.01,stacked_fraction,True,False,-2.81
3338,syn_003338.png,images/syn_003338.png,"30°19'31""","30°19'31""",,,angle_dms_full,False,False,-0.58
3339,syn_003339.png,images/syn_003339.png,"0° 23' 52""","0° 23' 52""",,,angle_dms_full,False,False,14.22
3340,syn_003340.png,images/syn_003340.png,R33.613±0.015,R33.613,+0.015,-0.015,symmetric_tight,False,False,0.75
3341,syn_003341.png,images/syn_003341.png,Ø36.207±0.025,Ø36.207,+0.025,-0.025,symmetric_tight,False,False,0.08
3342,syn_003342.png,images/syn_003342.png,0.3102±0.05,0.3102,+0.05,-0.05,symmetric_tight,False,False,0.59
3343,syn_003343.png,images/syn_003343.png,Ø14.941 +0.02/0,Ø14.941,+0.02,0,stacked_fraction,True,False,-0.72
3344,syn_003344.png,images/syn_003344.png,8.308 -0.001/-0.004,8.308,-0.001,-0.004,stacked_fraction,True,False,-0.64
3345,syn_003345.png,images/syn_003345.png,90.5°,90.5°,,,angle_decimal_deg,False,False,0.31
3346,syn_003346.png,images/syn_003346.png,Ø20,Ø20,,,simple_diameter,False,False,0.01
3347,syn_003347.png,images/syn_003347.png,73.65 TYP,73.65 TYP,,,simple_boxed_ref,False,False,0.18
3348,syn_003348.png,images/syn_003348.png,2.670 0/-0.008,2.670,0,-0.008,stacked_normal,False,False,-0.16
3349,syn_003349.png,images/syn_003349.png,57.389 +0.015/0,57.389,+0.015,0,stacked_normal,False,False,-0.25
3350,syn_003350.png,images/syn_003350.png,35.726±0.02,35.726,+0.02,-0.02,symmetric_tight,False,False,-0.66
3351,syn_003351.png,images/syn_003351.png,Ø57.261 0/-0.015,Ø57.261,0,-0.015,stacked_normal,False,False,-0.53
3352,syn_003352.png,images/syn_003352.png,24.50 0/-0.008,24.50,0,-0.008,stacked_normal,False,False,-0.05
3353,syn_003353.png,images/syn_003353.png,Ø11.89 +0.006/+0.001,Ø11.89,+0.006,+0.001,stacked_normal,False,False,0.31
3354,syn_003354.png,images/syn_003354.png,75 +0.01/-0.01,75,+0.01,-0.01,stacked_fraction,True,False,-0.54
3355,syn_003355.png,images/syn_003355.png,R1.5MAX,R1.5MAX,,,simple_radius_corner,False,False,0.13
3356,syn_003356.png,images/syn_003356.png,12.150±0.05,12.150,+0.05,-0.05,symmetric_tight,False,False,0.55
3357,syn_003357.png,images/syn_003357.png,1.571°,1.571°,,,angle_decimal_deg,False,False,-0.22
3358,syn_003358.png,images/syn_003358.png,50.00 +0.007/+0.002,50.00,+0.007,+0.002,stacked_normal,False,False,0.72
3359,syn_003359.png,images/syn_003359.png,M12,M12,,,simple_thread_qty,False,False,0.61
3360,syn_003360.png,images/syn_003360.png,12.150 +0.003/0,12.150,+0.003,0,stacked_fraction,True,False,0.47
3361,syn_003361.png,images/syn_003361.png,0.0421 0/-0.008,0.0421,0,-0.008,stacked_normal,False,False,-0.43
3362,syn_003362.png,images/syn_003362.png,60 -0.001/-0.006,60,-0.001,-0.006,stacked_fraction,True,False,2.9
3363,syn_003363.png,images/syn_003363.png,Ø7.525 0/-0.005,Ø7.525,0,-0.005,stacked_fraction,True,False,0.48
3364,syn_003364.png,images/syn_003364.png,16 +0.05/-0.005,16,+0.05,-0.005,stacked_normal,False,False,0.69
3365,syn_003365.png,images/syn_003365.png,68.986 +0.05/0,68.986,+0.05,0,stacked_fraction,True,False,-0.15
3366,syn_003366.png,images/syn_003366.png,59.929 +0.03/0,59.929,+0.03,0,stacked_normal,False,False,0.1
3367,syn_003367.png,images/syn_003367.png,5.04±0.005,5.04,+0.005,-0.005,symmetric_tight,False,False,0.79
3368,syn_003368.png,images/syn_003368.png,2.75 0/-0.002,2.75,0,-0.002,stacked_fraction,True,False,0.4
3369,syn_003369.png,images/syn_003369.png,3.032 0/-0.002,3.032,0,-0.002,stacked_normal,False,False,-0.76
3370,syn_003370.png,images/syn_003370.png,3.002 0/-0.002,3.002,0,-0.002,stacked_fraction,True,False,-0.79
3371,syn_003371.png,images/syn_003371.png,68.634 0/-0.03,68.634,0,-0.03,stacked_fraction,True,False,-0.66
3372,syn_003372.png,images/syn_003372.png,120°4',120°4',,,angle_dms_min,False,False,0.74
3373,syn_003373.png,images/syn_003373.png,0.941 +0.05/0,0.941,+0.05,0,stacked_normal,False,False,-0.58
3374,syn_003374.png,images/syn_003374.png,R80.428 +0.01/+0.005,R80.428,+0.01,+0.005,stacked_normal,False,False,0.8
3375,syn_003375.png,images/syn_003375.png,50.00 +0.002/0,50.00,+0.002,0,stacked_fraction,True,False,-0.06
3376,syn_003376.png,images/syn_003376.png,11.89 +0.005/0,11.89,+0.005,0,stacked_fraction,True,False,0.32
3377,syn_003377.png,images/syn_003377.png,Ø51.713 -0.003/-0.005,Ø51.713,-0.003,-0.005,stacked_fraction,True,False,3.13
3378,syn_003378.png,images/syn_003378.png,0.087°,0.087°,,,angle_decimal_deg,False,False,-15.91
3379,syn_003379.png,images/syn_003379.png,M48.156±0.02,M48.156,+0.02,-0.02,symmetric_tight,False,False,-0.01
3380,syn_003380.png,images/syn_003380.png,"1°35'59""","1°35'59""",,,angle_dms_full,False,False,-14.27
3381,syn_003381.png,images/syn_003381.png,62.313 +0.002/0,62.313,+0.002,0,stacked_fraction,True,False,-0.72
3382,syn_003382.png,images/syn_003382.png,Ø28.814 -0.005/-0.007,Ø28.814,-0.005,-0.007,stacked_normal,False,False,0.76
3383,syn_003383.png,images/syn_003383.png,45.5°,45.5°,,,angle_decimal_deg,False,False,0.52
3384,syn_003384.png,images/syn_003384.png,C0.3,C0.3,,,simple_chamfer,False,False,-0.71
3385,syn_003385.png,images/syn_003385.png,16 0/-0.02,16,0,-0.02,stacked_normal,False,False,0.66
3386,syn_003386.png,images/syn_003386.png,Ø10.50 -0.01/-0.012,Ø10.50,-0.01,-0.012,stacked_normal,False,False,0.26
3387,syn_003387.png,images/syn_003387.png,22.849 -0.002/-0.005,22.849,-0.002,-0.005,stacked_fraction,True,False,-0.41
3388,syn_003388.png,images/syn_003388.png,"12°53'21""","12°53'21""",,,angle_dms_full,False,False,13.96
3389,syn_003389.png,images/syn_003389.png,0.652 +0.015/-0.02,0.652,+0.015,-0.02,stacked_fraction,True,False,-0.48
3390,syn_003390.png,images/syn_003390.png,Ø36.752±0.025,Ø36.752,+0.025,-0.025,symmetric_tight,False,False,0.44
3391,syn_003391.png,images/syn_003391.png,24.50 +0.01/0,24.50,+0.01,0,stacked_normal,False,False,0.0
3392,syn_003392.png,images/syn_003392.png,Ø25.4,Ø25.4,,,simple_diameter,False,False,-0.42
3393,syn_003393.png,images/syn_003393.png,50.324 +0.05/-0.002,50.324,+0.05,-0.002,stacked_normal,False,False,-0.61
3394,syn_003394.png,images/syn_003394.png,3.142°,3.142°,,,angle_decimal_deg,False,False,46.34
3395,syn_003395.png,images/syn_003395.png,M10 +0.015/-0.02,M10,+0.015,-0.02,stacked_normal,False,False,2.69
3396,syn_003396.png,images/syn_003396.png,0.3916 0/-0.03,0.3916,0,-0.03,stacked_fraction,True,False,-0.79
3397,syn_003397.png,images/syn_003397.png,19.271±0.005,19.271,+0.005,-0.005,symmetric_tight,False,False,0.29
3398,syn_003398.png,images/syn_003398.png,28°22',28°22',,,angle_dms_min,False,False,0.29
3399,syn_003399.png,images/syn_003399.png,10.50±0.015,10.50,+0.015,-0.015,symmetric_tight,False,False,-0.32
3400,syn_003400.png,images/syn_003400.png,52.586 +0.03/0,52.586,+0.03,0,stacked_normal,False,False,0.5
3401,syn_003401.png,images/syn_003401.png,75.368 +0.01/-0.01,75.368,+0.01,-0.01,stacked_fraction,True,False,-1.78
3402,syn_003402.png,images/syn_003402.png,Ø12.155 +0.015/0,Ø12.155,+0.015,0,stacked_fraction,True,False,-0.01
3403,syn_003403.png,images/syn_003403.png,12.155 +0.015/-0.03,12.155,+0.015,-0.03,stacked_fraction,True,False,-0.57
3404,syn_003404.png,images/syn_003404.png,Ø7.525 +0.02/-0.03,Ø7.525,+0.02,-0.03,stacked_normal,False,False,-0.27
3405,syn_003405.png,images/syn_003405.png,45.5°,45.5°,,,angle_decimal_deg,False,False,14.91
3406,syn_003406.png,images/syn_003406.png,0.2927±0.002,0.2927,+0.002,-0.002,symmetric_tight,False,False,0.68
3407,syn_003407.png,images/syn_003407.png,84.939 0/-0.003,84.939,0,-0.003,stacked_normal,False,False,0.14
3408,syn_003408.png,images/syn_003408.png,30°23',30°23',,,angle_dms_min,False,False,-61.32
3409,syn_003409.png,images/syn_003409.png,0.0017 +0.01/0,0.0017,+0.01,0,stacked_fraction,True,False,-0.37
3410,syn_003410.png,images/syn_003410.png,Ø12.155 0/-0.003,Ø12.155,0,-0.003,stacked_normal,False,False,0.32
3411,syn_003411.png,images/syn_003411.png,C0.15,C0.15,,,simple_chamfer,False,False,-0.32
3412,syn_003412.png,images/syn_003412.png,C2.0,C2.0,,,simple_chamfer,False,False,-0.14
3413,syn_003413.png,images/syn_003413.png,90°35',90°35',,,angle_dms_min,False,False,59.55
3414,syn_003414.png,images/syn_003414.png,9.919 0/-0.005,9.919,0,-0.005,stacked_normal,False,False,0.59
3415,syn_003415.png,images/syn_003415.png,120°56',120°56',,,angle_dms_min,False,False,58.79
3416,syn_003416.png,images/syn_003416.png,Ø10±0.1,Ø10,+0.1,-0.1,symmetric_tight,False,False,0.03
3417,syn_003417.png,images/syn_003417.png,Ø7.881 +0.008/+0.005,Ø7.881,+0.008,+0.005,stacked_fraction,True,False,-0.19
3418,syn_003418.png,images/syn_003418.png,R74.886 +0.003/0,R74.886,+0.003,0,stacked_fraction,True,False,0.44
3419,syn_003419.png,images/syn_003419.png,94.141 0/-0.015,94.141,0,-0.015,stacked_fraction,True,False,2.85
3420,syn_003420.png,images/syn_003420.png,M1.998 0/-0.003,M1.998,0,-0.003,stacked_fraction,True,False,0.74
3421,syn_003421.png,images/syn_003421.png,8.308 +0.02/-0.03,8.308,+0.02,-0.03,stacked_fraction,True,False,-0.05
3422,syn_003422.png,images/syn_003422.png,Ø20,Ø20,,,simple_diameter,False,False,0.39
3423,syn_003423.png,images/syn_003423.png,11.89 -0.01/-0.013,11.89,-0.01,-0.013,stacked_fraction,True,False,0.04
3424,syn_003424.png,images/syn_003424.png,67.535 0/-0.002,67.535,0,-0.002,stacked_fraction,True,False,0.3
3425,syn_003425.png,images/syn_003425.png,4x M6,4x M6,,,simple_thread_qty,False,False,-0.74
3426,syn_003426.png,images/syn_003426.png,Ø3.032 +0.02/-0.01,Ø3.032,+0.02,-0.01,stacked_fraction,True,False,-0.56
3427,syn_003427.png,images/syn_003427.png,Ø94.781 +0.003/+0.001,Ø94.781,+0.003,+0.001,stacked_normal,False,False,0.13
3428,syn_003428.png,images/syn_003428.png,"1°38'17""","1°38'17""",,,angle_dms_full,False,False,0.62
3429,syn_003429.png,images/syn_003429.png,M12.544±0.005,M12.544,+0.005,-0.005,symmetric_tight,False,False,-0.7
3430,syn_003430.png,images/syn_003430.png,45°±5',45°,+5',-5',angle_dms_tol,False,False,0.18
3431,syn_003431.png,images/syn_003431.png,Ø92.263 -0.003/-0.005,Ø92.263,-0.003,-0.005,stacked_normal,False,False,0.06
3432,syn_003432.png,images/syn_003432.png,25 +0.05/0,25,+0.05,0,stacked_normal,False,False,0.08
3433,syn_003433.png,images/syn_003433.png,2.160 -0.01/-0.012,2.160,-0.01,-0.012,stacked_normal,False,False,0.25
3434,syn_003434.png,images/syn_003434.png,Ø1.998 -0.002/-0.007,Ø1.998,-0.002,-0.007,stacked_normal,False,False,0.53
3435,syn_003435.png,images/syn_003435.png,"90°27'34""","90°27'34""",,,angle_dms_full,False,False,-0.69
3436,syn_003436.png,images/syn_003436.png,R5±0.015,R5,+0.015,-0.015,symmetric_tight,False,False,0.76
3437,syn_003437.png,images/syn_003437.png,0.25,0.25,,,simple_nominal_plain,False,False,-0.43
3438,syn_003438.png,images/syn_003438.png,"12° 55' 15""","12° 55' 15""",,,angle_dms_full,False,False,-0.01
3439,syn_003439.png,images/syn_003439.png,12.738 0/-0.03,12.738,0,-0.03,stacked_fraction,True,False,-0.4
3440,syn_003440.png,images/syn_003440.png,C11.773±0.02,C11.773,+0.02,-0.02,symmetric_tight,False,False,-0.11
3441,syn_003441.png,images/syn_003441.png,12.150 0/-0.003,12.150,0,-0.003,stacked_fraction,True,False,0.64
3442,syn_003442.png,images/syn_003442.png,C2.0,C2.0,,,simple_chamfer,False,False,-0.62
3443,syn_003443.png,images/syn_003443.png,C4.026 +0.005/-0.02,C4.026,+0.005,-0.02,stacked_fraction,True,False,0.08
3444,syn_003444.png,images/syn_003444.png,12.155 -0.005/-0.008,12.155,-0.005,-0.008,stacked_fraction,True,False,-0.74
3445,syn_003445.png,images/syn_003445.png,12.50 0/-0.015,12.50,0,-0.015,stacked_normal,False,False,-0.38
3446,syn_003446.png,images/syn_003446.png,Ø0.25 0/-0.003,Ø0.25,0,-0.003,stacked_fraction,True,False,-0.68
3447,syn_003447.png,images/syn_003447.png,5°47',5°47',,,angle_dms_min,False,False,-0.16
3448,syn_003448.png,images/syn_003448.png,R50.00 0/-0.008,R50.00,0,-0.008,stacked_fraction,True,False,0.47
3449,syn_003449.png,images/syn_003449.png,Ø12.155,Ø12.155,,,simple_diameter,False,False,-0.2
3450,syn_003450.png,images/syn_003450.png,R3MAX,R3MAX,,,simple_radius_corner,False,False,14.19
3451,syn_003451.png,images/syn_003451.png,"25°25'43""","25°25'43""",,,angle_dms_full,False,False,-0.36
3452,syn_003452.png,images/syn_003452.png,11.89 +0.05/-0.02,11.89,+0.05,-0.02,stacked_fraction,True,False,0.45
3453,syn_003453.png,images/syn_003453.png,R4.04 0/-0.005,R4.04,0,-0.005,stacked_fraction,True,False,-0.0
3454,syn_003454.png,images/syn_003454.png,R1.5MIN,R1.5MIN,,,simple_radius_corner,False,False,0.04
3455,syn_003455.png,images/syn_003455.png,Ø4.026±0.1,Ø4.026,+0.1,-0.1,symmetric_tight,False,False,-0.38
3456,syn_003456.png,images/syn_003456.png,R19.961 0/-0.008,R19.961,0,-0.008,stacked_normal,False,False,-0.12
3457,syn_003457.png,images/syn_003457.png,39.887 +0.004/+0.002,39.887,+0.004,+0.002,stacked_normal,False,False,-0.3
3458,syn_003458.png,images/syn_003458.png,Ø50,Ø50,,,simple_diameter,False,False,-0.13
3459,syn_003459.png,images/syn_003459.png,Ø12,Ø12,,,simple_diameter,False,False,0.55
3460,syn_003460.png,images/syn_003460.png,15.80±0.02,15.80,+0.02,-0.02,symmetric_tight,False,False,-0.41
3461,syn_003461.png,images/syn_003461.png,60±0.02,60,+0.02,-0.02,symmetric_tight,False,False,0.75
3462,syn_003462.png,images/syn_003462.png,15.80±0.015,15.80,+0.015,-0.015,symmetric_tight,False,False,0.54
3463,syn_003463.png,images/syn_003463.png,11.235 0/-0.03,11.235,0,-0.03,stacked_normal,False,False,0.49
3464,syn_003464.png,images/syn_003464.png,25 0/-0.015,25,0,-0.015,stacked_fraction,True,False,0.13
3465,syn_003465.png,images/syn_003465.png,C0.15,C0.15,,,simple_chamfer,False,False,29.18
3466,syn_003466.png,images/syn_003466.png,15°±1°,15°,+1°,-1°,angle_dms_tol,False,False,45.64
3467,syn_003467.png,images/syn_003467.png,C0.15,C0.15,,,simple_chamfer,False,False,58.72
3468,syn_003468.png,images/syn_003468.png,M50.324 +0.002/0,M50.324,+0.002,0,stacked_fraction,True,False,0.2
3469,syn_003469.png,images/syn_003469.png,16.350 +0.012/+0.01,16.350,+0.012,+0.01,stacked_fraction,True,False,-0.86
3470,syn_003470.png,images/syn_003470.png,Ø50.324 +0.003/0,Ø50.324,+0.003,0,stacked_normal,False,False,-0.18
3471,syn_003471.png,images/syn_003471.png,28°57',28°57',,,angle_dms_min,False,False,60.98
3472,syn_003472.png,images/syn_003472.png,30.110 0/-0.03,30.110,0,-0.03,stacked_normal,False,False,0.27
3473,syn_003473.png,images/syn_003473.png,"5° 7' 52""","5° 7' 52""",,,angle_dms_full,False,False,-14.61
3474,syn_003474.png,images/syn_003474.png,C0.05,C0.05,,,simple_chamfer,False,False,14.38
3475,syn_003475.png,images/syn_003475.png,Ø24.50 0/-0.003,Ø24.50,0,-0.003,stacked_fraction,True,False,0.04
3476,syn_003476.png,images/syn_003476.png,C0.5,C0.5,,,simple_chamfer,False,False,0.3
3477,syn_003477.png,images/syn_003477.png,M78.085 +0.015/-0.01,M78.085,+0.015,-0.01,stacked_fraction,True,False,-0.15
3478,syn_003478.png,images/syn_003478.png,R15.80 0/-0.05,R15.80,0,-0.05,stacked_normal,False,False,0.15
3479,syn_003479.png,images/syn_003479.png,"75°15'6""","75°15'6""",,,angle_dms_full,False,False,45.54
3480,syn_003480.png,images/syn_003480.png,M2.160±0.01,M2.160,+0.01,-0.01,symmetric_tight,False,False,0.08
3481,syn_003481.png,images/syn_003481.png,3.032 0/-0.05,3.032,0,-0.05,stacked_fraction,True,False,-0.1
3482,syn_003482.png,images/syn_003482.png,C12.155 +0.015/+0.01,C12.155,+0.015,+0.01,stacked_normal,False,False,-0.68
3483,syn_003483.png,images/syn_003483.png,73.65±0.025,73.65,+0.025,-0.025,symmetric_tight,False,False,-0.19
3484,syn_003484.png,images/syn_003484.png,4X Ø6.5,4X Ø6.5,,,simple_thread_qty,False,False,0.62
3485,syn_003485.png,images/syn_003485.png,60°±10',60°,+10',-10',angle_dms_tol,False,False,0.28
3486,syn_003486.png,images/syn_003486.png,Ø53.747 +0.02/0,Ø53.747,+0.02,0,stacked_fraction,True,False,-0.45
3487,syn_003487.png,images/syn_003487.png,11.89 0/-0.015,11.89,0,-0.015,stacked_normal,False,False,0.15
3488,syn_003488.png,images/syn_003488.png,0.087°,0.087°,,,angle_decimal_deg,False,False,-0.02
3489,syn_003489.png,images/syn_003489.png,"1°59'2""","1°59'2""",,,angle_dms_full,False,False,0.44
3490,syn_003490.png,images/syn_003490.png,Ø12.150 +0.005/+0.002,Ø12.150,+0.005,+0.002,stacked_normal,False,False,-0.63
3491,syn_003491.png,images/syn_003491.png,0.523°,0.523°,,,angle_decimal_deg,False,False,-0.12
3492,syn_003492.png,images/syn_003492.png,5.805 0/-0.02,5.805,0,-0.02,stacked_fraction,True,False,0.72
3493,syn_003493.png,images/syn_003493.png,30°±5',30°,+5',-5',angle_dms_tol,False,False,-45.41
3494,syn_003494.png,images/syn_003494.png,2.75±0.05,2.75,+0.05,-0.05,symmetric_tight,False,False,-0.58
3495,syn_003495.png,images/syn_003495.png,R3,R3,,,simple_radius_corner,False,False,0.53
3496,syn_003496.png,images/syn_003496.png,Ø20.854 +0.003/+0.001,Ø20.854,+0.003,+0.001,stacked_fraction,True,False,-0.03
3497,syn_003497.png,images/syn_003497.png,R34.048 -0.003/-0.005,R34.048,-0.003,-0.005,stacked_fraction,True,False,-0.62
3498,syn_003498.png,images/syn_003498.png,9.313 0/-0.01,9.313,0,-0.01,stacked_normal,False,False,0.33
3499,syn_003499.png,images/syn_003499.png,Ø11.89 0/-0.015,Ø11.89,0,-0.015,stacked_normal,False,False,-0.19
3500,syn_003500.png,images/syn_003500.png,Ø4.026 +0.05/-0.02,Ø4.026,+0.05,-0.02,stacked_fraction,True,False,-0.75
3501,syn_003501.png,images/syn_003501.png,R5.04 +0.004/+0.002,R5.04,+0.004,+0.002,stacked_normal,False,False,-1.26
3502,syn_003502.png,images/syn_003502.png,120°30',120°30',,,angle_dms_min,False,False,-0.23
3503,syn_003503.png,images/syn_003503.png,Ø1.998 -0.003/-0.005,Ø1.998,-0.003,-0.005,stacked_normal,False,False,0.29
3504,syn_003504.png,images/syn_003504.png,C0.2,C0.2,,,simple_chamfer,False,False,-29.19
3505,syn_003505.png,images/syn_003505.png,90°21',90°21',,,angle_dms_min,False,False,0.05
3506,syn_003506.png,images/syn_003506.png,Ø26.697 -0.002/-0.004,Ø26.697,-0.002,-0.004,stacked_fraction,True,False,0.76
3507,syn_003507.png,images/syn_003507.png,0.785°,0.785°,,,angle_decimal_deg,False,False,-16.49
3508,syn_003508.png,images/syn_003508.png,Ø0.3207 0/-0.005,Ø0.3207,0,-0.005,stacked_fraction,True,False,-0.59
3509,syn_003509.png,images/syn_003509.png,20,20,,,simple_nominal_plain,False,False,0.41
3510,syn_003510.png,images/syn_003510.png,Ø22.337±0.015,Ø22.337,+0.015,-0.015,symmetric_tight,False,False,0.38
3511,syn_003511.png,images/syn_003511.png,12.50 -0.005/-0.007,12.50,-0.005,-0.007,stacked_normal,False,False,-0.41
3512,syn_003512.png,images/syn_003512.png,38.498 -0.003/-0.008,38.498,-0.003,-0.008,stacked_normal,False,False,2.38
3513,syn_003513.png,images/syn_003513.png,C2.160±0.025,C2.160,+0.025,-0.025,symmetric_tight,False,False,0.15
3514,syn_003514.png,images/syn_003514.png,"60°35'2""","60°35'2""",,,angle_dms_full,False,False,-14.38
3515,syn_003515.png,images/syn_003515.png,7.525 0/-0.005,7.525,0,-0.005,stacked_fraction,True,False,-0.7
3516,syn_003516.png,images/syn_003516.png,Ø0.1459 0/-0.01,Ø0.1459,0,-0.01,stacked_fraction,True,False,1.48
3517,syn_003517.png,images/syn_003517.png,24.5,24.5,,,simple_nominal_plain,False,False,0.77
3518,syn_003518.png,images/syn_003518.png,180°,180°,,,simple_angle_simple,False,False,16.21
3519,syn_003519.png,images/syn_003519.png,25.008±0.1,25.008,+0.1,-0.1,symmetric_tight,False,False,0.07
3520,syn_003520.png,images/syn_003520.png,Ø2.75 +0.01/0,Ø2.75,+0.01,0,stacked_fraction,True,False,-0.53
3521,syn_003521.png,images/syn_003521.png,Ø2.75 0/-0.002,Ø2.75,0,-0.002,stacked_fraction,True,False,1.26
3522,syn_003522.png,images/syn_003522.png,R0.25MAX,R0.25MAX,,,simple_radius_corner,False,False,15.11
3523,syn_003523.png,images/syn_003523.png,Ø45.327 0/-0.01,Ø45.327,0,-0.01,stacked_fraction,True,False,-0.75
3524,syn_003524.png,images/syn_003524.png,Ø2.160 0/-0.03,Ø2.160,0,-0.03,stacked_fraction,True,False,0.41
3525,syn_003525.png,images/syn_003525.png,84.718 +0.05/-0.03,84.718,+0.05,-0.03,stacked_fraction,True,False,0.3
3526,syn_003526.png,images/syn_003526.png,30±0.1,30,+0.1,-0.1,symmetric_tight,False,False,-0.53
3527,syn_003527.png,images/syn_003527.png,Ø10.500 +0.01/-0.002,Ø10.500,+0.01,-0.002,stacked_normal,False,False,0.41
3528,syn_003528.png,images/syn_003528.png,C38.379 0/-0.03,C38.379,0,-0.03,stacked_fraction,True,False,2.57
3529,syn_003529.png,images/syn_003529.png,46.136 +0.01/0,46.136,+0.01,0,stacked_fraction,True,False,-0.01
3530,syn_003530.png,images/syn_003530.png,Ø71.975 +0.015/0,Ø71.975,+0.015,0,stacked_normal,False,False,0.62
3531,syn_003531.png,images/syn_003531.png,50 TYP,50 TYP,,,simple_boxed_ref,False,False,0.56
3532,syn_003532.png,images/syn_003532.png,Ø4.04 0/-0.003,Ø4.04,0,-0.003,stacked_normal,False,False,-0.66
3533,syn_003533.png,images/syn_003533.png,92.939 +0.012/+0.01,92.939,+0.012,+0.01,stacked_fraction,True,False,0.0
3534,syn_003534.png,images/syn_003534.png,R0.03MAX,R0.03MAX,,,simple_radius_corner,False,False,0.5
3535,syn_003535.png,images/syn_003535.png,C0.05,C0.05,,,simple_chamfer,False,False,-43.92
3536,syn_003536.png,images/syn_003536.png,10.50±0.1,10.50,+0.1,-0.1,symmetric_tight,False,False,0.65
3537,syn_003537.png,images/syn_003537.png,R0.25 MAX,R0.25 MAX,,,simple_radius_corner,False,False,-0.19
3538,syn_003538.png,images/syn_003538.png,R1.0 MAX,R1.0 MAX,,,simple_radius_corner,False,False,-43.56
3539,syn_003539.png,images/syn_003539.png,Ø33.613 -0.01/-0.012,Ø33.613,-0.01,-0.012,stacked_normal,False,False,-0.5
3540,syn_003540.png,images/syn_003540.png,64.226 -0.002/-0.007,64.226,-0.002,-0.007,stacked_fraction,True,False,-0.51
3541,syn_003541.png,images/syn_003541.png,R4.04±0.005,R4.04,+0.005,-0.005,symmetric_tight,False,False,-0.53
3542,syn_003542.png,images/syn_003542.png,R0.2MIN,R0.2MIN,,,simple_radius_corner,False,False,-30.15
3543,syn_003543.png,images/syn_003543.png,58.598 -0.001/-0.003,58.598,-0.001,-0.003,stacked_fraction,True,False,0.23
3544,syn_003544.png,images/syn_003544.png,"15°36'26""","15°36'26""",,,angle_dms_full,False,False,0.33
3545,syn_003545.png,images/syn_003545.png,Ø33.613 +0.002/0,Ø33.613,+0.002,0,stacked_normal,False,False,0.38
3546,syn_003546.png,images/syn_003546.png,0.052°,0.052°,,,angle_decimal_deg,False,False,-0.24
3547,syn_003547.png,images/syn_003547.png,Ø4.04 0/-0.01,Ø4.04,0,-0.01,stacked_normal,False,False,-0.98
3548,syn_003548.png,images/syn_003548.png,33.613 +0.002/0,33.613,+0.002,0,stacked_normal,False,False,0.73
3549,syn_003549.png,images/syn_003549.png,Ø0.1348 +0.05/0,Ø0.1348,+0.05,0,stacked_normal,False,False,0.3
3550,syn_003550.png,images/syn_003550.png,15.80 0/-0.02,15.80,0,-0.02,stacked_fraction,True,False,0.76
3551,syn_003551.png,images/syn_003551.png,Ø29.926 +0.013/+0.01,Ø29.926,+0.013,+0.01,stacked_normal,False,False,-0.24
3552,syn_003552.png,images/syn_003552.png,15.80 +0.015/-0.005,15.80,+0.015,-0.005,stacked_normal,False,False,0.43
3553,syn_003553.png,images/syn_003553.png,0.2179 +0.05/0,0.2179,+0.05,0,stacked_normal,False,False,-0.34
3554,syn_003554.png,images/syn_003554.png,56.346 +0.01/0,56.346,+0.01,0,stacked_fraction,True,False,-0.71
3555,syn_003555.png,images/syn_003555.png,0.785°,0.785°,,,angle_decimal_deg,False,False,0.6
3556,syn_003556.png,images/syn_003556.png,Ø56.003 +0.005/-0.03,Ø56.003,+0.005,-0.03,stacked_fraction,True,False,0.12
3557,syn_003557.png,images/syn_003557.png,73.65 0/-0.003,73.65,0,-0.003,stacked_normal,False,False,-0.3
3558,syn_003558.png,images/syn_003558.png,0.0963 +0.006/+0.001,0.0963,+0.006,+0.001,stacked_fraction,True,False,0.5
3559,syn_003559.png,images/syn_003559.png,30 +0.03/0,30,+0.03,0,stacked_normal,False,False,0.44
3560,syn_003560.png,images/syn_003560.png,10.50±0.02,10.50,+0.02,-0.02,symmetric_tight,False,False,-0.76
3561,syn_003561.png,images/syn_003561.png,Ø2.75 +0.01/-0.02,Ø2.75,+0.01,-0.02,stacked_fraction,True,False,0.04
3562,syn_003562.png,images/syn_003562.png,15°,15°,,,simple_angle_simple,False,False,-0.31
3563,syn_003563.png,images/syn_003563.png,5°21',5°21',,,angle_dms_min,False,False,29.57
3564,syn_003564.png,images/syn_003564.png,67.694 -0.005/-0.007,67.694,-0.005,-0.007,stacked_fraction,True,False,0.45
3565,syn_003565.png,images/syn_003565.png,0.4359±0.01,0.4359,+0.01,-0.01,symmetric_tight,False,False,-0.78
3566,syn_003566.png,images/syn_003566.png,25.587 -0.005/-0.01,25.587,-0.005,-0.01,stacked_fraction,True,False,-0.24
3567,syn_003567.png,images/syn_003567.png,Ø12.155 +0.01/0,Ø12.155,+0.01,0,stacked_normal,False,False,-0.32
3568,syn_003568.png,images/syn_003568.png,0.25,0.25,,,simple_nominal_plain,False,False,-0.02
3569,syn_003569.png,images/syn_003569.png,Ø57.63±0.025,Ø57.63,+0.025,-0.025,symmetric_tight,False,False,-0.35
3570,syn_003570.png,images/syn_003570.png,"25° 58' 41""","25° 58' 41""",,,angle_dms_full,False,False,0.45
3571,syn_003571.png,images/syn_003571.png,2.75,2.75,,,simple_nominal_plain,False,False,-0.6
3572,syn_003572.png,images/syn_003572.png,Ø0.3361 -0.01/-0.015,Ø0.3361,-0.01,-0.015,stacked_normal,False,False,-0.02
3573,syn_003573.png,images/syn_003573.png,"90°22'59""","90°22'59""",,,angle_dms_full,False,False,-0.03
3574,syn_003574.png,images/syn_003574.png,"25°21'32""","25°21'32""",,,angle_dms_full,False,False,46.42
3575,syn_003575.png,images/syn_003575.png,0.3901 +0.05/-0.02,0.3901,+0.05,-0.02,stacked_normal,False,False,0.04
3576,syn_003576.png,images/syn_003576.png,39.788 +0.003/+0.001,39.788,+0.003,+0.001,stacked_fraction,True,False,-0.74
3577,syn_003577.png,images/syn_003577.png,38.756±0.1,38.756,+0.1,-0.1,symmetric_tight,False,False,0.78
3578,syn_003578.png,images/syn_003578.png,C81.499 +0.03/0,C81.499,+0.03,0,stacked_fraction,True,False,-0.61
3579,syn_003579.png,images/syn_003579.png,Ø20,Ø20,,,simple_diameter,False,False,-0.0
3580,syn_003580.png,images/syn_003580.png,C16.790 0/-0.003,C16.790,0,-0.003,stacked_fraction,True,False,-0.19
3581,syn_003581.png,images/syn_003581.png,40 +0.01/-0.03,40,+0.01,-0.03,stacked_fraction,True,False,-0.07
3582,syn_003582.png,images/syn_003582.png,12.50 +0.005/+0.002,12.50,+0.005,+0.002,stacked_fraction,True,False,-0.34
3583,syn_003583.png,images/syn_003583.png,60°12',60°12',,,angle_dms_min,False,False,15.2
3584,syn_003584.png,images/syn_003584.png,R40.947 +0.004/+0.001,R40.947,+0.004,+0.001,stacked_fraction,True,False,-0.29
3585,syn_003585.png,images/syn_003585.png,"1° 24' 30""","1° 24' 30""",,,angle_dms_full,False,False,-0.35
3586,syn_003586.png,images/syn_003586.png,"5°4'24""","5°4'24""",,,angle_dms_full,False,False,0.0
3587,syn_003587.png,images/syn_003587.png,0.017°,0.017°,,,angle_decimal_deg,False,False,-30.63
3588,syn_003588.png,images/syn_003588.png,57.63,57.63,,,simple_nominal_plain,False,False,-0.1
3589,syn_003589.png,images/syn_003589.png,0.3769 +0.01/-0.03,0.3769,+0.01,-0.03,stacked_fraction,True,False,0.28
3590,syn_003590.png,images/syn_003590.png,C0.15,C0.15,,,simple_chamfer,False,False,-0.23
3591,syn_003591.png,images/syn_003591.png,32 -0.003/-0.005,32,-0.003,-0.005,stacked_fraction,True,False,-0.45
3592,syn_003592.png,images/syn_003592.png,R10.50 0/-0.03,R10.50,0,-0.03,stacked_normal,False,False,-0.27
3593,syn_003593.png,images/syn_003593.png,0.25±0.002,0.25,+0.002,-0.002,symmetric_tight,False,False,0.34
3594,syn_003594.png,images/syn_003594.png,C1.0,C1.0,,,simple_chamfer,False,False,0.75
3595,syn_003595.png,images/syn_003595.png,90°±5',90°,+5',-5',angle_dms_tol,False,False,-44.22
3596,syn_003596.png,images/syn_003596.png,4x M6,4x M6,,,simple_thread_qty,False,False,-0.39
3597,syn_003597.png,images/syn_003597.png,Ø0.0300 0/-0.008,Ø0.0300,0,-0.008,stacked_fraction,True,False,-0.61
3598,syn_003598.png,images/syn_003598.png,Ø30,Ø30,,,simple_diameter,False,False,-0.49
3599,syn_003599.png,images/syn_003599.png,8 +0.01/0,8,+0.01,0,stacked_normal,False,False,0.57
3600,syn_003600.png,images/syn_003600.png,4.04 +0.015/-0.002,4.04,+0.015,-0.002,stacked_fraction,True,False,-0.11
3601,syn_003601.png,images/syn_003601.png,Ø57.63 -0.005/-0.008,Ø57.63,-0.005,-0.008,stacked_normal,False,False,-0.58
3602,syn_003602.png,images/syn_003602.png,0.2517 0/-0.008,0.2517,0,-0.008,stacked_fraction,True,False,0.04
3603,syn_003603.png,images/syn_003603.png,50.00 0/-0.002,50.00,0,-0.002,stacked_fraction,True,False,0.38
3604,syn_003604.png,images/syn_003604.png,Ø12.155,Ø12.155,,,simple_diameter,False,False,0.1
3605,syn_003605.png,images/syn_003605.png,0.008±0.002,0.008,+0.002,-0.002,symmetric_tight,False,False,0.13
3606,syn_003606.png,images/syn_003606.png,2.75 +0.002/0,2.75,+0.002,0,stacked_fraction,True,False,0.1
3607,syn_003607.png,images/syn_003607.png,50.190 0/-0.02,50.190,0,-0.02,stacked_normal,False,False,-0.03
3608,syn_003608.png,images/syn_003608.png,57.63 +0.01/-0.01,57.63,+0.01,-0.01,stacked_fraction,True,False,0.77
3609,syn_003609.png,images/syn_003609.png,C24 0/-0.005,C24,0,-0.005,stacked_normal,False,False,-0.12
3610,syn_003610.png,images/syn_003610.png,0.785°,0.785°,,,angle_decimal_deg,False,False,0.67
3611,syn_003611.png,images/syn_003611.png,57.63,57.63,,,simple_nominal_plain,False,False,0.69
3612,syn_003612.png,images/syn_003612.png,63.781±0.01,63.781,+0.01,-0.01,symmetric_tight,False,False,0.13
3613,syn_003613.png,images/syn_003613.png,0.4394 +0.02/0,0.4394,+0.02,0,stacked_normal,False,False,5.7
3614,syn_003614.png,images/syn_003614.png,"15°37'45""","15°37'45""",,,angle_dms_full,False,False,0.77
3615,syn_003615.png,images/syn_003615.png,Ø55.018±0.01,Ø55.018,+0.01,-0.01,symmetric_tight,False,False,0.33
3616,syn_003616.png,images/syn_003616.png,5 +0.05/-0.005,5,+0.05,-0.005,stacked_fraction,True,False,0.48
3617,syn_003617.png,images/syn_003617.png,15°8',15°8',,,angle_dms_min,False,False,-46.22
3618,syn_003618.png,images/syn_003618.png,0°35',0°35',,,angle_dms_min,False,False,0.32
3619,syn_003619.png,images/syn_003619.png,Ø12 -0.003/-0.005,Ø12,-0.003,-0.005,stacked_fraction,True,False,0.05
3620,syn_003620.png,images/syn_003620.png,45.104 +0.002/0,45.104,+0.002,0,stacked_fraction,True,False,0.12
3621,syn_003621.png,images/syn_003621.png,0.5,0.5,,,simple_nominal_plain,False,False,-0.24
3622,syn_003622.png,images/syn_003622.png,1.25°,1.25°,,,angle_decimal_deg,False,False,-43.57
3623,syn_003623.png,images/syn_003623.png,92.285 +0.01/0,92.285,+0.01,0,stacked_fraction,True,False,-0.01
3624,syn_003624.png,images/syn_003624.png,"89°50'58""","89°50'58""",,,angle_dms_full,False,False,0.41
3625,syn_003625.png,images/syn_003625.png,R45.780 -0.005/-0.007,R45.780,-0.005,-0.007,stacked_fraction,True,False,-0.55
3626,syn_003626.png,images/syn_003626.png,Ø50.324 0/-0.02,Ø50.324,0,-0.02,stacked_fraction,True,False,1.96
3627,syn_003627.png,images/syn_003627.png,1.571°,1.571°,,,angle_decimal_deg,False,False,0.69
3628,syn_003628.png,images/syn_003628.png,11.89 +0.015/+0.01,11.89,+0.015,+0.01,stacked_normal,False,False,-1.38
3629,syn_003629.png,images/syn_003629.png,M5.04 0/-0.02,M5.04,0,-0.02,stacked_fraction,True,False,0.5
3630,syn_003630.png,images/syn_003630.png,91.521,91.521,,,simple_nominal_plain,False,False,0.51
3631,syn_003631.png,images/syn_003631.png,84.360±0.01,84.360,+0.01,-0.01,symmetric_tight,False,False,0.31
3632,syn_003632.png,images/syn_003632.png,0.4015 0/-0.03,0.4015,0,-0.03,stacked_fraction,True,False,-0.35
3633,syn_003633.png,images/syn_003633.png,"15°11'4""","15°11'4""",,,angle_dms_full,False,False,-0.57
3634,syn_003634.png,images/syn_003634.png,40,40,,,simple_nominal_plain,False,False,0.43
3635,syn_003635.png,images/syn_003635.png,10.50 0/-0.015,10.50,0,-0.015,stacked_fraction,True,False,0.19
3636,syn_003636.png,images/syn_003636.png,Ø16.350 +0.05/0,Ø16.350,+0.05,0,stacked_normal,False,False,0.39
3637,syn_003637.png,images/syn_003637.png,R33.613 0/-0.003,R33.613,0,-0.003,stacked_fraction,True,False,0.34
3638,syn_003638.png,images/syn_003638.png,8.308 +0.005/-0.005,8.308,+0.005,-0.005,stacked_normal,False,False,0.34
3639,syn_003639.png,images/syn_003639.png,R38.974 0/-0.002,R38.974,0,-0.002,stacked_fraction,True,False,0.03
3640,syn_003640.png,images/syn_003640.png,C21.891±0.01,C21.891,+0.01,-0.01,symmetric_tight,False,False,0.27
3641,syn_003641.png,images/syn_003641.png,Ø0.941 +0.006/+0.001,Ø0.941,+0.006,+0.001,stacked_normal,False,False,0.77
3642,syn_003642.png,images/syn_003642.png,Ø12.155±0.02,Ø12.155,+0.02,-0.02,symmetric_tight,False,False,-0.27
3643,syn_003643.png,images/syn_003643.png,Ø21.351±0.002,Ø21.351,+0.002,-0.002,symmetric_tight,False,False,-0.71
3644,syn_003644.png,images/syn_003644.png,10.50 +0.008/+0.005,10.50,+0.008,+0.005,stacked_normal,False,False,0.53
3645,syn_003645.png,images/syn_003645.png,2.75 +0.01/0,2.75,+0.01,0,stacked_fraction,True,False,-0.55
3646,syn_003646.png,images/syn_003646.png,33.613 0/-0.003,33.613,0,-0.003,stacked_fraction,True,False,-1.3
3647,syn_003647.png,images/syn_003647.png,0.3405±0.1,0.3405,+0.1,-0.1,symmetric_tight,False,False,-0.71
3648,syn_003648.png,images/syn_003648.png,Ø0.290 -0.005/-0.008,Ø0.290,-0.005,-0.008,stacked_normal,False,False,-0.41
3649,syn_003649.png,images/syn_003649.png,27.731 0/-0.005,27.731,0,-0.005,stacked_normal,False,False,-0.05
3650,syn_003650.png,images/syn_003650.png,0.652 +0.002/0,0.652,+0.002,0,stacked_normal,False,False,0.29
3651,syn_003651.png,images/syn_003651.png,C9.733 +0.01/0,C9.733,+0.01,0,stacked_fraction,True,False,-0.16
3652,syn_003652.png,images/syn_003652.png,Ø54.872±0.1,Ø54.872,+0.1,-0.1,symmetric_tight,False,False,0.68
3653,syn_003653.png,images/syn_003653.png,28.650 -0.001/-0.006,28.650,-0.001,-0.006,stacked_fraction,True,False,5.36
3654,syn_003654.png,images/syn_003654.png,30°±30',30°,+30',-30',angle_dms_tol,False,False,58.94
3655,syn_003655.png,images/syn_003655.png,92.469 -0.001/-0.006,92.469,-0.001,-0.006,stacked_fraction,True,False,-0.5
3656,syn_003656.png,images/syn_003656.png,0.4700 -0.005/-0.007,0.4700,-0.005,-0.007,stacked_fraction,True,False,-0.02
3657,syn_003657.png,images/syn_003657.png,55.477 +0.007/+0.002,55.477,+0.007,+0.002,stacked_fraction,True,False,0.22
3658,syn_003658.png,images/syn_003658.png,R34.734 0/-0.002,R34.734,0,-0.002,stacked_normal,False,False,0.29
3659,syn_003659.png,images/syn_003659.png,45.5°,45.5°,,,angle_decimal_deg,False,False,0.35
3660,syn_003660.png,images/syn_003660.png,90°±15',90°,+15',-15',angle_dms_tol,False,False,0.43
3661,syn_003661.png,images/syn_003661.png,86.865±0.02,86.865,+0.02,-0.02,symmetric_tight,False,False,-0.78
3662,syn_003662.png,images/syn_003662.png,0.4765 0/-0.05,0.4765,0,-0.05,stacked_fraction,True,False,2.75
3663,syn_003663.png,images/syn_003663.png,83.092,83.092,,,simple_nominal_plain,False,False,-0.35
3664,syn_003664.png,images/syn_003664.png,0.0215 0/-0.005,0.0215,0,-0.005,stacked_normal,False,False,-0.46
3665,syn_003665.png,images/syn_003665.png,12°22',12°22',,,angle_dms_min,False,False,-16.22
3666,syn_003666.png,images/syn_003666.png,Ø0.1726 +0.05/-0.02,Ø0.1726,+0.05,-0.02,stacked_normal,False,False,-0.1
3667,syn_003667.png,images/syn_003667.png,Ø60 +0.05/0,Ø60,+0.05,0,stacked_fraction,True,False,-5.59
3668,syn_003668.png,images/syn_003668.png,4.04 0/-0.005,4.04,0,-0.005,stacked_fraction,True,False,-0.19
3669,syn_003669.png,images/syn_003669.png,Ø0.25 0/-0.05,Ø0.25,0,-0.05,stacked_normal,False,False,-0.58
3670,syn_003670.png,images/syn_003670.png,24.50 +0.006/+0.001,24.50,+0.006,+0.001,stacked_fraction,True,False,-0.22
3671,syn_003671.png,images/syn_003671.png,Ø24.5,Ø24.5,,,simple_diameter,False,False,0.37
3672,syn_003672.png,images/syn_003672.png,1.571°,1.571°,,,angle_decimal_deg,False,False,60.12
3673,syn_003673.png,images/syn_003673.png,Ø12.155 +0.05/-0.03,Ø12.155,+0.05,-0.03,stacked_fraction,True,False,0.3
3674,syn_003674.png,images/syn_003674.png,Ø27.976 +0.01/-0.01,Ø27.976,+0.01,-0.01,stacked_normal,False,False,0.24
3675,syn_003675.png,images/syn_003675.png,M12.160 0/-0.002,M12.160,0,-0.002,stacked_normal,False,False,-0.06
3676,syn_003676.png,images/syn_003676.png,"15°59'38""","15°59'38""",,,angle_dms_full,False,False,14.94
3677,syn_003677.png,images/syn_003677.png,R12.50 0/-0.05,R12.50,0,-0.05,stacked_fraction,True,False,0.08
3678,syn_003678.png,images/syn_003678.png,13.150 +0.015/0,13.150,+0.015,0,stacked_fraction,True,False,-0.13
3679,syn_003679.png,images/syn_003679.png,15°±30',15°,+30',-30',angle_dms_tol,False,False,15.67
3680,syn_003680.png,images/syn_003680.png,83.383 -0.003/-0.006,83.383,-0.003,-0.006,stacked_fraction,True,False,-0.71
3681,syn_003681.png,images/syn_003681.png,Ø0.2727 +0.03/0,Ø0.2727,+0.03,0,stacked_fraction,True,False,-0.79
3682,syn_003682.png,images/syn_003682.png,Ø6,Ø6,,,simple_diameter,False,False,-0.01
3683,syn_003683.png,images/syn_003683.png,16.350 0/-0.05,16.350,0,-0.05,stacked_fraction,True,False,-0.58
3684,syn_003684.png,images/syn_003684.png,100,100,,,simple_nominal_plain,False,False,-0.01
3685,syn_003685.png,images/syn_003685.png,R0.12MAX,R0.12MAX,,,simple_radius_corner,False,False,0.71
3686,syn_003686.png,images/syn_003686.png,57.63 +0.02/-0.005,57.63,+0.02,-0.005,stacked_normal,False,False,-0.21
3687,syn_003687.png,images/syn_003687.png,R0.05 MAX,R0.05 MAX,,,simple_radius_corner,False,False,0.46
3688,syn_003688.png,images/syn_003688.png,60°,60°,,,simple_angle_simple,False,False,-0.36
3689,syn_003689.png,images/syn_003689.png,Ø88.563±0.1,Ø88.563,+0.1,-0.1,symmetric_tight,False,False,-0.71
3690,syn_003690.png,images/syn_003690.png,"30°49'21""","30°49'21""",,,angle_dms_full,False,False,29.5
3691,syn_003691.png,images/syn_003691.png,5°30',5°30',,,angle_dms_min,False,False,0.61
3692,syn_003692.png,images/syn_003692.png,0.25 +0.01/0,0.25,+0.01,0,stacked_fraction,True,False,-0.43
3693,syn_003693.png,images/syn_003693.png,45°16',45°16',,,angle_dms_min,False,False,43.79
3694,syn_003694.png,images/syn_003694.png,12.160 -0.001/-0.003,12.160,-0.001,-0.003,stacked_normal,False,False,0.48
3695,syn_003695.png,images/syn_003695.png,1.5,1.5,,,simple_nominal_plain,False,False,0.18
3696,syn_003696.png,images/syn_003696.png,8.720 -0.003/-0.005,8.720,-0.003,-0.005,stacked_fraction,True,False,-0.69
3697,syn_003697.png,images/syn_003697.png,C0.15,C0.15,,,simple_chamfer,False,False,45.08
3698,syn_003698.png,images/syn_003698.png,50.324 -0.005/-0.008,50.324,-0.005,-0.008,stacked_normal,False,False,-0.78
3699,syn_003699.png,images/syn_003699.png,R14.941 -0.005/-0.01,R14.941,-0.005,-0.01,stacked_normal,False,False,-0.52
3700,syn_003700.png,images/syn_003700.png,M2.75 +0.003/0,M2.75,+0.003,0,stacked_normal,False,False,0.28
3701,syn_003701.png,images/syn_003701.png,R75 +0.005/0,R75,+0.005,0,stacked_fraction,True,False,0.58
3702,syn_003702.png,images/syn_003702.png,56.003 0/-0.03,56.003,0,-0.03,stacked_fraction,True,False,-0.55
3703,syn_003703.png,images/syn_003703.png,C0.1,C0.1,,,simple_chamfer,False,False,-43.58
3704,syn_003704.png,images/syn_003704.png,47.102 0/-0.008,47.102,0,-0.008,stacked_normal,False,False,-0.24
3705,syn_003705.png,images/syn_003705.png,C1.5,C1.5,,,simple_chamfer,False,False,0.24
3706,syn_003706.png,images/syn_003706.png,M24.50 -0.001/-0.006,M24.50,-0.001,-0.006,stacked_normal,False,False,0.79
3707,syn_003707.png,images/syn_003707.png,28.65°,28.65°,,,angle_decimal_deg,False,False,-0.48
3708,syn_003708.png,images/syn_003708.png,12°16',12°16',,,angle_dms_min,False,False,-0.65
3709,syn_003709.png,images/syn_003709.png,0.25 0/-0.05,0.25,0,-0.05,stacked_fraction,True,False,-0.33
3710,syn_003710.png,images/syn_003710.png,"12°6'6""","12°6'6""",,,angle_dms_full,False,False,0.67
3711,syn_003711.png,images/syn_003711.png,50.00±0.02,50.00,+0.02,-0.02,symmetric_tight,False,False,-0.3
3712,syn_003712.png,images/syn_003712.png,M1.998 0/-0.05,M1.998,0,-0.05,stacked_fraction,True,False,0.39
3713,syn_003713.png,images/syn_003713.png,R0.2 MAX,R0.2 MAX,,,simple_radius_corner,False,False,-0.65
3714,syn_003714.png,images/syn_003714.png,90.5°,90.5°,,,angle_decimal_deg,False,False,-0.73
3715,syn_003715.png,images/syn_003715.png,M35.726±0.1,M35.726,+0.1,-0.1,symmetric_tight,False,False,-0.67
3716,syn_003716.png,images/syn_003716.png,C1.5,C1.5,,,simple_chamfer,False,False,-29.53
3717,syn_003717.png,images/syn_003717.png,10±0.02,10,+0.02,-0.02,symmetric_tight,False,False,0.01
3718,syn_003718.png,images/syn_003718.png,R0.03 MAX,R0.03 MAX,,,simple_radius_corner,False,False,-14.4
3719,syn_003719.png,images/syn_003719.png,12°14',12°14',,,angle_dms_min,False,False,-44.15
3720,syn_003720.png,images/syn_003720.png,60.776 +0.005/+0.002,60.776,+0.005,+0.002,stacked_fraction,True,False,1.7
3721,syn_003721.png,images/syn_003721.png,8.129 0/-0.05,8.129,0,-0.05,stacked_normal,False,False,-0.14
3722,syn_003722.png,images/syn_003722.png,Ø24.5,Ø24.5,,,simple_diameter,False,False,0.45
3723,syn_003723.png,images/syn_003723.png,0.25,0.25,,,simple_nominal_plain,False,False,0.8
3724,syn_003724.png,images/syn_003724.png,1.998 +0.005/0,1.998,+0.005,0,stacked_fraction,True,False,0.47
3725,syn_003725.png,images/syn_003725.png,56.305 -0.002/-0.005,56.305,-0.002,-0.005,stacked_fraction,True,False,-0.54
3726,syn_003726.png,images/syn_003726.png,30°±30',30°,+30',-30',angle_dms_tol,False,False,-0.55
3727,syn_003727.png,images/syn_003727.png,"89°48'54""","89°48'54""",,,angle_dms_full,False,False,29.41
3728,syn_003728.png,images/syn_003728.png,83.291 +0.003/+0.001,83.291,+0.003,+0.001,stacked_fraction,True,False,-0.53
3729,syn_003729.png,images/syn_003729.png,4.026±0.015,4.026,+0.015,-0.015,symmetric_tight,False,False,-0.36
3730,syn_003730.png,images/syn_003730.png,"60°56'50""","60°56'50""",,,angle_dms_full,False,False,-31.19
3731,syn_003731.png,images/syn_003731.png,11.89 +0.015/-0.01,11.89,+0.015,-0.01,stacked_normal,False,False,0.78
3732,syn_003732.png,images/syn_003732.png,1.879 +0.03/0,1.879,+0.03,0,stacked_fraction,True,False,-0.2
3733,syn_003733.png,images/syn_003733.png,15.612±0.05,15.612,+0.05,-0.05,symmetric_tight,False,False,0.05
3734,syn_003734.png,images/syn_003734.png,R12.150 +0.003/0,R12.150,+0.003,0,stacked_normal,False,False,1.95
3735,syn_003735.png,images/syn_003735.png,"2° 43' 14""","2° 43' 14""",,,angle_dms_full,False,False,0.7
3736,syn_003736.png,images/syn_003736.png,0.2330 -0.001/-0.004,0.2330,-0.001,-0.004,stacked_fraction,True,False,-0.17
3737,syn_003737.png,images/syn_003737.png,"45°44'23""","45°44'23""",,,angle_dms_full,False,False,30.16
3738,syn_003738.png,images/syn_003738.png,84.362 0/-0.015,84.362,0,-0.015,stacked_normal,False,False,0.02
3739,syn_003739.png,images/syn_003739.png,Ø57.63 -0.002/-0.004,Ø57.63,-0.002,-0.004,stacked_fraction,True,False,-0.4
3740,syn_003740.png,images/syn_003740.png,4.704 +0.05/-0.005,4.704,+0.05,-0.005,stacked_normal,False,False,-0.3
3741,syn_003741.png,images/syn_003741.png,3.032 +0.05/-0.01,3.032,+0.05,-0.01,stacked_fraction,True,False,-0.11
3742,syn_003742.png,images/syn_003742.png,Ø49.032 +0.003/0,Ø49.032,+0.003,0,stacked_fraction,True,False,0.62
3743,syn_003743.png,images/syn_003743.png,M0.0961±0.015,M0.0961,+0.015,-0.015,symmetric_tight,False,False,-0.67
3744,syn_003744.png,images/syn_003744.png,24.50 +0.01/+0.005,24.50,+0.01,+0.005,stacked_fraction,True,False,-0.57
3745,syn_003745.png,images/syn_003745.png,5.04±0.1,5.04,+0.1,-0.1,symmetric_tight,False,False,-0.54
3746,syn_003746.png,images/syn_003746.png,90°±5',90°,+5',-5',angle_dms_tol,False,False,0.11
3747,syn_003747.png,images/syn_003747.png,"90°50'54""","90°50'54""",,,angle_dms_full,False,False,-0.22
3748,syn_003748.png,images/syn_003748.png,4.04 -0.005/-0.008,4.04,-0.005,-0.008,stacked_fraction,True,False,0.34
3749,syn_003749.png,images/syn_003749.png,Ø0.290 0/-0.005,Ø0.290,0,-0.005,stacked_normal,False,False,0.69
3750,syn_003750.png,images/syn_003750.png,0.3793 +0.005/0,0.3793,+0.005,0,stacked_fraction,True,False,-0.09
3751,syn_003751.png,images/syn_003751.png,C12.160 0/-0.015,C12.160,0,-0.015,stacked_normal,False,False,0.56
3752,syn_003752.png,images/syn_003752.png,R4.04 +0.003/0,R4.04,+0.003,0,stacked_fraction,True,False,-0.39
3753,syn_003753.png,images/syn_003753.png,0.25 REF,0.25 REF,,,simple_boxed_ref,False,False,-0.29
3754,syn_003754.png,images/syn_003754.png,C2.0,C2.0,,,simple_chamfer,False,False,14.69
3755,syn_003755.png,images/syn_003755.png,0.2945 +0.015/-0.005,0.2945,+0.015,-0.005,stacked_normal,False,False,-0.42
3756,syn_003756.png,images/syn_003756.png,Ø5±0.025,Ø5,+0.025,-0.025,symmetric_tight,False,False,-0.17
3757,syn_003757.png,images/syn_003757.png,Ø10 -0.003/-0.005,Ø10,-0.003,-0.005,stacked_fraction,True,False,-0.11
3758,syn_003758.png,images/syn_003758.png,Ø24.50±0.01,Ø24.50,+0.01,-0.01,symmetric_tight,False,False,0.08
3759,syn_003759.png,images/syn_003759.png,Ø4.026 +0.02/-0.03,Ø4.026,+0.02,-0.03,stacked_fraction,True,False,-0.92
3760,syn_003760.png,images/syn_003760.png,Ø2.029 +0.02/0,Ø2.029,+0.02,0,stacked_normal,False,False,0.3
3761,syn_003761.png,images/syn_003761.png,2.75 +0.015/0,2.75,+0.015,0,stacked_normal,False,False,-0.33
3762,syn_003762.png,images/syn_003762.png,73.65 +0.03/0,73.65,+0.03,0,stacked_normal,False,False,-0.08
3763,syn_003763.png,images/syn_003763.png,63.169 -0.002/-0.005,63.169,-0.002,-0.005,stacked_normal,False,False,-2.55
3764,syn_003764.png,images/syn_003764.png,32.892 0/-0.002,32.892,0,-0.002,stacked_normal,False,False,5.5
3765,syn_003765.png,images/syn_003765.png,3.032 -0.002/-0.007,3.032,-0.002,-0.007,stacked_fraction,True,False,0.51
3766,syn_003766.png,images/syn_003766.png,R24.50 +0.013/+0.01,R24.50,+0.013,+0.01,stacked_normal,False,False,0.15
3767,syn_003767.png,images/syn_003767.png,Ø33.613 +0.005/+0.002,Ø33.613,+0.005,+0.002,stacked_normal,False,False,-0.46
3768,syn_003768.png,images/syn_003768.png,76.005 0/-0.005,76.005,0,-0.005,stacked_fraction,True,False,-0.24
3769,syn_003769.png,images/syn_003769.png,15°30',15°30',,,angle_dms_min,False,False,-0.25
3770,syn_003770.png,images/syn_003770.png,0.1658 +0.007/+0.002,0.1658,+0.007,+0.002,stacked_normal,False,False,0.52
3771,syn_003771.png,images/syn_003771.png,R24.004 -0.002/-0.004,R24.004,-0.002,-0.004,stacked_fraction,True,False,-0.3
3772,syn_003772.png,images/syn_003772.png,R12±0.01,R12,+0.01,-0.01,symmetric_tight,False,False,-0.62
3773,syn_003773.png,images/syn_003773.png,R8.297 +0.02/0,R8.297,+0.02,0,stacked_fraction,True,False,0.65
3774,syn_003774.png,images/syn_003774.png,"5°46'2""","5°46'2""",,,angle_dms_full,False,False,15.5
3775,syn_003775.png,images/syn_003775.png,"1°39'31""","1°39'31""",,,angle_dms_full,False,False,-14.1
3776,syn_003776.png,images/syn_003776.png,120° 56',120° 56',,,angle_dms_min,False,False,-60.06
3777,syn_003777.png,images/syn_003777.png,C35.726 -0.005/-0.01,C35.726,-0.005,-0.01,stacked_normal,False,False,-0.1
3778,syn_003778.png,images/syn_003778.png,C0.25 0/-0.03,C0.25,0,-0.03,stacked_normal,False,False,0.13
3779,syn_003779.png,images/syn_003779.png,(50),(50),,,simple_boxed_ref,False,False,-0.36
3780,syn_003780.png,images/syn_003780.png,C0.2,C0.2,,,simple_chamfer,False,False,-0.23
3781,syn_003781.png,images/syn_003781.png,Ø58.842 0/-0.015,Ø58.842,0,-0.015,stacked_normal,False,False,0.08
3782,syn_003782.png,images/syn_003782.png,R10.50 -0.005/-0.007,R10.50,-0.005,-0.007,stacked_fraction,True,False,0.6
3783,syn_003783.png,images/syn_003783.png,12.160,12.160,,,simple_nominal_plain,False,False,0.7
3784,syn_003784.png,images/syn_003784.png,Ø12.50 0/-0.01,Ø12.50,0,-0.01,stacked_normal,False,False,-0.08
3785,syn_003785.png,images/syn_003785.png,"90°59'58""","90°59'58""",,,angle_dms_full,False,False,28.69
3786,syn_003786.png,images/syn_003786.png,Ø50.324 -0.005/-0.008,Ø50.324,-0.005,-0.008,stacked_normal,False,False,0.72
3787,syn_003787.png,images/syn_003787.png,Ø24.50±0.1,Ø24.50,+0.1,-0.1,symmetric_tight,False,False,-0.54
3788,syn_003788.png,images/syn_003788.png,12 -0.01/-0.013,12,-0.01,-0.013,stacked_normal,False,False,-0.55
3789,syn_003789.png,images/syn_003789.png,0.2922 +0.02/-0.005,0.2922,+0.02,-0.005,stacked_normal,False,False,-0.19
3790,syn_003790.png,images/syn_003790.png,R1.0 MAX,R1.0 MAX,,,simple_radius_corner,False,False,-15.3
3791,syn_003791.png,images/syn_003791.png,R5 MIN,R5 MIN,,,simple_radius_corner,False,False,-0.76
3792,syn_003792.png,images/syn_003792.png,81.813 +0.01/0,81.813,+0.01,0,stacked_fraction,True,False,-0.41
3793,syn_003793.png,images/syn_003793.png,0.087°,0.087°,,,angle_decimal_deg,False,False,-44.04
3794,syn_003794.png,images/syn_003794.png,Ø35.726 0/-0.008,Ø35.726,0,-0.008,stacked_fraction,True,False,-0.58
3795,syn_003795.png,images/syn_003795.png,14.941 -0.002/-0.005,14.941,-0.002,-0.005,stacked_fraction,True,False,-0.28
3796,syn_003796.png,images/syn_003796.png,0.941 +0.005/-0.005,0.941,+0.005,-0.005,stacked_fraction,True,False,-0.73
3797,syn_003797.png,images/syn_003797.png,75±0.02,75,+0.02,-0.02,symmetric_tight,False,False,0.49
3798,syn_003798.png,images/syn_003798.png,8 +0.013/+0.01,8,+0.013,+0.01,stacked_normal,False,False,0.58
3799,syn_003799.png,images/syn_003799.png,69.739 0/-0.003,69.739,0,-0.003,stacked_normal,False,False,-0.67
3800,syn_003800.png,images/syn_003800.png,Ø73.65 0/-0.01,Ø73.65,0,-0.01,stacked_normal,False,False,-0.29
3801,syn_003801.png,images/syn_003801.png,2.094°,2.094°,,,angle_decimal_deg,False,False,-0.57
3802,syn_003802.png,images/syn_003802.png,Ø78.651 +0.002/0,Ø78.651,+0.002,0,stacked_fraction,True,False,0.06
3803,syn_003803.png,images/syn_003803.png,0.3012 0/-0.05,0.3012,0,-0.05,stacked_normal,False,False,-0.25
3804,syn_003804.png,images/syn_003804.png,72.838 0/-0.01,72.838,0,-0.01,stacked_normal,False,False,0.18
3805,syn_003805.png,images/syn_003805.png,Ø50.324 0/-0.03,Ø50.324,0,-0.03,stacked_fraction,True,False,0.33
3806,syn_003806.png,images/syn_003806.png,M15.299±0.05,M15.299,+0.05,-0.05,symmetric_tight,False,False,-0.41
3807,syn_003807.png,images/syn_003807.png,Ø48.423 +0.015/0,Ø48.423,+0.015,0,stacked_normal,False,False,-0.66
3808,syn_003808.png,images/syn_003808.png,53.297 0/-0.003,53.297,0,-0.003,stacked_fraction,True,False,-0.06
3809,syn_003809.png,images/syn_003809.png,35.726±0.025,35.726,+0.025,-0.025,symmetric_tight,False,False,0.04
3810,syn_003810.png,images/syn_003810.png,R0.5 MIN,R0.5 MIN,,,simple_radius_corner,False,False,46.41
3811,syn_003811.png,images/syn_003811.png,R0.1 MIN,R0.1 MIN,,,simple_radius_corner,False,False,0.45
3812,syn_003812.png,images/syn_003812.png,C10.50 +0.015/0,C10.50,+0.015,0,stacked_fraction,True,False,0.31
3813,syn_003813.png,images/syn_003813.png,Ø7.525 -0.002/-0.007,Ø7.525,-0.002,-0.007,stacked_fraction,True,False,-0.02
3814,syn_003814.png,images/syn_003814.png,R1.0 MAX,R1.0 MAX,,,simple_radius_corner,False,False,0.33
3815,syn_003815.png,images/syn_003815.png,R0.25 +0.02/-0.01,R0.25,+0.02,-0.01,stacked_fraction,True,False,-0.2
3816,syn_003816.png,images/syn_003816.png,12.150 +0.015/-0.02,12.150,+0.015,-0.02,stacked_fraction,True,False,0.15
3817,syn_003817.png,images/syn_003817.png,3.032 +0.015/0,3.032,+0.015,0,stacked_normal,False,False,0.75
3818,syn_003818.png,images/syn_003818.png,0.3173 +0.005/0,0.3173,+0.005,0,stacked_normal,False,False,-0.17
3819,syn_003819.png,images/syn_003819.png,15 -0.001/-0.003,15,-0.001,-0.003,stacked_normal,False,False,-0.18
3820,syn_003820.png,images/syn_003820.png,57.63±0.1,57.63,+0.1,-0.1,symmetric_tight,False,False,-5.89
3821,syn_003821.png,images/syn_003821.png,32 +0.05/0,32,+0.05,0,stacked_fraction,True,False,-0.25
3822,syn_003822.png,images/syn_003822.png,59.322 0/-0.01,59.322,0,-0.01,stacked_fraction,True,False,0.05
3823,syn_003823.png,images/syn_003823.png,C2.160 0/-0.01,C2.160,0,-0.01,stacked_normal,False,False,-0.38
3824,syn_003824.png,images/syn_003824.png,90°±15',90°,+15',-15',angle_dms_tol,False,False,46.39
3825,syn_003825.png,images/syn_003825.png,Ø74.299 0/-0.003,Ø74.299,0,-0.003,stacked_fraction,True,False,0.15
3826,syn_003826.png,images/syn_003826.png,R12.150 +0.007/+0.005,R12.150,+0.007,+0.005,stacked_normal,False,False,0.43
3827,syn_003827.png,images/syn_003827.png,R94.685 0/-0.01,R94.685,0,-0.01,stacked_fraction,True,False,0.58
3828,syn_003828.png,images/syn_003828.png,Ø0.0132±0.005,Ø0.0132,+0.005,-0.005,symmetric_tight,False,False,-0.05
3829,syn_003829.png,images/syn_003829.png,0.3873±0.005,0.3873,+0.005,-0.005,symmetric_tight,False,False,5.85
3830,syn_003830.png,images/syn_003830.png,36.925 +0.005/-0.01,36.925,+0.005,-0.01,stacked_normal,False,False,0.56
3831,syn_003831.png,images/syn_003831.png,73.65 +0.02/-0.01,73.65,+0.02,-0.01,stacked_fraction,True,False,0.46
3832,syn_003832.png,images/syn_003832.png,57.63 +0.015/0,57.63,+0.015,0,stacked_normal,False,False,0.38
3833,syn_003833.png,images/syn_003833.png,Ø15.80±0.005,Ø15.80,+0.005,-0.005,symmetric_tight,False,False,-0.36
3834,syn_003834.png,images/syn_003834.png,Ø4.04 0/-0.02,Ø4.04,0,-0.02,stacked_normal,False,False,-0.68
3835,syn_003835.png,images/syn_003835.png,M0.0972 -0.005/-0.007,M0.0972,-0.005,-0.007,stacked_normal,False,False,-0.25
3836,syn_003836.png,images/syn_003836.png,M12,M12,,,simple_thread_qty,False,False,-0.68
3837,syn_003837.png,images/syn_003837.png,3.032 +0.005/0,3.032,+0.005,0,stacked_normal,False,False,-5.01
3838,syn_003838.png,images/syn_003838.png,R39.080 +0.05/0,R39.080,+0.05,0,stacked_fraction,True,False,-0.24
3839,syn_003839.png,images/syn_003839.png,29.407 -0.01/-0.013,29.407,-0.01,-0.013,stacked_fraction,True,False,-0.35
3840,syn_003840.png,images/syn_003840.png,0.1751 +0.013/+0.01,0.1751,+0.013,+0.01,stacked_fraction,True,False,-0.79
3841,syn_003841.png,images/syn_003841.png,Ø50.00 +0.02/-0.01,Ø50.00,+0.02,-0.01,stacked_normal,False,False,-0.57
3842,syn_003842.png,images/syn_003842.png,0.941±0.005,0.941,+0.005,-0.005,symmetric_tight,False,False,-0.34
3843,syn_003843.png,images/syn_003843.png,Ø27.882 +0.003/0,Ø27.882,+0.003,0,stacked_normal,False,False,-4.05
3844,syn_003844.png,images/syn_003844.png,R5,R5,,,simple_radius_corner,False,False,-45.33
3845,syn_003845.png,images/syn_003845.png,4.026±0.01,4.026,+0.01,-0.01,symmetric_tight,False,False,-0.61
3846,syn_003846.png,images/syn_003846.png,59.849 +0.02/-0.002,59.849,+0.02,-0.002,stacked_normal,False,False,-0.77
3847,syn_003847.png,images/syn_003847.png,100 -0.01/-0.012,100,-0.01,-0.012,stacked_normal,False,False,-0.51
3848,syn_003848.png,images/syn_003848.png,C16.350 +0.005/-0.02,C16.350,+0.005,-0.02,stacked_fraction,True,False,-0.44
3849,syn_003849.png,images/syn_003849.png,45°45',45°45',,,angle_dms_min,False,False,16.31
3850,syn_003850.png,images/syn_003850.png,"89°18'43""","89°18'43""",,,angle_dms_full,False,False,-15.81
3851,syn_003851.png,images/syn_003851.png,10.50±0.015,10.50,+0.015,-0.015,symmetric_tight,False,False,0.5
3852,syn_003852.png,images/syn_003852.png,24.430±0.1,24.430,+0.1,-0.1,symmetric_tight,False,False,0.77
3853,syn_003853.png,images/syn_003853.png,14.941±0.01,14.941,+0.01,-0.01,symmetric_tight,False,False,0.69
3854,syn_003854.png,images/syn_003854.png,"30°58'3""","30°58'3""",,,angle_dms_full,False,False,0.12
3855,syn_003855.png,images/syn_003855.png,90°±10',90°,+10',-10',angle_dms_tol,False,False,-60.2
3856,syn_003856.png,images/syn_003856.png,Ø57.63±0.02,Ø57.63,+0.02,-0.02,symmetric_tight,False,False,-0.62
3857,syn_003857.png,images/syn_003857.png,4.026 +0.05/0,4.026,+0.05,0,stacked_fraction,True,False,0.58
3858,syn_003858.png,images/syn_003858.png,60°±10',60°,+10',-10',angle_dms_tol,False,False,-14.38
3859,syn_003859.png,images/syn_003859.png,82.998±0.002,82.998,+0.002,-0.002,symmetric_tight,False,False,-0.04
3860,syn_003860.png,images/syn_003860.png,3.032±0.01,3.032,+0.01,-0.01,symmetric_tight,False,False,-0.01
3861,syn_003861.png,images/syn_003861.png,90.635 -0.001/-0.004,90.635,-0.001,-0.004,stacked_fraction,True,False,-0.24
3862,syn_003862.png,images/syn_003862.png,0.017°,0.017°,,,angle_decimal_deg,False,False,16.32
3863,syn_003863.png,images/syn_003863.png,Ø10.50 +0.015/-0.01,Ø10.50,+0.015,-0.01,stacked_fraction,True,False,-0.68
3864,syn_003864.png,images/syn_003864.png,86.998 +0.015/0,86.998,+0.015,0,stacked_fraction,True,False,0.19
3865,syn_003865.png,images/syn_003865.png,Ø33.613 +0.03/0,Ø33.613,+0.03,0,stacked_fraction,True,False,0.06
3866,syn_003866.png,images/syn_003866.png,30°,30°,,,simple_angle_simple,False,False,-45.1
3867,syn_003867.png,images/syn_003867.png,C0.05,C0.05,,,simple_chamfer,False,False,0.21
3868,syn_003868.png,images/syn_003868.png,5.04 +0.003/+0.001,5.04,+0.003,+0.001,stacked_normal,False,False,0.4
3869,syn_003869.png,images/syn_003869.png,12°13',12°13',,,angle_dms_min,False,False,-0.04
3870,syn_003870.png,images/syn_003870.png,R33.613 +0.05/-0.005,R33.613,+0.05,-0.005,stacked_normal,False,False,0.59
3871,syn_003871.png,images/syn_003871.png,C0.05,C0.05,,,simple_chamfer,False,False,-0.71
3872,syn_003872.png,images/syn_003872.png,75±0.02,75,+0.02,-0.02,symmetric_tight,False,False,0.59
3873,syn_003873.png,images/syn_003873.png,2.75 -0.003/-0.006,2.75,-0.003,-0.006,stacked_normal,False,False,-0.26
3874,syn_003874.png,images/syn_003874.png,Ø4.04 -0.001/-0.004,Ø4.04,-0.001,-0.004,stacked_normal,False,False,0.55
3875,syn_003875.png,images/syn_003875.png,24.50 +0.01/-0.03,24.50,+0.01,-0.03,stacked_normal,False,False,0.72
3876,syn_003876.png,images/syn_003876.png,30°±1°,30°,+1°,-1°,angle_dms_tol,False,False,-0.42
3877,syn_003877.png,images/syn_003877.png,Ø56.003 0/-0.008,Ø56.003,0,-0.008,stacked_fraction,True,False,-1.61
3878,syn_003878.png,images/syn_003878.png,0.25 +0.002/0,0.25,+0.002,0,stacked_normal,False,False,0.47
3879,syn_003879.png,images/syn_003879.png,Ø8 +0.005/-0.005,Ø8,+0.005,-0.005,stacked_fraction,True,False,0.28
3880,syn_003880.png,images/syn_003880.png,56.003±0.015,56.003,+0.015,-0.015,symmetric_tight,False,False,0.55
3881,syn_003881.png,images/syn_003881.png,65.711 -0.01/-0.012,65.711,-0.01,-0.012,stacked_fraction,True,False,-0.3
3882,syn_003882.png,images/syn_003882.png,1.998±0.05,1.998,+0.05,-0.05,symmetric_tight,False,False,0.62
3883,syn_003883.png,images/syn_003883.png,98.822,98.822,,,simple_nominal_plain,False,False,-0.66
3884,syn_003884.png,images/syn_003884.png,Ø34.496 +0.005/-0.005,Ø34.496,+0.005,-0.005,stacked_normal,False,False,-0.42
3885,syn_003885.png,images/syn_003885.png,Ø11.89 +0.007/+0.002,Ø11.89,+0.007,+0.002,stacked_fraction,True,False,0.26
3886,syn_003886.png,images/syn_003886.png,12 +0.05/0,12,+0.05,0,stacked_normal,False,False,-0.52
3887,syn_003887.png,images/syn_003887.png,51.310,51.310,,,simple_nominal_plain,False,False,0.64
3888,syn_003888.png,images/syn_003888.png,35.726 0/-0.03,35.726,0,-0.03,stacked_normal,False,False,-0.16
3889,syn_003889.png,images/syn_003889.png,C52.703 +0.002/0,C52.703,+0.002,0,stacked_normal,False,False,5.59
3890,syn_003890.png,images/syn_003890.png,12.155±0.015,12.155,+0.015,-0.015,symmetric_tight,False,False,-0.27
3891,syn_003891.png,images/syn_003891.png,"5°38'4""","5°38'4""",,,angle_dms_full,False,False,29.62
3892,syn_003892.png,images/syn_003892.png,"2°20'48""","2°20'48""",,,angle_dms_full,False,False,-0.56
3893,syn_003893.png,images/syn_003893.png,50.00 +0.01/-0.005,50.00,+0.01,-0.005,stacked_fraction,True,False,0.66
3894,syn_003894.png,images/syn_003894.png,"5° 30' 43""","5° 30' 43""",,,angle_dms_full,False,False,-14.65
3895,syn_003895.png,images/syn_003895.png,"45° 31' 43""","45° 31' 43""",,,angle_dms_full,False,False,-29.97
3896,syn_003896.png,images/syn_003896.png,C2.307 0/-0.03,C2.307,0,-0.03,stacked_fraction,True,False,0.67
3897,syn_003897.png,images/syn_003897.png,R12.160 +0.01/0,R12.160,+0.01,0,stacked_fraction,True,False,-0.27
3898,syn_003898.png,images/syn_003898.png,45°52',45°52',,,angle_dms_min,False,False,0.2
3899,syn_003899.png,images/syn_003899.png,Ø7.525 +0.01/0,Ø7.525,+0.01,0,stacked_fraction,True,False,0.73
3900,syn_003900.png,images/syn_003900.png,62.305 +0.03/0,62.305,+0.03,0,stacked_normal,False,False,3.16
3901,syn_003901.png,images/syn_003901.png,88.324±0.1,88.324,+0.1,-0.1,symmetric_tight,False,False,0.68
3902,syn_003902.png,images/syn_003902.png,24 +0.05/-0.03,24,+0.05,-0.03,stacked_fraction,True,False,0.76
3903,syn_003903.png,images/syn_003903.png,R3,R3,,,simple_radius_corner,False,False,0.04
3904,syn_003904.png,images/syn_003904.png,73.65 +0.02/0,73.65,+0.02,0,stacked_fraction,True,False,0.43
3905,syn_003905.png,images/syn_003905.png,5 -0.005/-0.01,5,-0.005,-0.01,stacked_fraction,True,False,0.56
3906,syn_003906.png,images/syn_003906.png,Ø5 0/-0.003,Ø5,0,-0.003,stacked_fraction,True,False,0.22
3907,syn_003907.png,images/syn_003907.png,120°16',120°16',,,angle_dms_min,False,False,0.0
3908,syn_003908.png,images/syn_003908.png,28°37',28°37',,,angle_dms_min,False,False,45.04
3909,syn_003909.png,images/syn_003909.png,100,100,,,simple_nominal_plain,False,False,0.14
3910,syn_003910.png,images/syn_003910.png,50.00 -0.005/-0.008,50.00,-0.005,-0.008,stacked_normal,False,False,-4.44
3911,syn_003911.png,images/syn_003911.png,0°38',0°38',,,angle_dms_min,False,False,29.96
3912,syn_003912.png,images/syn_003912.png,91.212 0/-0.01,91.212,0,-0.01,stacked_normal,False,False,-0.02
3913,syn_003913.png,images/syn_003913.png,12.155 +0.007/+0.002,12.155,+0.007,+0.002,stacked_normal,False,False,0.13
3914,syn_003914.png,images/syn_003914.png,71.622 0/-0.05,71.622,0,-0.05,stacked_fraction,True,False,-0.79
3915,syn_003915.png,images/syn_003915.png,30°43',30°43',,,angle_dms_min,False,False,46.09
3916,syn_003916.png,images/syn_003916.png,"90° 49' 12""","90° 49' 12""",,,angle_dms_full,False,False,-0.46
3917,syn_003917.png,images/syn_003917.png,26.197 +0.05/0,26.197,+0.05,0,stacked_normal,False,False,0.48
3918,syn_003918.png,images/syn_003918.png,15°,15°,,,simple_angle_simple,False,False,14.73
3919,syn_003919.png,images/syn_003919.png,R10.50 0/-0.03,R10.50,0,-0.03,stacked_fraction,True,False,0.5
3920,syn_003920.png,images/syn_003920.png,24.50 0/-0.03,24.50,0,-0.03,stacked_normal,False,False,-0.58
3921,syn_003921.png,images/syn_003921.png,Ø15.80 0/-0.01,Ø15.80,0,-0.01,stacked_fraction,True,False,-0.1
3922,syn_003922.png,images/syn_003922.png,(50),(50),,,simple_boxed_ref,False,False,-0.63
3923,syn_003923.png,images/syn_003923.png,Ø12,Ø12,,,simple_diameter,False,False,0.42
3924,syn_003924.png,images/syn_003924.png,26.197 +0.005/-0.002,26.197,+0.005,-0.002,stacked_fraction,True,False,-0.45
3925,syn_003925.png,images/syn_003925.png,12.50 -0.001/-0.004,12.50,-0.001,-0.004,stacked_normal,False,False,0.45
3926,syn_003926.png,images/syn_003926.png,Ø0.2753 +0.01/-0.02,Ø0.2753,+0.01,-0.02,stacked_fraction,True,False,0.15
3927,syn_003927.png,images/syn_003927.png,Ø0.1714±0.005,Ø0.1714,+0.005,-0.005,symmetric_tight,False,False,0.58
3928,syn_003928.png,images/syn_003928.png,90°,90°,,,simple_angle_simple,False,False,31.38
3929,syn_003929.png,images/syn_003929.png,Ø24.5,Ø24.5,,,simple_diameter,False,False,0.73
3930,syn_003930.png,images/syn_003930.png,Ø3.032 0/-0.008,Ø3.032,0,-0.008,stacked_normal,False,False,0.37
3931,syn_003931.png,images/syn_003931.png,16.350 +0.003/+0.001,16.350,+0.003,+0.001,stacked_normal,False,False,-0.47
3932,syn_003932.png,images/syn_003932.png,16.350 +0.01/0,16.350,+0.01,0,stacked_fraction,True,False,-0.49
3933,syn_003933.png,images/syn_003933.png,20 +0.05/0,20,+0.05,0,stacked_fraction,True,False,0.57
3934,syn_003934.png,images/syn_003934.png,79.469 0/-0.05,79.469,0,-0.05,stacked_normal,False,False,0.49
3935,syn_003935.png,images/syn_003935.png,Ø10.884 +0.015/0,Ø10.884,+0.015,0,stacked_normal,False,False,0.29
3936,syn_003936.png,images/syn_003936.png,Ø57.63 0/-0.008,Ø57.63,0,-0.008,stacked_fraction,True,False,0.08
3937,syn_003937.png,images/syn_003937.png,2x M4,2x M4,,,simple_thread_qty,False,False,0.28
3938,syn_003938.png,images/syn_003938.png,R25.350 0/-0.015,R25.350,0,-0.015,stacked_normal,False,False,-0.01
3939,syn_003939.png,images/syn_003939.png,56.003 +0.015/-0.03,56.003,+0.015,-0.03,stacked_fraction,True,False,0.44
3940,syn_003940.png,images/syn_003940.png,Ø8.308 +0.008/+0.005,Ø8.308,+0.008,+0.005,stacked_normal,False,False,-0.36
3941,syn_003941.png,images/syn_003941.png,28°37',28°37',,,angle_dms_min,False,False,-61.37
3942,syn_003942.png,images/syn_003942.png,2.75 +0.03/0,2.75,+0.03,0,stacked_fraction,True,False,-0.32
3943,syn_003943.png,images/syn_003943.png,C0.25 0/-0.05,C0.25,0,-0.05,stacked_normal,False,False,-0.23
3944,syn_003944.png,images/syn_003944.png,30°±1°,30°,+1°,-1°,angle_dms_tol,False,False,0.16
3945,syn_003945.png,images/syn_003945.png,50.00 +0.002/0,50.00,+0.002,0,stacked_normal,False,False,0.64
3946,syn_003946.png,images/syn_003946.png,8.561 -0.003/-0.008,8.561,-0.003,-0.008,stacked_fraction,True,False,0.12
3947,syn_003947.png,images/syn_003947.png,5°53',5°53',,,angle_dms_min,False,False,-0.19
3948,syn_003948.png,images/syn_003948.png,C0.5,C0.5,,,simple_chamfer,False,False,-15.6
3949,syn_003949.png,images/syn_003949.png,12.160±0.005,12.160,+0.005,-0.005,symmetric_tight,False,False,0.49
3950,syn_003950.png,images/syn_003950.png,39.295 +0.02/-0.002,39.295,+0.02,-0.002,stacked_normal,False,False,0.76
3951,syn_003951.png,images/syn_003951.png,0.008±0.02,0.008,+0.02,-0.02,symmetric_tight,False,False,0.22
3952,syn_003952.png,images/syn_003952.png,20.197 +0.03/0,20.197,+0.03,0,stacked_normal,False,False,-0.41
3953,syn_003953.png,images/syn_003953.png,0.1098 -0.002/-0.004,0.1098,-0.002,-0.004,stacked_fraction,True,False,3.38
3954,syn_003954.png,images/syn_003954.png,100,100,,,simple_nominal_plain,False,False,0.14
3955,syn_003955.png,images/syn_003955.png,75 0/-0.005,75,0,-0.005,stacked_fraction,True,False,-0.47
3956,syn_003956.png,images/syn_003956.png,0.008 +0.02/0,0.008,+0.02,0,stacked_fraction,True,False,0.59
3957,syn_003957.png,images/syn_003957.png,Ø15.80 +0.003/0,Ø15.80,+0.003,0,stacked_normal,False,False,-0.58
3958,syn_003958.png,images/syn_003958.png,C12.50 +0.01/-0.005,C12.50,+0.01,-0.005,stacked_fraction,True,False,0.21
3959,syn_003959.png,images/syn_003959.png,Ø4.04 +0.012/+0.01,Ø4.04,+0.012,+0.01,stacked_fraction,True,False,0.12
3960,syn_003960.png,images/syn_003960.png,71.710 +0.01/-0.005,71.710,+0.01,-0.005,stacked_normal,False,False,-0.64
3961,syn_003961.png,images/syn_003961.png,Ø4.026±0.005,Ø4.026,+0.005,-0.005,symmetric_tight,False,False,-0.77
3962,syn_003962.png,images/syn_003962.png,32 -0.005/-0.008,32,-0.005,-0.008,stacked_normal,False,False,0.35
3963,syn_003963.png,images/syn_003963.png,Ø10.50 0/-0.02,Ø10.50,0,-0.02,stacked_normal,False,False,0.18
3964,syn_003964.png,images/syn_003964.png,18.867 0/-0.003,18.867,0,-0.003,stacked_normal,False,False,-0.2
3965,syn_003965.png,images/syn_003965.png,24.524 +0.006/+0.001,24.524,+0.006,+0.001,stacked_normal,False,False,0.21
3966,syn_003966.png,images/syn_003966.png,Ø0.3862 0/-0.003,Ø0.3862,0,-0.003,stacked_normal,False,False,0.42
3967,syn_003967.png,images/syn_003967.png,12.160 +0.005/+0.002,12.160,+0.005,+0.002,stacked_fraction,True,False,-0.56
3968,syn_003968.png,images/syn_003968.png,0.0576 +0.015/-0.005,0.0576,+0.015,-0.005,stacked_normal,False,False,-0.16
3969,syn_003969.png,images/syn_003969.png,R20 +0.03/0,R20,+0.03,0,stacked_fraction,True,False,0.35
3970,syn_003970.png,images/syn_003970.png,Ø84.368 0/-0.008,Ø84.368,0,-0.008,stacked_normal,False,False,0.55
3971,syn_003971.png,images/syn_003971.png,25 +0.02/0,25,+0.02,0,stacked_fraction,True,False,-0.19
3972,syn_003972.png,images/syn_003972.png,60.954±0.05,60.954,+0.05,-0.05,symmetric_tight,False,False,0.52
3973,syn_003973.png,images/syn_003973.png,0.652 0/-0.015,0.652,0,-0.015,stacked_normal,False,False,-0.11
3974,syn_003974.png,images/syn_003974.png,0.1203 +0.03/0,0.1203,+0.03,0,stacked_normal,False,False,-0.57
3975,syn_003975.png,images/syn_003975.png,"45°8'31""","45°8'31""",,,angle_dms_full,False,False,0.06
3976,syn_003976.png,images/syn_003976.png,Ø64.530 -0.002/-0.004,Ø64.530,-0.002,-0.004,stacked_fraction,True,False,-1.84
3977,syn_003977.png,images/syn_003977.png,0.4650 +0.015/-0.03,0.4650,+0.015,-0.03,stacked_normal,False,False,-5.75
3978,syn_003978.png,images/syn_003978.png,R87.639 -0.003/-0.006,R87.639,-0.003,-0.006,stacked_fraction,True,False,0.47
3979,syn_003979.png,images/syn_003979.png,R1.5,R1.5,,,simple_radius_corner,False,False,0.5
3980,syn_003980.png,images/syn_003980.png,0.2202 +0.007/+0.005,0.2202,+0.007,+0.005,stacked_normal,False,False,-0.7
3981,syn_003981.png,images/syn_003981.png,67.027 -0.005/-0.007,67.027,-0.005,-0.007,stacked_fraction,True,False,-0.44
3982,syn_003982.png,images/syn_003982.png,12.160,12.160,,,simple_nominal_plain,False,False,-0.18
3983,syn_003983.png,images/syn_003983.png,2.835 0/-0.008,2.835,0,-0.008,stacked_fraction,True,False,0.04
3984,syn_003984.png,images/syn_003984.png,0.0417 0/-0.008,0.0417,0,-0.008,stacked_fraction,True,False,0.24
3985,syn_003985.png,images/syn_003985.png,2.160 0/-0.002,2.160,0,-0.002,stacked_normal,False,False,0.5
3986,syn_003986.png,images/syn_003986.png,R17.688±0.002,R17.688,+0.002,-0.002,symmetric_tight,False,False,-0.39
3987,syn_003987.png,images/syn_003987.png,"12°29'19""","12°29'19""",,,angle_dms_full,False,False,0.45
3988,syn_003988.png,images/syn_003988.png,47.398,47.398,,,simple_nominal_plain,False,False,0.57
3989,syn_003989.png,images/syn_003989.png,Ø75 -0.001/-0.006,Ø75,-0.001,-0.006,stacked_normal,False,False,0.5
3990,syn_003990.png,images/syn_003990.png,2.75,2.75,,,simple_nominal_plain,False,False,0.05
3991,syn_003991.png,images/syn_003991.png,Ø26.625±0.05,Ø26.625,+0.05,-0.05,symmetric_tight,False,False,0.03
3992,syn_003992.png,images/syn_003992.png,C0.05,C0.05,,,simple_chamfer,False,False,0.11
3993,syn_003993.png,images/syn_003993.png,5.04 -0.003/-0.006,5.04,-0.003,-0.006,stacked_fraction,True,False,0.69
3994,syn_003994.png,images/syn_003994.png,15.80 0/-0.02,15.80,0,-0.02,stacked_fraction,True,False,0.39
3995,syn_003995.png,images/syn_003995.png,10±0.01,10,+0.01,-0.01,symmetric_tight,False,False,0.49
3996,syn_003996.png,images/syn_003996.png,0.2281 +0.01/-0.02,0.2281,+0.01,-0.02,stacked_fraction,True,False,-0.1
3997,syn_003997.png,images/syn_003997.png,60 +0.013/+0.01,60,+0.013,+0.01,stacked_normal,False,False,-0.77
3998,syn_003998.png,images/syn_003998.png,33.613 +0.015/-0.005,33.613,+0.015,-0.005,stacked_fraction,True,False,-0.62
3999,syn_003999.png,images/syn_003999.png,73.287 0/-0.03,73.287,0,-0.03,stacked_normal,False,False,0.0
4000,syn_004000.png,images/syn_004000.png,Ø0.290 -0.005/-0.008,Ø0.290,-0.005,-0.008,stacked_normal,False,False,-0.45
4001,syn_004001.png,images/syn_004001.png,Ø1.998 +0.005/-0.01,Ø1.998,+0.005,-0.01,stacked_fraction,True,False,-0.13
4002,syn_004002.png,images/syn_004002.png,2.160 -0.001/-0.003,2.160,-0.001,-0.003,stacked_normal,False,False,-0.11
4003,syn_004003.png,images/syn_004003.png,12.50 +0.02/0,12.50,+0.02,0,stacked_normal,False,False,0.75
4004,syn_004004.png,images/syn_004004.png,R0.25 MIN,R0.25 MIN,,,simple_radius_corner,False,False,0.69
4005,syn_004005.png,images/syn_004005.png,24.50 +0.05/-0.01,24.50,+0.05,-0.01,stacked_fraction,True,False,-0.42
4006,syn_004006.png,images/syn_004006.png,Ø0.3182 -0.002/-0.007,Ø0.3182,-0.002,-0.007,stacked_fraction,True,False,0.71
4007,syn_004007.png,images/syn_004007.png,60°±0.5°,60°,+0.5°,-0.5°,angle_dms_tol,False,False,60.86
4008,syn_004008.png,images/syn_004008.png,0.3657 0/-0.002,0.3657,0,-0.002,stacked_normal,False,False,-0.29
4009,syn_004009.png,images/syn_004009.png,0.1170 +0.004/+0.001,0.1170,+0.004,+0.001,stacked_normal,False,False,-0.33
4010,syn_004010.png,images/syn_004010.png,56.140 -0.005/-0.007,56.140,-0.005,-0.007,stacked_fraction,True,False,-0.08
4011,syn_004011.png,images/syn_004011.png,2.75 +0.05/0,2.75,+0.05,0,stacked_fraction,True,False,0.13
4012,syn_004012.png,images/syn_004012.png,M8,M8,,,simple_thread_qty,False,False,0.28
4013,syn_004013.png,images/syn_004013.png,C0.5,C0.5,,,simple_chamfer,False,False,0.67
4014,syn_004014.png,images/syn_004014.png,50.00 +0.003/0,50.00,+0.003,0,stacked_normal,False,False,0.79
4015,syn_004015.png,images/syn_004015.png,1.998±0.002,1.998,+0.002,-0.002,symmetric_tight,False,False,-0.2
4016,syn_004016.png,images/syn_004016.png,Ø10,Ø10,,,simple_diameter,False,False,0.13
4017,syn_004017.png,images/syn_004017.png,24 -0.003/-0.008,24,-0.003,-0.008,stacked_fraction,True,False,-0.37
4018,syn_004018.png,images/syn_004018.png,1.047°,1.047°,,,angle_decimal_deg,False,False,-44.51
4019,syn_004019.png,images/syn_004019.png,16.350±0.025,16.350,+0.025,-0.025,symmetric_tight,False,False,0.08
4020,syn_004020.png,images/syn_004020.png,3.032 -0.005/-0.007,3.032,-0.005,-0.007,stacked_normal,False,False,-0.22
4021,syn_004021.png,images/syn_004021.png,30.728 +0.01/-0.02,30.728,+0.01,-0.02,stacked_fraction,True,False,0.32
4022,syn_004022.png,images/syn_004022.png,Ø10.50 0/-0.01,Ø10.50,0,-0.01,stacked_normal,False,False,-0.01
4023,syn_004023.png,images/syn_004023.png,Ø0.25±0.015,Ø0.25,+0.015,-0.015,symmetric_tight,False,False,-0.68
4024,syn_004024.png,images/syn_004024.png,5.04±0.02,5.04,+0.02,-0.02,symmetric_tight,False,False,0.71
4025,syn_004025.png,images/syn_004025.png,4X Ø6.5,4X Ø6.5,,,simple_thread_qty,False,False,0.03
4026,syn_004026.png,images/syn_004026.png,Ø25.4,Ø25.4,,,simple_diameter,False,False,0.65
4027,syn_004027.png,images/syn_004027.png,2.75 -0.005/-0.007,2.75,-0.005,-0.007,stacked_normal,False,False,-0.26
4028,syn_004028.png,images/syn_004028.png,C0.3,C0.3,,,simple_chamfer,False,False,13.93
4029,syn_004029.png,images/syn_004029.png,C11.709 +0.015/-0.01,C11.709,+0.015,-0.01,stacked_normal,False,False,-0.74
4030,syn_004030.png,images/syn_004030.png,Ø15.191 +0.003/0,Ø15.191,+0.003,0,stacked_fraction,True,False,-0.76
4031,syn_004031.png,images/syn_004031.png,57.63 +0.05/0,57.63,+0.05,0,stacked_fraction,True,False,-3.32
4032,syn_004032.png,images/syn_004032.png,76.503 +0.05/0,76.503,+0.05,0,stacked_normal,False,False,1.65
4033,syn_004033.png,images/syn_004033.png,Ø100±0.02,Ø100,+0.02,-0.02,symmetric_tight,False,False,-5.82
4034,syn_004034.png,images/syn_004034.png,57.63 -0.005/-0.01,57.63,-0.005,-0.01,stacked_fraction,True,False,0.65
4035,syn_004035.png,images/syn_004035.png,2.75,2.75,,,simple_nominal_plain,False,False,0.58
4036,syn_004036.png,images/syn_004036.png,90°±0.5°,90°,+0.5°,-0.5°,angle_dms_tol,False,False,-44.53
4037,syn_004037.png,images/syn_004037.png,57.63,57.63,,,simple_nominal_plain,False,False,0.39
4038,syn_004038.png,images/syn_004038.png,12.155 +0.004/+0.002,12.155,+0.004,+0.002,stacked_fraction,True,False,0.16
4039,syn_004039.png,images/syn_004039.png,M10,M10,,,simple_thread_qty,False,False,-0.49
4040,syn_004040.png,images/syn_004040.png,"12°34'49""","12°34'49""",,,angle_dms_full,False,False,29.56
4041,syn_004041.png,images/syn_004041.png,Ø65.718 +0.01/-0.01,Ø65.718,+0.01,-0.01,stacked_fraction,True,False,-0.03
4042,syn_004042.png,images/syn_004042.png,Ø0.1942 0/-0.015,Ø0.1942,0,-0.015,stacked_normal,False,False,2.8
4043,syn_004043.png,images/syn_004043.png,C0.3,C0.3,,,simple_chamfer,False,False,-30.06
4044,syn_004044.png,images/syn_004044.png,"90° 55' 22""","90° 55' 22""",,,angle_dms_full,False,False,-15.22
4045,syn_004045.png,images/syn_004045.png,R4.026±0.015,R4.026,+0.015,-0.015,symmetric_tight,False,False,5.61
4046,syn_004046.png,images/syn_004046.png,15.314 0/-0.015,15.314,0,-0.015,stacked_fraction,True,False,-0.79
4047,syn_004047.png,images/syn_004047.png,50.00 -0.001/-0.003,50.00,-0.001,-0.003,stacked_fraction,True,False,-0.91
4048,syn_004048.png,images/syn_004048.png,0.1968 +0.05/0,0.1968,+0.05,0,stacked_fraction,True,False,-0.17
4049,syn_004049.png,images/syn_004049.png,Ø12.150 0/-0.005,Ø12.150,0,-0.005,stacked_normal,False,False,0.62
4050,syn_004050.png,images/syn_004050.png,57.63,57.63,,,simple_nominal_plain,False,False,-0.2
4051,syn_004051.png,images/syn_004051.png,76.441,76.441,,,simple_nominal_plain,False,False,-0.47
4052,syn_004052.png,images/syn_004052.png,12.150 +0.03/0,12.150,+0.03,0,stacked_fraction,True,False,0.34
4053,syn_004053.png,images/syn_004053.png,"25° 50' 58""","25° 50' 58""",,,angle_dms_full,False,False,-0.37
4054,syn_004054.png,images/syn_004054.png,30°43',30°43',,,angle_dms_min,False,False,-13.72
4055,syn_004055.png,images/syn_004055.png,90°53',90°53',,,angle_dms_min,False,False,-0.59
4056,syn_004056.png,images/syn_004056.png,Ø20 +0.002/0,Ø20,+0.002,0,stacked_normal,False,False,0.09
4057,syn_004057.png,images/syn_004057.png,81.633 +0.02/0,81.633,+0.02,0,stacked_normal,False,False,0.07
4058,syn_004058.png,images/syn_004058.png,Ø56.003 +0.005/+0.002,Ø56.003,+0.005,+0.002,stacked_normal,False,False,-0.33
4059,syn_004059.png,images/syn_004059.png,R12.50 +0.007/+0.002,R12.50,+0.007,+0.002,stacked_fraction,True,False,-0.57
4060,syn_004060.png,images/syn_004060.png,33.613 0/-0.01,33.613,0,-0.01,stacked_normal,False,False,-0.09
4061,syn_004061.png,images/syn_004061.png,35.726 -0.003/-0.008,35.726,-0.003,-0.008,stacked_fraction,True,False,-0.78
4062,syn_004062.png,images/syn_004062.png,72.320 -0.003/-0.006,72.320,-0.003,-0.006,stacked_normal,False,False,0.42
4063,syn_004063.png,images/syn_004063.png,Ø5 0/-0.002,Ø5,0,-0.002,stacked_fraction,True,False,0.52
4064,syn_004064.png,images/syn_004064.png,Ø19.834±0.015,Ø19.834,+0.015,-0.015,symmetric_tight,False,False,0.33
4065,syn_004065.png,images/syn_004065.png,Ø60 +0.01/-0.02,Ø60,+0.01,-0.02,stacked_normal,False,False,0.16
4066,syn_004066.png,images/syn_004066.png,5.04 0/-0.03,5.04,0,-0.03,stacked_fraction,True,False,-0.34
4067,syn_004067.png,images/syn_004067.png,Ø51.001 +0.05/-0.005,Ø51.001,+0.05,-0.005,stacked_normal,False,False,0.17
4068,syn_004068.png,images/syn_004068.png,R12 +0.015/-0.03,R12,+0.015,-0.03,stacked_normal,False,False,0.49
4069,syn_004069.png,images/syn_004069.png,R0.3016 0/-0.015,R0.3016,0,-0.015,stacked_normal,False,False,-0.48
4070,syn_004070.png,images/syn_004070.png,14.941 -0.01/-0.015,14.941,-0.01,-0.015,stacked_fraction,True,False,3.63
4071,syn_004071.png,images/syn_004071.png,68.298 0/-0.002,68.298,0,-0.002,stacked_normal,False,False,-0.13
4072,syn_004072.png,images/syn_004072.png,Ø12.150±0.005,Ø12.150,+0.005,-0.005,symmetric_tight,False,False,4.84
4073,syn_004073.png,images/syn_004073.png,2X Ø5,2X Ø5,,,simple_thread_qty,False,False,0.45
4074,syn_004074.png,images/syn_004074.png,Ø73.65 0/-0.05,Ø73.65,0,-0.05,stacked_normal,False,False,-0.94
4075,syn_004075.png,images/syn_004075.png,10.50 +0.05/0,10.50,+0.05,0,stacked_fraction,True,False,-0.53
4076,syn_004076.png,images/syn_004076.png,C0.3199 +0.005/0,C0.3199,+0.005,0,stacked_normal,False,False,-0.72
4077,syn_004077.png,images/syn_004077.png,C0.5,C0.5,,,simple_chamfer,False,False,0.74
4078,syn_004078.png,images/syn_004078.png,Ø12.50±0.05,Ø12.50,+0.05,-0.05,symmetric_tight,False,False,-0.65
4079,syn_004079.png,images/syn_004079.png,28.110 +0.01/-0.005,28.110,+0.01,-0.005,stacked_normal,False,False,0.79
4080,syn_004080.png,images/syn_004080.png,79.722 0/-0.05,79.722,0,-0.05,stacked_fraction,True,False,-0.43
4081,syn_004081.png,images/syn_004081.png,"60° 41' 36""","60° 41' 36""",,,angle_dms_full,False,False,0.69
4082,syn_004082.png,images/syn_004082.png,26.197 -0.005/-0.008,26.197,-0.005,-0.008,stacked_fraction,True,False,-0.58
4083,syn_004083.png,images/syn_004083.png,60.011 +0.005/+0.002,60.011,+0.005,+0.002,stacked_fraction,True,False,0.4
4084,syn_004084.png,images/syn_004084.png,4.04±0.01,4.04,+0.01,-0.01,symmetric_tight,False,False,0.22
4085,syn_004085.png,images/syn_004085.png,90°±10',90°,+10',-10',angle_dms_tol,False,False,-61.14
4086,syn_004086.png,images/syn_004086.png,14.941 +0.013/+0.01,14.941,+0.013,+0.01,stacked_normal,False,False,-0.38
4087,syn_004087.png,images/syn_004087.png,50.00 -0.001/-0.006,50.00,-0.001,-0.006,stacked_normal,False,False,-0.53
4088,syn_004088.png,images/syn_004088.png,30°±5',30°,+5',-5',angle_dms_tol,False,False,-0.79
4089,syn_004089.png,images/syn_004089.png,C0.3443 0/-0.03,C0.3443,0,-0.03,stacked_fraction,True,False,-0.61
4090,syn_004090.png,images/syn_004090.png,15.80±0.02,15.80,+0.02,-0.02,symmetric_tight,False,False,-0.55
4091,syn_004091.png,images/syn_004091.png,50 +0.005/0,50,+0.005,0,stacked_normal,False,False,-0.33
4092,syn_004092.png,images/syn_004092.png,R0.05 MIN,R0.05 MIN,,,simple_radius_corner,False,False,0.07
4093,syn_004093.png,images/syn_004093.png,5 0/-0.002,5,0,-0.002,stacked_normal,False,False,0.53
4094,syn_004094.png,images/syn_004094.png,1.047°,1.047°,,,angle_decimal_deg,False,False,-0.21
4095,syn_004095.png,images/syn_004095.png,Ø12.50 -0.005/-0.008,Ø12.50,-0.005,-0.008,stacked_fraction,True,False,-0.31
4096,syn_004096.png,images/syn_004096.png,R2MAX,R2MAX,,,simple_radius_corner,False,False,31.05
4097,syn_004097.png,images/syn_004097.png,Ø0.3198 -0.001/-0.003,Ø0.3198,-0.001,-0.003,stacked_fraction,True,False,-0.07
4098,syn_004098.png,images/syn_004098.png,C0.15,C0.15,,,simple_chamfer,False,False,-0.35
4099,syn_004099.png,images/syn_004099.png,34.871±0.002,34.871,+0.002,-0.002,symmetric_tight,False,False,0.71
4100,syn_004100.png,images/syn_004100.png,31.507 0/-0.02,31.507,0,-0.02,stacked_fraction,True,False,0.49
4101,syn_004101.png,images/syn_004101.png,8.308 +0.015/+0.01,8.308,+0.015,+0.01,stacked_fraction,True,False,-0.05
4102,syn_004102.png,images/syn_004102.png,"60°51'43""","60°51'43""",,,angle_dms_full,False,False,-0.37
4103,syn_004103.png,images/syn_004103.png,Ø5 0/-0.05,Ø5,0,-0.05,stacked_fraction,True,False,-0.77
4104,syn_004104.png,images/syn_004104.png,12.155 +0.015/0,12.155,+0.015,0,stacked_normal,False,False,-0.56
4105,syn_004105.png,images/syn_004105.png,0.2604 -0.003/-0.006,0.2604,-0.003,-0.006,stacked_normal,False,False,0.02
4106,syn_004106.png,images/syn_004106.png,30 0/-0.005,30,0,-0.005,stacked_normal,False,False,0.52
4107,syn_004107.png,images/syn_004107.png,Ø77.158 +0.02/-0.03,Ø77.158,+0.02,-0.03,stacked_normal,False,False,0.8
4108,syn_004108.png,images/syn_004108.png,0.290 0/-0.02,0.290,0,-0.02,stacked_fraction,True,False,0.22
4109,syn_004109.png,images/syn_004109.png,Ø12.160 -0.001/-0.004,Ø12.160,-0.001,-0.004,stacked_normal,False,False,-0.01
4110,syn_004110.png,images/syn_004110.png,Ø0.3472 -0.003/-0.005,Ø0.3472,-0.003,-0.005,stacked_normal,False,False,0.58
4111,syn_004111.png,images/syn_004111.png,73.65 REF,73.65 REF,,,simple_boxed_ref,False,False,0.65
4112,syn_004112.png,images/syn_004112.png,12.50 0/-0.005,12.50,0,-0.005,stacked_normal,False,False,0.09
4113,syn_004113.png,images/syn_004113.png,11.89 -0.01/-0.012,11.89,-0.01,-0.012,stacked_normal,False,False,-0.7
4114,syn_004114.png,images/syn_004114.png,Ø10.599 +0.003/0,Ø10.599,+0.003,0,stacked_fraction,True,False,0.26
4115,syn_004115.png,images/syn_004115.png,47.820 0/-0.003,47.820,0,-0.003,stacked_normal,False,False,-0.38
4116,syn_004116.png,images/syn_004116.png,Ø25.795 +0.003/0,Ø25.795,+0.003,0,stacked_fraction,True,False,0.51
4117,syn_004117.png,images/syn_004117.png,0.2904 -0.003/-0.008,0.2904,-0.003,-0.008,stacked_normal,False,False,-0.59
4118,syn_004118.png,images/syn_004118.png,C47.594 +0.02/0,C47.594,+0.02,0,stacked_normal,False,False,0.74
4119,syn_004119.png,images/syn_004119.png,30.277 +0.05/0,30.277,+0.05,0,stacked_fraction,True,False,0.02
4120,syn_004120.png,images/syn_004120.png,C0.652 +0.015/0,C0.652,+0.015,0,stacked_normal,False,False,0.15
4121,syn_004121.png,images/syn_004121.png,12.155 +0.003/0,12.155,+0.003,0,stacked_normal,False,False,0.61
4122,syn_004122.png,images/syn_004122.png,R24.50 0/-0.002,R24.50,0,-0.002,stacked_fraction,True,False,-0.33
4123,syn_004123.png,images/syn_004123.png,C0.0834 -0.001/-0.006,C0.0834,-0.001,-0.006,stacked_fraction,True,False,0.16
4124,syn_004124.png,images/syn_004124.png,C14.941 -0.002/-0.004,C14.941,-0.002,-0.004,stacked_normal,False,False,0.78
4125,syn_004125.png,images/syn_004125.png,0°46',0°46',,,angle_dms_min,False,False,0.8
4126,syn_004126.png,images/syn_004126.png,35.726±0.02,35.726,+0.02,-0.02,symmetric_tight,False,False,0.51
4127,syn_004127.png,images/syn_004127.png,Ø16 +0.015/0,Ø16,+0.015,0,stacked_fraction,True,False,-0.8
4128,syn_004128.png,images/syn_004128.png,75,75,,,simple_nominal_plain,False,False,0.24
4129,syn_004129.png,images/syn_004129.png,12.50 0/-0.015,12.50,0,-0.015,stacked_fraction,True,False,-0.4
4130,syn_004130.png,images/syn_004130.png,Ø6,Ø6,,,simple_diameter,False,False,-0.17
4131,syn_004131.png,images/syn_004131.png,73.65 0/-0.008,73.65,0,-0.008,stacked_normal,False,False,0.59
4132,syn_004132.png,images/syn_004132.png,R0.25,R0.25,,,simple_radius_corner,False,False,30.94
4133,syn_004133.png,images/syn_004133.png,69.090±0.015,69.090,+0.015,-0.015,symmetric_tight,False,False,0.74
4134,syn_004134.png,images/syn_004134.png,33.613 +0.006/+0.001,33.613,+0.006,+0.001,stacked_fraction,True,False,-0.32
4135,syn_004135.png,images/syn_004135.png,Ø0.652 +0.005/0,Ø0.652,+0.005,0,stacked_normal,False,False,0.24
4136,syn_004136.png,images/syn_004136.png,14.941 +0.005/-0.005,14.941,+0.005,-0.005,stacked_normal,False,False,-0.03
4137,syn_004137.png,images/syn_004137.png,30°±0.5°,30°,+0.5°,-0.5°,angle_dms_tol,False,False,-45.49
4138,syn_004138.png,images/syn_004138.png,"89°57'51""","89°57'51""",,,angle_dms_full,False,False,46.16
4139,syn_004139.png,images/syn_004139.png,0.941 +0.02/0,0.941,+0.02,0,stacked_fraction,True,False,0.34
4140,syn_004140.png,images/syn_004140.png,4.04 +0.005/0,4.04,+0.005,0,stacked_fraction,True,False,-0.73
4141,syn_004141.png,images/syn_004141.png,R0.5,R0.5,,,simple_radius_corner,False,False,0.79
4142,syn_004142.png,images/syn_004142.png,12 +0.05/0,12,+0.05,0,stacked_normal,False,False,0.36
4143,syn_004143.png,images/syn_004143.png,15°59',15°59',,,angle_dms_min,False,False,0.7
4144,syn_004144.png,images/syn_004144.png,36.889 +0.002/0,36.889,+0.002,0,stacked_fraction,True,False,-0.45
4145,syn_004145.png,images/syn_004145.png,C0.25,C0.25,,,simple_chamfer,False,False,-44.27
4146,syn_004146.png,images/syn_004146.png,Ø59.396 0/-0.015,Ø59.396,0,-0.015,stacked_normal,False,False,0.33
4147,syn_004147.png,images/syn_004147.png,Ø31.368 +0.02/0,Ø31.368,+0.02,0,stacked_fraction,True,False,0.72
4148,syn_004148.png,images/syn_004148.png,Ø5 +0.005/0,Ø5,+0.005,0,stacked_fraction,True,False,-0.4
4149,syn_004149.png,images/syn_004149.png,0.0568 +0.002/0,0.0568,+0.002,0,stacked_fraction,True,False,0.47
4150,syn_004150.png,images/syn_004150.png,21.443 +0.05/0,21.443,+0.05,0,stacked_fraction,True,False,0.16
4151,syn_004151.png,images/syn_004151.png,50.00 +0.003/0,50.00,+0.003,0,stacked_fraction,True,False,0.43
4152,syn_004152.png,images/syn_004152.png,8.308 -0.001/-0.003,8.308,-0.001,-0.003,stacked_fraction,True,False,-0.68
4153,syn_004153.png,images/syn_004153.png,50.00 0/-0.008,50.00,0,-0.008,stacked_fraction,True,False,-0.71
4154,syn_004154.png,images/syn_004154.png,Ø10,Ø10,,,simple_diameter,False,False,0.32
4155,syn_004155.png,images/syn_004155.png,Ø2.75 -0.002/-0.004,Ø2.75,-0.002,-0.004,stacked_fraction,True,False,0.52
4156,syn_004156.png,images/syn_004156.png,Ø0.2538 -0.002/-0.005,Ø0.2538,-0.002,-0.005,stacked_normal,False,False,0.1
4157,syn_004157.png,images/syn_004157.png,Ø4.04 +0.02/0,Ø4.04,+0.02,0,stacked_fraction,True,False,0.38
4158,syn_004158.png,images/syn_004158.png,Ø19.786 -0.001/-0.006,Ø19.786,-0.001,-0.006,stacked_normal,False,False,5.3
4159,syn_004159.png,images/syn_004159.png,25 +0.03/0,25,+0.03,0,stacked_normal,False,False,0.13
4160,syn_004160.png,images/syn_004160.png,"15°43'12""","15°43'12""",,,angle_dms_full,False,False,16.47
4161,syn_004161.png,images/syn_004161.png,30°,30°,,,simple_angle_simple,False,False,-0.17
4162,syn_004162.png,images/syn_004162.png,65.942 +0.01/-0.03,65.942,+0.01,-0.03,stacked_normal,False,False,-0.46
4163,syn_004163.png,images/syn_004163.png,4.026 +0.004/+0.001,4.026,+0.004,+0.001,stacked_normal,False,False,0.31
4164,syn_004164.png,images/syn_004164.png,24.50±0.1,24.50,+0.1,-0.1,symmetric_tight,False,False,-0.5
4165,syn_004165.png,images/syn_004165.png,C0.5,C0.5,,,simple_chamfer,False,False,-0.58
4166,syn_004166.png,images/syn_004166.png,R4.04 0/-0.05,R4.04,0,-0.05,stacked_fraction,True,False,0.15
4167,syn_004167.png,images/syn_004167.png,25 0/-0.005,25,0,-0.005,stacked_normal,False,False,-0.41
4168,syn_004168.png,images/syn_004168.png,26.197 +0.003/0,26.197,+0.003,0,stacked_normal,False,False,-3.77
4169,syn_004169.png,images/syn_004169.png,Ø0.0466 +0.003/0,Ø0.0466,+0.003,0,stacked_normal,False,False,0.05
4170,syn_004170.png,images/syn_004170.png,(73.65),(73.65),,,simple_boxed_ref,False,False,0.52
4171,syn_004171.png,images/syn_004171.png,57.63 +0.007/+0.005,57.63,+0.007,+0.005,stacked_fraction,True,False,-0.14
4172,syn_004172.png,images/syn_004172.png,89.260±0.01,89.260,+0.01,-0.01,symmetric_tight,False,False,0.48
4173,syn_004173.png,images/syn_004173.png,15.80 -0.001/-0.003,15.80,-0.001,-0.003,stacked_fraction,True,False,0.6
4174,syn_004174.png,images/syn_004174.png,4X Ø6.5,4X Ø6.5,,,simple_thread_qty,False,False,-0.39
4175,syn_004175.png,images/syn_004175.png,C0.2,C0.2,,,simple_chamfer,False,False,29.09
4176,syn_004176.png,images/syn_004176.png,47.821 +0.005/-0.01,47.821,+0.005,-0.01,stacked_fraction,True,False,-0.5
4177,syn_004177.png,images/syn_004177.png,Ø16.350 0/-0.05,Ø16.350,0,-0.05,stacked_fraction,True,False,-0.5
4178,syn_004178.png,images/syn_004178.png,M24.50 +0.01/0,M24.50,+0.01,0,stacked_normal,False,False,0.44
4179,syn_004179.png,images/syn_004179.png,C1.0,C1.0,,,simple_chamfer,False,False,-0.39
4180,syn_004180.png,images/syn_004180.png,44.587,44.587,,,simple_nominal_plain,False,False,0.01
4181,syn_004181.png,images/syn_004181.png,"89°42'58""","89°42'58""",,,angle_dms_full,False,False,45.99
4182,syn_004182.png,images/syn_004182.png,90°±1°,90°,+1°,-1°,angle_dms_tol,False,False,29.84
4183,syn_004183.png,images/syn_004183.png,61.653±0.02,61.653,+0.02,-0.02,symmetric_tight,False,False,-0.65
4184,syn_004184.png,images/syn_004184.png,73.65 +0.01/-0.005,73.65,+0.01,-0.005,stacked_fraction,True,False,-5.59
4185,syn_004185.png,images/syn_004185.png,C0.1,C0.1,,,simple_chamfer,False,False,-16.02
4186,syn_004186.png,images/syn_004186.png,45°,45°,,,simple_angle_simple,False,False,45.7
4187,syn_004187.png,images/syn_004187.png,Ø10.50 +0.003/0,Ø10.50,+0.003,0,stacked_fraction,True,False,2.67
4188,syn_004188.png,images/syn_004188.png,R0.1MIN,R0.1MIN,,,simple_radius_corner,False,False,45.06
4189,syn_004189.png,images/syn_004189.png,50.819±0.002,50.819,+0.002,-0.002,symmetric_tight,False,False,0.53
4190,syn_004190.png,images/syn_004190.png,59.531 0/-0.01,59.531,0,-0.01,stacked_normal,False,False,0.78
4191,syn_004191.png,images/syn_004191.png,Ø2.75 +0.02/-0.005,Ø2.75,+0.02,-0.005,stacked_normal,False,False,-0.25
4192,syn_004192.png,images/syn_004192.png,0.941 +0.05/-0.01,0.941,+0.05,-0.01,stacked_fraction,True,False,-0.33
4193,syn_004193.png,images/syn_004193.png,4.026 0/-0.015,4.026,0,-0.015,stacked_fraction,True,False,0.72
4194,syn_004194.png,images/syn_004194.png,R0.0390 -0.003/-0.006,R0.0390,-0.003,-0.006,stacked_normal,False,False,-0.23
4195,syn_004195.png,images/syn_004195.png,0.652±0.015,0.652,+0.015,-0.015,symmetric_tight,False,False,-0.67
4196,syn_004196.png,images/syn_004196.png,4.04 +0.005/0,4.04,+0.005,0,stacked_fraction,True,False,0.4
4197,syn_004197.png,images/syn_004197.png,Ø11.752±0.002,Ø11.752,+0.002,-0.002,symmetric_tight,False,False,0.46
4198,syn_004198.png,images/syn_004198.png,12.155±0.025,12.155,+0.025,-0.025,symmetric_tight,False,False,-0.7
4199,syn_004199.png,images/syn_004199.png,R25 +0.003/0,R25,+0.003,0,stacked_normal,False,False,0.08
4200,syn_004200.png,images/syn_004200.png,1.25°,1.25°,,,angle_decimal_deg,False,False,-0.03
4201,syn_004201.png,images/syn_004201.png,50.00±0.1,50.00,+0.1,-0.1,symmetric_tight,False,False,3.84
4202,syn_004202.png,images/syn_004202.png,12.155±0.015,12.155,+0.015,-0.015,symmetric_tight,False,False,4.1
4203,syn_004203.png,images/syn_004203.png,C2.0,C2.0,,,simple_chamfer,False,False,-61.14
4204,syn_004204.png,images/syn_004204.png,60 +0.03/0,60,+0.03,0,stacked_normal,False,False,0.61
4205,syn_004205.png,images/syn_004205.png,Ø34.972 +0.05/0,Ø34.972,+0.05,0,stacked_normal,False,False,0.52
4206,syn_004206.png,images/syn_004206.png,4x M6,4x M6,,,simple_thread_qty,False,False,-0.58
4207,syn_004207.png,images/syn_004207.png,12° 37',12° 37',,,angle_dms_min,False,False,0.21
4208,syn_004208.png,images/syn_004208.png,"30°2'38""","30°2'38""",,,angle_dms_full,False,False,-0.68
4209,syn_004209.png,images/syn_004209.png,24.50 0/-0.005,24.50,0,-0.005,stacked_normal,False,False,0.55
4210,syn_004210.png,images/syn_004210.png,Ø0.2953 0/-0.008,Ø0.2953,0,-0.008,stacked_fraction,True,False,-0.67
4211,syn_004211.png,images/syn_004211.png,4X Ø6.5,4X Ø6.5,,,simple_thread_qty,False,False,-0.03
4212,syn_004212.png,images/syn_004212.png,C3.032 +0.005/-0.002,C3.032,+0.005,-0.002,stacked_normal,False,False,-0.08
4213,syn_004213.png,images/syn_004213.png,R3MAX,R3MAX,,,simple_radius_corner,False,False,-0.42
4214,syn_004214.png,images/syn_004214.png,Ø45.236 +0.05/-0.02,Ø45.236,+0.05,-0.02,stacked_fraction,True,False,-0.21
4215,syn_004215.png,images/syn_004215.png,16 +0.012/+0.01,16,+0.012,+0.01,stacked_fraction,True,False,-0.1
4216,syn_004216.png,images/syn_004216.png,4.04 +0.015/0,4.04,+0.015,0,stacked_fraction,True,False,0.32
4217,syn_004217.png,images/syn_004217.png,Ø24.5,Ø24.5,,,simple_diameter,False,False,-0.01
4218,syn_004218.png,images/syn_004218.png,0.25 REF,0.25 REF,,,simple_boxed_ref,False,False,-0.35
4219,syn_004219.png,images/syn_004219.png,Ø75.460 +0.012/+0.01,Ø75.460,+0.012,+0.01,stacked_fraction,True,False,0.75
4220,syn_004220.png,images/syn_004220.png,66.142±0.1,66.142,+0.1,-0.1,symmetric_tight,False,False,-0.01
4221,syn_004221.png,images/syn_004221.png,R63.757 +0.003/+0.001,R63.757,+0.003,+0.001,stacked_fraction,True,False,-0.61
4222,syn_004222.png,images/syn_004222.png,C4.04 -0.003/-0.005,C4.04,-0.003,-0.005,stacked_normal,False,False,0.36
4223,syn_004223.png,images/syn_004223.png,75.202 -0.01/-0.012,75.202,-0.01,-0.012,stacked_fraction,True,False,-0.05
4224,syn_004224.png,images/syn_004224.png,52.004 0/-0.015,52.004,0,-0.015,stacked_fraction,True,False,0.75
4225,syn_004225.png,images/syn_004225.png,8 +0.02/-0.02,8,+0.02,-0.02,stacked_normal,False,False,-0.5
4226,syn_004226.png,images/syn_004226.png,Ø17.019±0.025,Ø17.019,+0.025,-0.025,symmetric_tight,False,False,-0.27
4227,syn_004227.png,images/syn_004227.png,3.032 +0.02/0,3.032,+0.02,0,stacked_fraction,True,False,-0.51
4228,syn_004228.png,images/syn_004228.png,Ø94.998 +0.005/0,Ø94.998,+0.005,0,stacked_fraction,True,False,0.28
4229,syn_004229.png,images/syn_004229.png,12.50 +0.01/-0.01,12.50,+0.01,-0.01,stacked_fraction,True,False,-0.3
4230,syn_004230.png,images/syn_004230.png,Ø15.423 0/-0.01,Ø15.423,0,-0.01,stacked_fraction,True,False,0.77
4231,syn_004231.png,images/syn_004231.png,57.63 +0.004/+0.001,57.63,+0.004,+0.001,stacked_fraction,True,False,0.16
4232,syn_004232.png,images/syn_004232.png,86.177 0/-0.01,86.177,0,-0.01,stacked_normal,False,False,-0.23
4233,syn_004233.png,images/syn_004233.png,12.5°,12.5°,,,angle_decimal_deg,False,False,31.15
4234,syn_004234.png,images/syn_004234.png,73.65 +0.02/0,73.65,+0.02,0,stacked_fraction,True,False,-0.02
4235,syn_004235.png,images/syn_004235.png,7.525 +0.015/-0.02,7.525,+0.015,-0.02,stacked_normal,False,False,0.47
4236,syn_004236.png,images/syn_004236.png,R86.366 -0.005/-0.008,R86.366,-0.005,-0.008,stacked_fraction,True,False,-0.33
4237,syn_004237.png,images/syn_004237.png,C6.306±0.05,C6.306,+0.05,-0.05,symmetric_tight,False,False,-0.52
4238,syn_004238.png,images/syn_004238.png,0.0981 -0.01/-0.012,0.0981,-0.01,-0.012,stacked_fraction,True,False,0.06
4239,syn_004239.png,images/syn_004239.png,36.458 +0.005/0,36.458,+0.005,0,stacked_fraction,True,False,-0.22
4240,syn_004240.png,images/syn_004240.png,2.351 0/-0.008,2.351,0,-0.008,stacked_fraction,True,False,4.97
4241,syn_004241.png,images/syn_004241.png,R0.03 MAX,R0.03 MAX,,,simple_radius_corner,False,False,28.55
4242,syn_004242.png,images/syn_004242.png,Ø1.998 0/-0.003,Ø1.998,0,-0.003,stacked_fraction,True,False,-0.24
4243,syn_004243.png,images/syn_004243.png,20 +0.007/+0.005,20,+0.007,+0.005,stacked_fraction,True,False,-1.66
4244,syn_004244.png,images/syn_004244.png,R0.3674±0.05,R0.3674,+0.05,-0.05,symmetric_tight,False,False,-0.08
4245,syn_004245.png,images/syn_004245.png,Ø10.50 0/-0.01,Ø10.50,0,-0.01,stacked_fraction,True,False,-0.05
4246,syn_004246.png,images/syn_004246.png,8 -0.002/-0.007,8,-0.002,-0.007,stacked_normal,False,False,-0.12
4247,syn_004247.png,images/syn_004247.png,12.155 +0.02/-0.03,12.155,+0.02,-0.03,stacked_normal,False,False,-0.31
4248,syn_004248.png,images/syn_004248.png,28.65°,28.65°,,,angle_decimal_deg,False,False,-0.5
4249,syn_004249.png,images/syn_004249.png,5.04 +0.03/0,5.04,+0.03,0,stacked_normal,False,False,-0.07
4250,syn_004250.png,images/syn_004250.png,Ø5.04 +0.004/+0.001,Ø5.04,+0.004,+0.001,stacked_fraction,True,False,0.13
4251,syn_004251.png,images/syn_004251.png,"75°19'21""","75°19'21""",,,angle_dms_full,False,False,-30.64
4252,syn_004252.png,images/syn_004252.png,Ø3.878 0/-0.03,Ø3.878,0,-0.03,stacked_normal,False,False,-0.25
4253,syn_004253.png,images/syn_004253.png,C1.5,C1.5,,,simple_chamfer,False,False,-45.19
4254,syn_004254.png,images/syn_004254.png,25 +0.05/0,25,+0.05,0,stacked_normal,False,False,0.38
4255,syn_004255.png,images/syn_004255.png,57.63 0/-0.005,57.63,0,-0.005,stacked_normal,False,False,-0.58
4256,syn_004256.png,images/syn_004256.png,0.1588 0/-0.002,0.1588,0,-0.002,stacked_normal,False,False,-0.26
4257,syn_004257.png,images/syn_004257.png,60°,60°,,,simple_angle_simple,False,False,0.23
4258,syn_004258.png,images/syn_004258.png,R0.12,R0.12,,,simple_radius_corner,False,False,14.75
4259,syn_004259.png,images/syn_004259.png,26.197 +0.05/0,26.197,+0.05,0,stacked_normal,False,False,0.48
4260,syn_004260.png,images/syn_004260.png,79.212±0.01,79.212,+0.01,-0.01,symmetric_tight,False,False,-0.26
4261,syn_004261.png,images/syn_004261.png,0.5,0.5,,,simple_nominal_plain,False,False,-0.46
4262,syn_004262.png,images/syn_004262.png,C1.5,C1.5,,,simple_chamfer,False,False,-0.47
4263,syn_004263.png,images/syn_004263.png,100 0/-0.02,100,0,-0.02,stacked_fraction,True,False,0.24
4264,syn_004264.png,images/syn_004264.png,C0.25,C0.25,,,simple_chamfer,False,False,0.1
4265,syn_004265.png,images/syn_004265.png,Ø32.826±0.1,Ø32.826,+0.1,-0.1,symmetric_tight,False,False,-0.41
4266,syn_004266.png,images/syn_004266.png,Ø77.364 0/-0.05,Ø77.364,0,-0.05,stacked_normal,False,False,-0.56
4267,syn_004267.png,images/syn_004267.png,R12.50±0.02,R12.50,+0.02,-0.02,symmetric_tight,False,False,0.05
4268,syn_004268.png,images/syn_004268.png,14.941 0/-0.015,14.941,0,-0.015,stacked_fraction,True,False,-0.63
4269,syn_004269.png,images/syn_004269.png,60° 38',60° 38',,,angle_dms_min,False,False,60.02
4270,syn_004270.png,images/syn_004270.png,26.313±0.1,26.313,+0.1,-0.1,symmetric_tight,False,False,-0.44
4271,syn_004271.png,images/syn_004271.png,R1.5MAX,R1.5MAX,,,simple_radius_corner,False,False,14.29
4272,syn_004272.png,images/syn_004272.png,30°44',30°44',,,angle_dms_min,False,False,-45.5
4273,syn_004273.png,images/syn_004273.png,Ø12.150 0/-0.003,Ø12.150,0,-0.003,stacked_fraction,True,False,-0.7
4274,syn_004274.png,images/syn_004274.png,Ø77.318 0/-0.002,Ø77.318,0,-0.002,stacked_normal,False,False,-0.16
4275,syn_004275.png,images/syn_004275.png,120°50',120°50',,,angle_dms_min,False,False,31.43
4276,syn_004276.png,images/syn_004276.png,Ø12.155,Ø12.155,,,simple_diameter,False,False,-0.1
4277,syn_004277.png,images/syn_004277.png,4x M6,4x M6,,,simple_thread_qty,False,False,0.2
4278,syn_004278.png,images/syn_004278.png,0.25 +0.003/0,0.25,+0.003,0,stacked_fraction,True,False,-0.56
4279,syn_004279.png,images/syn_004279.png,Ø32 -0.002/-0.007,Ø32,-0.002,-0.007,stacked_fraction,True,False,-0.31
4280,syn_004280.png,images/syn_004280.png,15.80 0/-0.02,15.80,0,-0.02,stacked_fraction,True,False,-0.19
4281,syn_004281.png,images/syn_004281.png,0.941 +0.015/-0.02,0.941,+0.015,-0.02,stacked_normal,False,False,-0.54
4282,syn_004282.png,images/syn_004282.png,0.0063±0.005,0.0063,+0.005,-0.005,symmetric_tight,False,False,0.22
4283,syn_004283.png,images/syn_004283.png,Ø15.80 -0.01/-0.013,Ø15.80,-0.01,-0.013,stacked_fraction,True,False,-0.2
4284,syn_004284.png,images/syn_004284.png,2.797±0.01,2.797,+0.01,-0.01,symmetric_tight,False,False,0.31
4285,syn_004285.png,images/syn_004285.png,Ø25±0.1,Ø25,+0.1,-0.1,symmetric_tight,False,False,-0.56
4286,syn_004286.png,images/syn_004286.png,"1°59'31""","1°59'31""",,,angle_dms_full,False,False,-0.59
4287,syn_004287.png,images/syn_004287.png,74.226 0/-0.005,74.226,0,-0.005,stacked_fraction,True,False,0.36
4288,syn_004288.png,images/syn_004288.png,R1.5 MIN,R1.5 MIN,,,simple_radius_corner,False,False,-0.55
4289,syn_004289.png,images/syn_004289.png,24.50 +0.05/0,24.50,+0.05,0,stacked_fraction,True,False,-0.44
4290,syn_004290.png,images/syn_004290.png,4.04 +0.01/0,4.04,+0.01,0,stacked_normal,False,False,0.72
4291,syn_004291.png,images/syn_004291.png,C50 0/-0.02,C50,0,-0.02,stacked_fraction,True,False,-0.36
4292,syn_004292.png,images/syn_004292.png,M7.525 +0.01/-0.03,M7.525,+0.01,-0.03,stacked_fraction,True,False,0.77
4293,syn_004293.png,images/syn_004293.png,Ø24.50±0.05,Ø24.50,+0.05,-0.05,symmetric_tight,False,False,-0.65
4294,syn_004294.png,images/syn_004294.png,Ø11.89 +0.005/+0.002,Ø11.89,+0.005,+0.002,stacked_fraction,True,False,-0.59
4295,syn_004295.png,images/syn_004295.png,70.272±0.025,70.272,+0.025,-0.025,symmetric_tight,False,False,-0.32
4296,syn_004296.png,images/syn_004296.png,0.008 +0.01/+0.005,0.008,+0.01,+0.005,stacked_normal,False,False,0.75
4297,syn_004297.png,images/syn_004297.png,90°22',90°22',,,angle_dms_min,False,False,44.21
4298,syn_004298.png,images/syn_004298.png,Ø49.082 +0.003/0,Ø49.082,+0.003,0,stacked_fraction,True,False,0.27
4299,syn_004299.png,images/syn_004299.png,45°±10',45°,+10',-10',angle_dms_tol,False,False,-16.26
4300,syn_004300.png,images/syn_004300.png,0.008 +0.005/0,0.008,+0.005,0,stacked_normal,False,False,0.52
4301,syn_004301.png,images/syn_004301.png,26.635,26.635,,,simple_nominal_plain,False,False,-0.76
4302,syn_004302.png,images/syn_004302.png,0.4271±0.005,0.4271,+0.005,-0.005,symmetric_tight,False,False,-0.5
4303,syn_004303.png,images/syn_004303.png,Ø0.2620 0/-0.002,Ø0.2620,0,-0.002,stacked_normal,False,False,-0.3
4304,syn_004304.png,images/syn_004304.png,Ø7.525 0/-0.002,Ø7.525,0,-0.002,stacked_normal,False,False,0.69
4305,syn_004305.png,images/syn_004305.png,Ø54.406 +0.05/-0.005,Ø54.406,+0.05,-0.005,stacked_normal,False,False,-0.12
4306,syn_004306.png,images/syn_004306.png,25.828 0/-0.002,25.828,0,-0.002,stacked_normal,False,False,1.6
4307,syn_004307.png,images/syn_004307.png,R40±0.02,R40,+0.02,-0.02,symmetric_tight,False,False,-0.1
4308,syn_004308.png,images/syn_004308.png,R0.1458±0.002,R0.1458,+0.002,-0.002,symmetric_tight,False,False,-0.02
4309,syn_004309.png,images/syn_004309.png,45°±0.5°,45°,+0.5°,-0.5°,angle_dms_tol,False,False,-0.46
4310,syn_004310.png,images/syn_004310.png,R0.1MAX,R0.1MAX,,,simple_radius_corner,False,False,15.25
4311,syn_004311.png,images/syn_004311.png,12.160 +0.005/-0.01,12.160,+0.005,-0.01,stacked_fraction,True,False,0.64
4312,syn_004312.png,images/syn_004312.png,13.769,13.769,,,simple_nominal_plain,False,False,0.76
4313,syn_004313.png,images/syn_004313.png,Ø57.63 +0.01/0,Ø57.63,+0.01,0,stacked_fraction,True,False,0.7
4314,syn_004314.png,images/syn_004314.png,Ø73.65±0.1,Ø73.65,+0.1,-0.1,symmetric_tight,False,False,0.29
4315,syn_004315.png,images/syn_004315.png,15°18',15°18',,,angle_dms_min,False,False,-60.02
4316,syn_004316.png,images/syn_004316.png,M10.50±0.02,M10.50,+0.02,-0.02,symmetric_tight,False,False,-1.97
4317,syn_004317.png,images/syn_004317.png,(50),(50),,,simple_boxed_ref,False,False,0.46
4318,syn_004318.png,images/syn_004318.png,Ø83.994 +0.005/0,Ø83.994,+0.005,0,stacked_normal,False,False,-0.61
4319,syn_004319.png,images/syn_004319.png,45°3',45°3',,,angle_dms_min,False,False,-46.12
4320,syn_004320.png,images/syn_004320.png,1.5,1.5,,,simple_nominal_plain,False,False,-0.09
4321,syn_004321.png,images/syn_004321.png,2.094°,2.094°,,,angle_decimal_deg,False,False,-45.23
4322,syn_004322.png,images/syn_004322.png,7.525 -0.01/-0.012,7.525,-0.01,-0.012,stacked_fraction,True,False,-0.08
4323,syn_004323.png,images/syn_004323.png,"75°18'15""","75°18'15""",,,angle_dms_full,False,False,-0.57
4324,syn_004324.png,images/syn_004324.png,Ø0.4216 -0.001/-0.003,Ø0.4216,-0.001,-0.003,stacked_fraction,True,False,-0.34
4325,syn_004325.png,images/syn_004325.png,0° 3',0° 3',,,angle_dms_min,False,False,-43.92
4326,syn_004326.png,images/syn_004326.png,C0.2,C0.2,,,simple_chamfer,False,False,58.6
4327,syn_004327.png,images/syn_004327.png,C1.0,C1.0,,,simple_chamfer,False,False,30.88
4328,syn_004328.png,images/syn_004328.png,Ø25 0/-0.015,Ø25,0,-0.015,stacked_fraction,True,False,-0.58
4329,syn_004329.png,images/syn_004329.png,Ø56.003 0/-0.05,Ø56.003,0,-0.05,stacked_normal,False,False,0.53
4330,syn_004330.png,images/syn_004330.png,6.952 +0.003/0,6.952,+0.003,0,stacked_fraction,True,False,0.51
4331,syn_004331.png,images/syn_004331.png,C60.639±0.015,C60.639,+0.015,-0.015,symmetric_tight,False,False,0.61
4332,syn_004332.png,images/syn_004332.png,"45°6'28""","45°6'28""",,,angle_dms_full,False,False,-0.13
4333,syn_004333.png,images/syn_004333.png,R3.032 0/-0.015,R3.032,0,-0.015,stacked_normal,False,False,0.71
4334,syn_004334.png,images/syn_004334.png,5.04 +0.02/-0.02,5.04,+0.02,-0.02,stacked_fraction,True,False,0.26
4335,syn_004335.png,images/syn_004335.png,32.313 +0.01/-0.02,32.313,+0.01,-0.02,stacked_normal,False,False,0.48
4336,syn_004336.png,images/syn_004336.png,57.63 +0.005/0,57.63,+0.005,0,stacked_fraction,True,False,-0.78
4337,syn_004337.png,images/syn_004337.png,0.523°,0.523°,,,angle_decimal_deg,False,False,-0.73
4338,syn_004338.png,images/syn_004338.png,16.545 +0.01/+0.005,16.545,+0.01,+0.005,stacked_normal,False,False,-0.6
4339,syn_004339.png,images/syn_004339.png,0.652 0/-0.003,0.652,0,-0.003,stacked_normal,False,False,0.4
4340,syn_004340.png,images/syn_004340.png,Ø50.00 +0.012/+0.01,Ø50.00,+0.012,+0.01,stacked_fraction,True,False,0.59
4341,syn_004341.png,images/syn_004341.png,60°34',60°34',,,angle_dms_min,False,False,-0.05
4342,syn_004342.png,images/syn_004342.png,R5 MAX,R5 MAX,,,simple_radius_corner,False,False,46.45
4343,syn_004343.png,images/syn_004343.png,26.197 -0.01/-0.012,26.197,-0.01,-0.012,stacked_fraction,True,False,0.8
4344,syn_004344.png,images/syn_004344.png,C1.0,C1.0,,,simple_chamfer,False,False,0.53
4345,syn_004345.png,images/syn_004345.png,32 0/-0.01,32,0,-0.01,stacked_fraction,True,False,0.57
4346,syn_004346.png,images/syn_004346.png,R3.032 0/-0.002,R3.032,0,-0.002,stacked_fraction,True,False,-0.31
4347,syn_004347.png,images/syn_004347.png,C1.5,C1.5,,,simple_chamfer,False,False,-43.96
4348,syn_004348.png,images/syn_004348.png,"25°57'45""","25°57'45""",,,angle_dms_full,False,False,16.15
4349,syn_004349.png,images/syn_004349.png,Ø54.427±0.05,Ø54.427,+0.05,-0.05,symmetric_tight,False,False,-0.47
4350,syn_004350.png,images/syn_004350.png,Ø0.290 0/-0.02,Ø0.290,0,-0.02,stacked_normal,False,False,0.67
4351,syn_004351.png,images/syn_004351.png,33.613 0/-0.002,33.613,0,-0.002,stacked_normal,False,False,5.72
4352,syn_004352.png,images/syn_004352.png,R2,R2,,,simple_radius_corner,False,False,0.25
4353,syn_004353.png,images/syn_004353.png,82.499 +0.005/0,82.499,+0.005,0,stacked_fraction,True,False,0.5
4354,syn_004354.png,images/syn_004354.png,Ø3.032±0.015,Ø3.032,+0.015,-0.015,symmetric_tight,False,False,0.78
4355,syn_004355.png,images/syn_004355.png,0.785°,0.785°,,,angle_decimal_deg,False,False,60.01
4356,syn_004356.png,images/syn_004356.png,Ø2.75 0/-0.015,Ø2.75,0,-0.015,stacked_normal,False,False,0.45
4357,syn_004357.png,images/syn_004357.png,Ø8,Ø8,,,simple_diameter,False,False,-0.66
4358,syn_004358.png,images/syn_004358.png,53.840 -0.002/-0.005,53.840,-0.002,-0.005,stacked_normal,False,False,0.37
4359,syn_004359.png,images/syn_004359.png,R29.177 +0.01/0,R29.177,+0.01,0,stacked_fraction,True,False,-0.17
4360,syn_004360.png,images/syn_004360.png,0.262°,0.262°,,,angle_decimal_deg,False,False,28.84
4361,syn_004361.png,images/syn_004361.png,Ø79.083 -0.001/-0.003,Ø79.083,-0.001,-0.003,stacked_normal,False,False,0.17
4362,syn_004362.png,images/syn_004362.png,1.571°,1.571°,,,angle_decimal_deg,False,False,60.81
4363,syn_004363.png,images/syn_004363.png,M18.011 -0.001/-0.003,M18.011,-0.001,-0.003,stacked_fraction,True,False,-0.14
4364,syn_004364.png,images/syn_004364.png,71.399 -0.003/-0.006,71.399,-0.003,-0.006,stacked_fraction,True,False,-0.65
4365,syn_004365.png,images/syn_004365.png,Ø45.258±0.1,Ø45.258,+0.1,-0.1,symmetric_tight,False,False,-0.63
4366,syn_004366.png,images/syn_004366.png,60 +0.015/+0.01,60,+0.015,+0.01,stacked_fraction,True,False,-0.15
4367,syn_004367.png,images/syn_004367.png,C0.1,C0.1,,,simple_chamfer,False,False,0.38
4368,syn_004368.png,images/syn_004368.png,"89° 11' 31""","89° 11' 31""",,,angle_dms_full,False,False,-60.8
4369,syn_004369.png,images/syn_004369.png,91.989 +0.015/-0.005,91.989,+0.015,-0.005,stacked_normal,False,False,0.56
4370,syn_004370.png,images/syn_004370.png,R0.4375±0.01,R0.4375,+0.01,-0.01,symmetric_tight,False,False,0.78
4371,syn_004371.png,images/syn_004371.png,12.50 +0.02/-0.01,12.50,+0.02,-0.01,stacked_normal,False,False,-0.78
4372,syn_004372.png,images/syn_004372.png,R0.2MAX,R0.2MAX,,,simple_radius_corner,False,False,0.23
4373,syn_004373.png,images/syn_004373.png,C0.5,C0.5,,,simple_chamfer,False,False,-0.27
4374,syn_004374.png,images/syn_004374.png,R0.05,R0.05,,,simple_radius_corner,False,False,30.65
4375,syn_004375.png,images/syn_004375.png,"89°35'14""","89°35'14""",,,angle_dms_full,False,False,-0.06
4376,syn_004376.png,images/syn_004376.png,Ø37.532±0.1,Ø37.532,+0.1,-0.1,symmetric_tight,False,False,1.6
4377,syn_004377.png,images/syn_004377.png,M0.25 +0.01/+0.005,M0.25,+0.01,+0.005,stacked_fraction,True,False,-2.5
4378,syn_004378.png,images/syn_004378.png,16.350 +0.004/+0.002,16.350,+0.004,+0.002,stacked_normal,False,False,0.51
4379,syn_004379.png,images/syn_004379.png,5.04 0/-0.005,5.04,0,-0.005,stacked_normal,False,False,-0.36
4380,syn_004380.png,images/syn_004380.png,"15°30'11""","15°30'11""",,,angle_dms_full,False,False,-45.58
4381,syn_004381.png,images/syn_004381.png,79.444,79.444,,,simple_nominal_plain,False,False,0.04
4382,syn_004382.png,images/syn_004382.png,R5 MAX,R5 MAX,,,simple_radius_corner,False,False,13.78
4383,syn_004383.png,images/syn_004383.png,7.525 0/-0.005,7.525,0,-0.005,stacked_normal,False,False,-0.37
4384,syn_004384.png,images/syn_004384.png,R0.03,R0.03,,,simple_radius_corner,False,False,-0.42
4385,syn_004385.png,images/syn_004385.png,M3.032 0/-0.008,M3.032,0,-0.008,stacked_normal,False,False,-0.09
4386,syn_004386.png,images/syn_004386.png,R2 MAX,R2 MAX,,,simple_radius_corner,False,False,0.37
4387,syn_004387.png,images/syn_004387.png,Ø12.50 +0.015/0,Ø12.50,+0.015,0,stacked_normal,False,False,-0.22
4388,syn_004388.png,images/syn_004388.png,87.498 +0.015/0,87.498,+0.015,0,stacked_fraction,True,False,-4.85
4389,syn_004389.png,images/syn_004389.png,30°52',30°52',,,angle_dms_min,False,False,-0.61
4390,syn_004390.png,images/syn_004390.png,0.052°,0.052°,,,angle_decimal_deg,False,False,-0.37
4391,syn_004391.png,images/syn_004391.png,Ø0.1950 0/-0.02,Ø0.1950,0,-0.02,stacked_fraction,True,False,-0.21
4392,syn_004392.png,images/syn_004392.png,0.25,0.25,,,simple_nominal_plain,False,False,0.17
4393,syn_004393.png,images/syn_004393.png,0.25 +0.01/+0.005,0.25,+0.01,+0.005,stacked_fraction,True,False,-0.77
4394,syn_004394.png,images/syn_004394.png,12.5°,12.5°,,,angle_decimal_deg,False,False,0.52
4395,syn_004395.png,images/syn_004395.png,Ø39.290 0/-0.03,Ø39.290,0,-0.03,stacked_fraction,True,False,0.33
4396,syn_004396.png,images/syn_004396.png,Ø60±0.05,Ø60,+0.05,-0.05,symmetric_tight,False,False,0.76
4397,syn_004397.png,images/syn_004397.png,0.262°,0.262°,,,angle_decimal_deg,False,False,0.61
4398,syn_004398.png,images/syn_004398.png,28°37',28°37',,,angle_dms_min,False,False,-30.23
4399,syn_004399.png,images/syn_004399.png,Ø16.350±0.01,Ø16.350,+0.01,-0.01,symmetric_tight,False,False,-0.78
4400,syn_004400.png,images/syn_004400.png,Ø26.197 +0.002/0,Ø26.197,+0.002,0,stacked_fraction,True,False,-0.24
4401,syn_004401.png,images/syn_004401.png,Ø50,Ø50,,,simple_diameter,False,False,-0.49
4402,syn_004402.png,images/syn_004402.png,24 +0.015/0,24,+0.015,0,stacked_normal,False,False,-0.57
4403,syn_004403.png,images/syn_004403.png,"25° 39' 43""","25° 39' 43""",,,angle_dms_full,False,False,61.27
4404,syn_004404.png,images/syn_004404.png,12.150 0/-0.05,12.150,0,-0.05,stacked_fraction,True,False,-0.11
4405,syn_004405.png,images/syn_004405.png,0.25 +0.05/-0.002,0.25,+0.05,-0.002,stacked_fraction,True,False,-0.02
4406,syn_004406.png,images/syn_004406.png,57.63 +0.05/-0.01,57.63,+0.05,-0.01,stacked_normal,False,False,0.24
4407,syn_004407.png,images/syn_004407.png,Ø0.0664 0/-0.03,Ø0.0664,0,-0.03,stacked_fraction,True,False,2.12
4408,syn_004408.png,images/syn_004408.png,0.25±0.005,0.25,+0.005,-0.005,symmetric_tight,False,False,-0.29
4409,syn_004409.png,images/syn_004409.png,0.008 0/-0.015,0.008,0,-0.015,stacked_fraction,True,False,0.08
4410,syn_004410.png,images/syn_004410.png,Ø77.135 +0.02/0,Ø77.135,+0.02,0,stacked_normal,False,False,0.07
4411,syn_004411.png,images/syn_004411.png,Ø12.116 +0.01/0,Ø12.116,+0.01,0,stacked_fraction,True,False,0.05
4412,syn_004412.png,images/syn_004412.png,Ø12.150 +0.015/+0.01,Ø12.150,+0.015,+0.01,stacked_fraction,True,False,-0.65
4413,syn_004413.png,images/syn_004413.png,0.262°,0.262°,,,angle_decimal_deg,False,False,-44.94
4414,syn_004414.png,images/syn_004414.png,15° 38',15° 38',,,angle_dms_min,False,False,60.89
4415,syn_004415.png,images/syn_004415.png,0.2620 -0.003/-0.005,0.2620,-0.003,-0.005,stacked_fraction,True,False,0.74
4416,syn_004416.png,images/syn_004416.png,R14.941 +0.013/+0.01,R14.941,+0.013,+0.01,stacked_normal,False,False,-0.66
4417,syn_004417.png,images/syn_004417.png,"89°36'27""","89°36'27""",,,angle_dms_full,False,False,0.47
4418,syn_004418.png,images/syn_004418.png,29.779 -0.003/-0.008,29.779,-0.003,-0.008,stacked_normal,False,False,-0.18
4419,syn_004419.png,images/syn_004419.png,90° 35',90° 35',,,angle_dms_min,False,False,-0.08
4420,syn_004420.png,images/syn_004420.png,2.75 -0.001/-0.003,2.75,-0.001,-0.003,stacked_fraction,True,False,0.06
4421,syn_004421.png,images/syn_004421.png,60°,60°,,,simple_angle_simple,False,False,-0.45
4422,syn_004422.png,images/syn_004422.png,0.0941 -0.002/-0.005,0.0941,-0.002,-0.005,stacked_fraction,True,False,-0.12
4423,syn_004423.png,images/syn_004423.png,9.777±0.005,9.777,+0.005,-0.005,symmetric_tight,False,False,0.32
4424,syn_004424.png,images/syn_004424.png,7.525 0/-0.02,7.525,0,-0.02,stacked_fraction,True,False,0.58
4425,syn_004425.png,images/syn_004425.png,M79.000 -0.01/-0.015,M79.000,-0.01,-0.015,stacked_normal,False,False,0.61
4426,syn_004426.png,images/syn_004426.png,R0.25±0.01,R0.25,+0.01,-0.01,symmetric_tight,False,False,-4.35
4427,syn_004427.png,images/syn_004427.png,90°±30',90°,+30',-30',angle_dms_tol,False,False,-0.37
4428,syn_004428.png,images/syn_004428.png,0.1807 +0.007/+0.002,0.1807,+0.007,+0.002,stacked_normal,False,False,-0.63
4429,syn_004429.png,images/syn_004429.png,73.65,73.65,,,simple_nominal_plain,False,False,0.53
4430,syn_004430.png,images/syn_004430.png,25.462 0/-0.05,25.462,0,-0.05,stacked_fraction,True,False,0.27
4431,syn_004431.png,images/syn_004431.png,Ø16.350 +0.05/0,Ø16.350,+0.05,0,stacked_normal,False,False,-0.65
4432,syn_004432.png,images/syn_004432.png,15.80 +0.007/+0.002,15.80,+0.007,+0.002,stacked_fraction,True,False,0.24
4433,syn_004433.png,images/syn_004433.png,0.0553 +0.05/0,0.0553,+0.05,0,stacked_normal,False,False,-0.68
4434,syn_004434.png,images/syn_004434.png,Ø42.248 +0.006/+0.001,Ø42.248,+0.006,+0.001,stacked_fraction,True,False,0.58
4435,syn_004435.png,images/syn_004435.png,C0.15,C0.15,,,simple_chamfer,False,False,13.95
4436,syn_004436.png,images/syn_004436.png,R30.218±0.02,R30.218,+0.02,-0.02,symmetric_tight,False,False,4.62
4437,syn_004437.png,images/syn_004437.png,81.274 -0.01/-0.013,81.274,-0.01,-0.013,stacked_fraction,True,False,1.69
4438,syn_004438.png,images/syn_004438.png,"1° 44' 56""","1° 44' 56""",,,angle_dms_full,False,False,-61.46
4439,syn_004439.png,images/syn_004439.png,3.142°,3.142°,,,angle_decimal_deg,False,False,0.64
4440,syn_004440.png,images/syn_004440.png,12.160 0/-0.01,12.160,0,-0.01,stacked_fraction,True,False,0.76
4441,syn_004441.png,images/syn_004441.png,45°±0.5°,45°,+0.5°,-0.5°,angle_dms_tol,False,False,0.33
4442,syn_004442.png,images/syn_004442.png,1.998 +0.006/+0.001,1.998,+0.006,+0.001,stacked_normal,False,False,-0.32
4443,syn_004443.png,images/syn_004443.png,3.032 -0.002/-0.007,3.032,-0.002,-0.007,stacked_normal,False,False,-0.69
4444,syn_004444.png,images/syn_004444.png,14.864 +0.005/0,14.864,+0.005,0,stacked_normal,False,False,0.66
4445,syn_004445.png,images/syn_004445.png,"60°20'31""","60°20'31""",,,angle_dms_full,False,False,0.05
4446,syn_004446.png,images/syn_004446.png,90.5°,90.5°,,,angle_decimal_deg,False,False,-0.6
4447,syn_004447.png,images/syn_004447.png,0.849 0/-0.03,0.849,0,-0.03,stacked_normal,False,False,-0.68
4448,syn_004448.png,images/syn_004448.png,76.850 -0.005/-0.008,76.850,-0.005,-0.008,stacked_fraction,True,False,-0.46
4449,syn_004449.png,images/syn_004449.png,0.25 +0.015/-0.005,0.25,+0.015,-0.005,stacked_normal,False,False,-0.44
4450,syn_004450.png,images/syn_004450.png,0.052°,0.052°,,,angle_decimal_deg,False,False,-44.62
4451,syn_004451.png,images/syn_004451.png,12.50 +0.02/0,12.50,+0.02,0,stacked_fraction,True,False,-0.61
4452,syn_004452.png,images/syn_004452.png,15.205 -0.005/-0.01,15.205,-0.005,-0.01,stacked_normal,False,False,5.71
4453,syn_004453.png,images/syn_004453.png,46.297 +0.007/+0.002,46.297,+0.007,+0.002,stacked_normal,False,False,0.13
4454,syn_004454.png,images/syn_004454.png,12.155 0/-0.02,12.155,0,-0.02,stacked_fraction,True,False,-3.15
4455,syn_004455.png,images/syn_004455.png,R0.941 0/-0.005,R0.941,0,-0.005,stacked_normal,False,False,-0.32
4456,syn_004456.png,images/syn_004456.png,15.80 +0.05/-0.03,15.80,+0.05,-0.03,stacked_fraction,True,False,0.57
4457,syn_004457.png,images/syn_004457.png,R43.349±0.015,R43.349,+0.015,-0.015,symmetric_tight,False,False,0.37
4458,syn_004458.png,images/syn_004458.png,1.998 +0.02/-0.005,1.998,+0.02,-0.005,stacked_normal,False,False,0.36
4459,syn_004459.png,images/syn_004459.png,3.032 -0.01/-0.013,3.032,-0.01,-0.013,stacked_normal,False,False,-0.29
4460,syn_004460.png,images/syn_004460.png,90.5°,90.5°,,,angle_decimal_deg,False,False,-61.23
4461,syn_004461.png,images/syn_004461.png,C2.160±0.05,C2.160,+0.05,-0.05,symmetric_tight,False,False,-0.49
4462,syn_004462.png,images/syn_004462.png,Ø5.04 +0.015/-0.005,Ø5.04,+0.015,-0.005,stacked_normal,False,False,0.22
4463,syn_004463.png,images/syn_004463.png,M10.50±0.005,M10.50,+0.005,-0.005,symmetric_tight,False,False,0.78
4464,syn_004464.png,images/syn_004464.png,R35.726±0.01,R35.726,+0.01,-0.01,symmetric_tight,False,False,0.08
4465,syn_004465.png,images/syn_004465.png,"89°19'29""","89°19'29""",,,angle_dms_full,False,False,-28.53
4466,syn_004466.png,images/syn_004466.png,0.25 +0.05/0,0.25,+0.05,0,stacked_fraction,True,False,0.03
4467,syn_004467.png,images/syn_004467.png,Ø15±0.02,Ø15,+0.02,-0.02,symmetric_tight,False,False,0.25
4468,syn_004468.png,images/syn_004468.png,Ø0.2916 +0.01/-0.002,Ø0.2916,+0.01,-0.002,stacked_normal,False,False,0.57
4469,syn_004469.png,images/syn_004469.png,"0°42'24""","0°42'24""",,,angle_dms_full,False,False,30.06
4470,syn_004470.png,images/syn_004470.png,R12.160 0/-0.05,R12.160,0,-0.05,stacked_fraction,True,False,-0.68
4471,syn_004471.png,images/syn_004471.png,0.2613±0.01,0.2613,+0.01,-0.01,symmetric_tight,False,False,0.24
4472,syn_004472.png,images/syn_004472.png,57.63 0/-0.02,57.63,0,-0.02,stacked_fraction,True,False,-0.44
4473,syn_004473.png,images/syn_004473.png,25 0/-0.05,25,0,-0.05,stacked_fraction,True,False,0.76
4474,syn_004474.png,images/syn_004474.png,12.150 -0.003/-0.008,12.150,-0.003,-0.008,stacked_fraction,True,False,-4.79
4475,syn_004475.png,images/syn_004475.png,14.941±0.015,14.941,+0.015,-0.015,symmetric_tight,False,False,0.13
4476,syn_004476.png,images/syn_004476.png,2.094°,2.094°,,,angle_decimal_deg,False,False,45.41
4477,syn_004477.png,images/syn_004477.png,0.1050 0/-0.008,0.1050,0,-0.008,stacked_fraction,True,False,0.33
4478,syn_004478.png,images/syn_004478.png,0.3020 0/-0.01,0.3020,0,-0.01,stacked_fraction,True,False,-0.5
4479,syn_004479.png,images/syn_004479.png,Ø36.169 0/-0.003,Ø36.169,0,-0.003,stacked_fraction,True,False,0.68
4480,syn_004480.png,images/syn_004480.png,2.75±0.01,2.75,+0.01,-0.01,symmetric_tight,False,False,0.39
4481,syn_004481.png,images/syn_004481.png,C0.25,C0.25,,,simple_chamfer,False,False,0.67
4482,syn_004482.png,images/syn_004482.png,Ø15.444 +0.05/-0.01,Ø15.444,+0.05,-0.01,stacked_normal,False,False,-0.67
4483,syn_004483.png,images/syn_004483.png,5°50',5°50',,,angle_dms_min,False,False,-0.77
4484,syn_004484.png,images/syn_004484.png,4.04,4.04,,,simple_nominal_plain,False,False,-0.1
4485,syn_004485.png,images/syn_004485.png,Ø6,Ø6,,,simple_diameter,False,False,-0.61
4486,syn_004486.png,images/syn_004486.png,M21.912 +0.007/+0.005,M21.912,+0.007,+0.005,stacked_normal,False,False,0.01
4487,syn_004487.png,images/syn_004487.png,30°,30°,,,simple_angle_simple,False,False,-14.61
4488,syn_004488.png,images/syn_004488.png,0.25 +0.05/0,0.25,+0.05,0,stacked_fraction,True,False,0.22
4489,syn_004489.png,images/syn_004489.png,120°27',120°27',,,angle_dms_min,False,False,-0.19
4490,syn_004490.png,images/syn_004490.png,12.155,12.155,,,simple_nominal_plain,False,False,-0.18
4491,syn_004491.png,images/syn_004491.png,"5° 46' 30""","5° 46' 30""",,,angle_dms_full,False,False,45.52
4492,syn_004492.png,images/syn_004492.png,50,50,,,simple_nominal_plain,False,False,0.59
4493,syn_004493.png,images/syn_004493.png,Ø0.3777 0/-0.01,Ø0.3777,0,-0.01,stacked_fraction,True,False,-0.26
4494,syn_004494.png,images/syn_004494.png,Ø32.802 -0.001/-0.003,Ø32.802,-0.001,-0.003,stacked_normal,False,False,0.15
4495,syn_004495.png,images/syn_004495.png,74.945 +0.003/0,74.945,+0.003,0,stacked_normal,False,False,-0.27
4496,syn_004496.png,images/syn_004496.png,4.04 +0.004/+0.002,4.04,+0.004,+0.002,stacked_normal,False,False,-0.44
4497,syn_004497.png,images/syn_004497.png,120°31',120°31',,,angle_dms_min,False,False,16.48
4498,syn_004498.png,images/syn_004498.png,R0.290 0/-0.05,R0.290,0,-0.05,stacked_fraction,True,False,0.46
4499,syn_004499.png,images/syn_004499.png,"89°38'11""","89°38'11""",,,angle_dms_full,False,False,-59.48
4500,syn_004500.png,images/syn_004500.png,25 +0.005/0,25,+0.005,0,stacked_normal,False,False,2.83
4501,syn_004501.png,images/syn_004501.png,14.941 -0.01/-0.015,14.941,-0.01,-0.015,stacked_fraction,True,False,-0.02
4502,syn_004502.png,images/syn_004502.png,7.525 0/-0.01,7.525,0,-0.01,stacked_normal,False,False,-0.31
4503,syn_004503.png,images/syn_004503.png,86.379 0/-0.05,86.379,0,-0.05,stacked_fraction,True,False,-0.72
4504,syn_004504.png,images/syn_004504.png,Ø25 +0.02/0,Ø25,+0.02,0,stacked_normal,False,False,-0.74
4505,syn_004505.png,images/syn_004505.png,M12.155±0.01,M12.155,+0.01,-0.01,symmetric_tight,False,False,-0.65
4506,syn_004506.png,images/syn_004506.png,"30° 25' 3""","30° 25' 3""",,,angle_dms_full,False,False,-0.01
4507,syn_004507.png,images/syn_004507.png,R30.788 +0.003/0,R30.788,+0.003,0,stacked_fraction,True,False,-0.32
4508,syn_004508.png,images/syn_004508.png,45°±0.5°,45°,+0.5°,-0.5°,angle_dms_tol,False,False,46.37
4509,syn_004509.png,images/syn_004509.png,R73.65 +0.01/-0.03,R73.65,+0.01,-0.03,stacked_normal,False,False,-0.51
4510,syn_004510.png,images/syn_004510.png,38.720 +0.003/0,38.720,+0.003,0,stacked_normal,False,False,-0.72
4511,syn_004511.png,images/syn_004511.png,R0.05MAX,R0.05MAX,,,simple_radius_corner,False,False,0.62
4512,syn_004512.png,images/syn_004512.png,5±0.01,5,+0.01,-0.01,symmetric_tight,False,False,0.31
4513,syn_004513.png,images/syn_004513.png,4.04 0/-0.015,4.04,0,-0.015,stacked_fraction,True,False,0.73
4514,syn_004514.png,images/syn_004514.png,60°±10',60°,+10',-10',angle_dms_tol,False,False,-0.7
4515,syn_004515.png,images/syn_004515.png,C25 +0.005/-0.005,C25,+0.005,-0.005,stacked_fraction,True,False,-0.79
4516,syn_004516.png,images/syn_004516.png,5.04 +0.02/-0.005,5.04,+0.02,-0.005,stacked_fraction,True,False,0.32
4517,syn_004517.png,images/syn_004517.png,0.523°,0.523°,,,angle_decimal_deg,False,False,28.81
4518,syn_004518.png,images/syn_004518.png,11.89±0.015,11.89,+0.015,-0.015,symmetric_tight,False,False,0.67
4519,syn_004519.png,images/syn_004519.png,C0.3,C0.3,,,simple_chamfer,False,False,0.51
4520,syn_004520.png,images/syn_004520.png,90° 3',90° 3',,,angle_dms_min,False,False,13.82
4521,syn_004521.png,images/syn_004521.png,Ø3.390 +0.05/-0.03,Ø3.390,+0.05,-0.03,stacked_fraction,True,False,-0.5
4522,syn_004522.png,images/syn_004522.png,60°±30',60°,+30',-30',angle_dms_tol,False,False,0.19
4523,syn_004523.png,images/syn_004523.png,33.613 -0.002/-0.005,33.613,-0.002,-0.005,stacked_fraction,True,False,0.62
4524,syn_004524.png,images/syn_004524.png,Ø77.704 +0.01/-0.03,Ø77.704,+0.01,-0.03,stacked_normal,False,False,0.66
4525,syn_004525.png,images/syn_004525.png,Ø0.1186 0/-0.02,Ø0.1186,0,-0.02,stacked_normal,False,False,-0.2
4526,syn_004526.png,images/syn_004526.png,R73.65 -0.01/-0.013,R73.65,-0.01,-0.013,stacked_fraction,True,False,0.66
4527,syn_004527.png,images/syn_004527.png,R1.5MIN,R1.5MIN,,,simple_radius_corner,False,False,0.11
4528,syn_004528.png,images/syn_004528.png,(12.155),(12.155),,,simple_boxed_ref,False,False,-0.15
4529,syn_004529.png,images/syn_004529.png,135°,135°,,,simple_angle_simple,False,False,-0.18
4530,syn_004530.png,images/syn_004530.png,9.297 +0.05/0,9.297,+0.05,0,stacked_normal,False,False,-0.01
4531,syn_004531.png,images/syn_004531.png,12 +0.015/0,12,+0.015,0,stacked_fraction,True,False,0.13
4532,syn_004532.png,images/syn_004532.png,43.288 -0.005/-0.01,43.288,-0.005,-0.01,stacked_normal,False,False,-0.04
4533,syn_004533.png,images/syn_004533.png,26.197 +0.02/-0.01,26.197,+0.02,-0.01,stacked_fraction,True,False,0.15
4534,syn_004534.png,images/syn_004534.png,92.866 -0.001/-0.004,92.866,-0.001,-0.004,stacked_fraction,True,False,-0.36
4535,syn_004535.png,images/syn_004535.png,"75°28'28""","75°28'28""",,,angle_dms_full,False,False,-46.13
4536,syn_004536.png,images/syn_004536.png,0.5°,0.5°,,,angle_decimal_deg,False,False,14.83
4537,syn_004537.png,images/syn_004537.png,35.310 -0.003/-0.008,35.310,-0.003,-0.008,stacked_fraction,True,False,-0.58
4538,syn_004538.png,images/syn_004538.png,0.1301 0/-0.015,0.1301,0,-0.015,stacked_fraction,True,False,0.36
4539,syn_004539.png,images/syn_004539.png,2.75±0.05,2.75,+0.05,-0.05,symmetric_tight,False,False,0.65
4540,syn_004540.png,images/syn_004540.png,"75°24'30""","75°24'30""",,,angle_dms_full,False,False,0.1
4541,syn_004541.png,images/syn_004541.png,Ø16.350±0.015,Ø16.350,+0.015,-0.015,symmetric_tight,False,False,0.68
4542,syn_004542.png,images/syn_004542.png,"45°56'37""","45°56'37""",,,angle_dms_full,False,False,0.15
4543,syn_004543.png,images/syn_004543.png,M87.075±0.025,M87.075,+0.025,-0.025,symmetric_tight,False,False,0.36
4544,syn_004544.png,images/syn_004544.png,Ø0.25±0.01,Ø0.25,+0.01,-0.01,symmetric_tight,False,False,-0.66
4545,syn_004545.png,images/syn_004545.png,0.008 +0.01/0,0.008,+0.01,0,stacked_fraction,True,False,-0.15
4546,syn_004546.png,images/syn_004546.png,Ø15.80 +0.015/0,Ø15.80,+0.015,0,stacked_normal,False,False,0.4
4547,syn_004547.png,images/syn_004547.png,0.25 0/-0.05,0.25,0,-0.05,stacked_fraction,True,False,0.29
4548,syn_004548.png,images/syn_004548.png,C0.1,C0.1,,,simple_chamfer,False,False,13.88
4549,syn_004549.png,images/syn_004549.png,33.613 +0.002/0,33.613,+0.002,0,stacked_normal,False,False,0.45
4550,syn_004550.png,images/syn_004550.png,73.65±0.01,73.65,+0.01,-0.01,symmetric_tight,False,False,-0.37
4551,syn_004551.png,images/syn_004551.png,3.032 0/-0.03,3.032,0,-0.03,stacked_normal,False,False,0.72
4552,syn_004552.png,images/syn_004552.png,12.50 +0.03/0,12.50,+0.03,0,stacked_fraction,True,False,0.02
4553,syn_004553.png,images/syn_004553.png,26.197 -0.005/-0.007,26.197,-0.005,-0.007,stacked_fraction,True,False,-0.38
4554,syn_004554.png,images/syn_004554.png,35.726 -0.01/-0.013,35.726,-0.01,-0.013,stacked_normal,False,False,-0.74
4555,syn_004555.png,images/syn_004555.png,R2,R2,,,simple_radius_corner,False,False,0.04
4556,syn_004556.png,images/syn_004556.png,50 0/-0.008,50,0,-0.008,stacked_fraction,True,False,-5.35
4557,syn_004557.png,images/syn_004557.png,50.324±0.01,50.324,+0.01,-0.01,symmetric_tight,False,False,-0.29
4558,syn_004558.png,images/syn_004558.png,C0.5,C0.5,,,simple_chamfer,False,False,0.56
4559,syn_004559.png,images/syn_004559.png,34.057 +0.007/+0.005,34.057,+0.007,+0.005,stacked_fraction,True,False,-0.25
4560,syn_004560.png,images/syn_004560.png,Ø0.2370 0/-0.05,Ø0.2370,0,-0.05,stacked_normal,False,False,0.13
4561,syn_004561.png,images/syn_004561.png,5° 44',5° 44',,,angle_dms_min,False,False,30.12
4562,syn_004562.png,images/syn_004562.png,Ø10 +0.005/-0.03,Ø10,+0.005,-0.03,stacked_normal,False,False,-0.74
4563,syn_004563.png,images/syn_004563.png,R0.4128 0/-0.003,R0.4128,0,-0.003,stacked_fraction,True,False,0.46
4564,syn_004564.png,images/syn_004564.png,R19.688 +0.05/-0.005,R19.688,+0.05,-0.005,stacked_normal,False,False,0.24
4565,syn_004565.png,images/syn_004565.png,0°55',0°55',,,angle_dms_min,False,False,-14.59
4566,syn_004566.png,images/syn_004566.png,R1.5MIN,R1.5MIN,,,simple_radius_corner,False,False,-0.25
4567,syn_004567.png,images/syn_004567.png,Ø35.634 0/-0.02,Ø35.634,0,-0.02,stacked_normal,False,False,-5.57
4568,syn_004568.png,images/syn_004568.png,Ø27.870 +0.002/0,Ø27.870,+0.002,0,stacked_normal,False,False,0.42
4569,syn_004569.png,images/syn_004569.png,"25°51'27""","25°51'27""",,,angle_dms_full,False,False,-59.79
4570,syn_004570.png,images/syn_004570.png,"1°10'36""","1°10'36""",,,angle_dms_full,False,False,0.36
4571,syn_004571.png,images/syn_004571.png,C14.941±0.002,C14.941,+0.002,-0.002,symmetric_tight,False,False,-0.76
4572,syn_004572.png,images/syn_004572.png,Ø5.04 0/-0.015,Ø5.04,0,-0.015,stacked_fraction,True,False,-0.48
4573,syn_004573.png,images/syn_004573.png,C8.308 +0.015/0,C8.308,+0.015,0,stacked_fraction,True,False,0.05
4574,syn_004574.png,images/syn_004574.png,94.710 +0.02/-0.03,94.710,+0.02,-0.03,stacked_fraction,True,False,0.62
4575,syn_004575.png,images/syn_004575.png,30.558 0/-0.02,30.558,0,-0.02,stacked_fraction,True,False,-0.33
4576,syn_004576.png,images/syn_004576.png,8.308 +0.01/0,8.308,+0.01,0,stacked_fraction,True,False,-0.36
4577,syn_004577.png,images/syn_004577.png,R1.5 MAX,R1.5 MAX,,,simple_radius_corner,False,False,-0.7
4578,syn_004578.png,images/syn_004578.png,57.63 -0.002/-0.004,57.63,-0.002,-0.004,stacked_normal,False,False,-0.16
4579,syn_004579.png,images/syn_004579.png,M38.491±0.002,M38.491,+0.002,-0.002,symmetric_tight,False,False,-0.26
4580,syn_004580.png,images/syn_004580.png,75±0.05,75,+0.05,-0.05,symmetric_tight,False,False,-0.49
4581,syn_004581.png,images/syn_004581.png,R72.321±0.02,R72.321,+0.02,-0.02,symmetric_tight,False,False,0.18
4582,syn_004582.png,images/syn_004582.png,56.003 0/-0.005,56.003,0,-0.005,stacked_fraction,True,False,0.54
4583,syn_004583.png,images/syn_004583.png,24 -0.005/-0.007,24,-0.005,-0.007,stacked_normal,False,False,-0.7
4584,syn_004584.png,images/syn_004584.png,0.0659 +0.02/-0.002,0.0659,+0.02,-0.002,stacked_normal,False,False,-0.7
4585,syn_004585.png,images/syn_004585.png,M10,M10,,,simple_thread_qty,False,False,-0.6
4586,syn_004586.png,images/syn_004586.png,Ø20 +0.015/0,Ø20,+0.015,0,stacked_fraction,True,False,0.05
4587,syn_004587.png,images/syn_004587.png,10.50 0/-0.003,10.50,0,-0.003,stacked_normal,False,False,-0.75
4588,syn_004588.png,images/syn_004588.png,60.903,60.903,,,simple_nominal_plain,False,False,-0.75
4589,syn_004589.png,images/syn_004589.png,Ø24.5,Ø24.5,,,simple_diameter,False,False,0.03
4590,syn_004590.png,images/syn_004590.png,0.5,0.5,,,simple_nominal_plain,False,False,0.02
4591,syn_004591.png,images/syn_004591.png,2.75 0/-0.005,2.75,0,-0.005,stacked_normal,False,False,0.01
4592,syn_004592.png,images/syn_004592.png,"60° 31' 31""","60° 31' 31""",,,angle_dms_full,False,False,-0.67
4593,syn_004593.png,images/syn_004593.png,0.941 0/-0.02,0.941,0,-0.02,stacked_normal,False,False,0.5
4594,syn_004594.png,images/syn_004594.png,50.00 0/-0.02,50.00,0,-0.02,stacked_normal,False,False,-3.18
4595,syn_004595.png,images/syn_004595.png,15 0/-0.005,15,0,-0.005,stacked_normal,False,False,0.36
4596,syn_004596.png,images/syn_004596.png,12.50 +0.05/-0.02,12.50,+0.05,-0.02,stacked_fraction,True,False,0.25
4597,syn_004597.png,images/syn_004597.png,R1.998±0.05,R1.998,+0.05,-0.05,symmetric_tight,False,False,-0.5
4598,syn_004598.png,images/syn_004598.png,10.50 +0.013/+0.01,10.50,+0.013,+0.01,stacked_fraction,True,False,0.47
4599,syn_004599.png,images/syn_004599.png,Ø33.613 +0.002/0,Ø33.613,+0.002,0,stacked_fraction,True,False,0.68
4600,syn_004600.png,images/syn_004600.png,R1.998 0/-0.02,R1.998,0,-0.02,stacked_normal,False,False,0.31
4601,syn_004601.png,images/syn_004601.png,24.50 -0.01/-0.015,24.50,-0.01,-0.015,stacked_normal,False,False,2.12
4602,syn_004602.png,images/syn_004602.png,43.909±0.015,43.909,+0.015,-0.015,symmetric_tight,False,False,-3.05
4603,syn_004603.png,images/syn_004603.png,(0.25),(0.25),,,simple_boxed_ref,False,False,0.13
4604,syn_004604.png,images/syn_004604.png,0.1979 +0.01/-0.01,0.1979,+0.01,-0.01,stacked_normal,False,False,-3.53
4605,syn_004605.png,images/syn_004605.png,M43.710 -0.002/-0.005,M43.710,-0.002,-0.005,stacked_normal,False,False,-0.27
4606,syn_004606.png,images/syn_004606.png,24.50±0.002,24.50,+0.002,-0.002,symmetric_tight,False,False,-0.41
4607,syn_004607.png,images/syn_004607.png,C0.3,C0.3,,,simple_chamfer,False,False,0.24
4608,syn_004608.png,images/syn_004608.png,50.00 0/-0.015,50.00,0,-0.015,stacked_fraction,True,False,0.15
4609,syn_004609.png,images/syn_004609.png,Ø8,Ø8,,,simple_diameter,False,False,0.16
4610,syn_004610.png,images/syn_004610.png,73.65 +0.05/-0.02,73.65,+0.05,-0.02,stacked_fraction,True,False,-0.67
4611,syn_004611.png,images/syn_004611.png,Ø8,Ø8,,,simple_diameter,False,False,-0.02
4612,syn_004612.png,images/syn_004612.png,15.80 +0.01/0,15.80,+0.01,0,stacked_fraction,True,False,0.62
4613,syn_004613.png,images/syn_004613.png,0.017°,0.017°,,,angle_decimal_deg,False,False,-30.9
4614,syn_004614.png,images/syn_004614.png,0.4420 0/-0.05,0.4420,0,-0.05,stacked_fraction,True,False,-0.02
4615,syn_004615.png,images/syn_004615.png,"0°29'51""","0°29'51""",,,angle_dms_full,False,False,-0.64
4616,syn_004616.png,images/syn_004616.png,"60°19'52""","60°19'52""",,,angle_dms_full,False,False,-16.27
4617,syn_004617.png,images/syn_004617.png,45°9',45°9',,,angle_dms_min,False,False,-29.39
4618,syn_004618.png,images/syn_004618.png,1.047°,1.047°,,,angle_decimal_deg,False,False,60.15
4619,syn_004619.png,images/syn_004619.png,33.613 0/-0.05,33.613,0,-0.05,stacked_normal,False,False,0.33
4620,syn_004620.png,images/syn_004620.png,R1.998 +0.007/+0.005,R1.998,+0.007,+0.005,stacked_fraction,True,False,-0.67
4621,syn_004621.png,images/syn_004621.png,R0.290 0/-0.005,R0.290,0,-0.005,stacked_normal,False,False,-0.47
4622,syn_004622.png,images/syn_004622.png,C15 -0.003/-0.008,C15,-0.003,-0.008,stacked_fraction,True,False,-0.13
4623,syn_004623.png,images/syn_004623.png,"45°16'2""","45°16'2""",,,angle_dms_full,False,False,-0.11
4624,syn_004624.png,images/syn_004624.png,60°±15',60°,+15',-15',angle_dms_tol,False,False,-16.34
4625,syn_004625.png,images/syn_004625.png,"12°33'6""","12°33'6""",,,angle_dms_full,False,False,60.0
4626,syn_004626.png,images/syn_004626.png,9.320±0.01,9.320,+0.01,-0.01,symmetric_tight,False,False,0.31
4627,syn_004627.png,images/syn_004627.png,"5° 7' 23""","5° 7' 23""",,,angle_dms_full,False,False,-0.67
4628,syn_004628.png,images/syn_004628.png,45°±0.5°,45°,+0.5°,-0.5°,angle_dms_tol,False,False,43.72
4629,syn_004629.png,images/syn_004629.png,R0.1,R0.1,,,simple_radius_corner,False,False,-0.45
4630,syn_004630.png,images/syn_004630.png,50.00 +0.02/-0.03,50.00,+0.02,-0.03,stacked_fraction,True,False,-0.54
4631,syn_004631.png,images/syn_004631.png,41.488 -0.002/-0.004,41.488,-0.002,-0.004,stacked_normal,False,False,0.05
4632,syn_004632.png,images/syn_004632.png,0.447 +0.005/+0.002,0.447,+0.005,+0.002,stacked_fraction,True,False,-0.45
4633,syn_004633.png,images/syn_004633.png,15.80±0.02,15.80,+0.02,-0.02,symmetric_tight,False,False,0.25
4634,syn_004634.png,images/syn_004634.png,R2,R2,,,simple_radius_corner,False,False,-16.25
4635,syn_004635.png,images/syn_004635.png,50.797 0/-0.002,50.797,0,-0.002,stacked_fraction,True,False,-0.35
4636,syn_004636.png,images/syn_004636.png,37.457 +0.004/+0.002,37.457,+0.004,+0.002,stacked_fraction,True,False,0.07
4637,syn_004637.png,images/syn_004637.png,R0.12MIN,R0.12MIN,,,simple_radius_corner,False,False,0.3
4638,syn_004638.png,images/syn_004638.png,Ø75 +0.004/+0.001,Ø75,+0.004,+0.001,stacked_fraction,True,False,-0.21
4639,syn_004639.png,images/syn_004639.png,0.0944 -0.001/-0.004,0.0944,-0.001,-0.004,stacked_fraction,True,False,5.08
4640,syn_004640.png,images/syn_004640.png,72.663 +0.05/0,72.663,+0.05,0,stacked_fraction,True,False,0.44
4641,syn_004641.png,images/syn_004641.png,0.652 0/-0.03,0.652,0,-0.03,stacked_normal,False,False,0.24
4642,syn_004642.png,images/syn_004642.png,0.2232 +0.01/0,0.2232,+0.01,0,stacked_normal,False,False,-0.25
4643,syn_004643.png,images/syn_004643.png,R0.5 MAX,R0.5 MAX,,,simple_radius_corner,False,False,28.87
4644,syn_004644.png,images/syn_004644.png,Ø5 0/-0.02,Ø5,0,-0.02,stacked_fraction,True,False,-0.6
4645,syn_004645.png,images/syn_004645.png,Ø10.50 0/-0.05,Ø10.50,0,-0.05,stacked_fraction,True,False,-5.39
4646,syn_004646.png,images/syn_004646.png,C26.402±0.002,C26.402,+0.002,-0.002,symmetric_tight,False,False,-0.26
4647,syn_004647.png,images/syn_004647.png,24±0.025,24,+0.025,-0.025,symmetric_tight,False,False,-0.52
4648,syn_004648.png,images/syn_004648.png,73.65 0/-0.003,73.65,0,-0.003,stacked_normal,False,False,-0.72
4649,syn_004649.png,images/syn_004649.png,0.25 +0.004/+0.001,0.25,+0.004,+0.001,stacked_normal,False,False,-0.26
4650,syn_004650.png,images/syn_004650.png,0.0496±0.05,0.0496,+0.05,-0.05,symmetric_tight,False,False,-0.02
4651,syn_004651.png,images/syn_004651.png,Ø4.026±0.015,Ø4.026,+0.015,-0.015,symmetric_tight,False,False,-0.17
4652,syn_004652.png,images/syn_004652.png,62.599±0.025,62.599,+0.025,-0.025,symmetric_tight,False,False,-0.1
4653,syn_004653.png,images/syn_004653.png,11.89 +0.003/0,11.89,+0.003,0,stacked_normal,False,False,0.29
4654,syn_004654.png,images/syn_004654.png,C26.197±0.05,C26.197,+0.05,-0.05,symmetric_tight,False,False,-0.39
4655,syn_004655.png,images/syn_004655.png,C5.04±0.015,C5.04,+0.015,-0.015,symmetric_tight,False,False,0.45
4656,syn_004656.png,images/syn_004656.png,R0.1 MAX,R0.1 MAX,,,simple_radius_corner,False,False,13.88
4657,syn_004657.png,images/syn_004657.png,0.4008±0.005,0.4008,+0.005,-0.005,symmetric_tight,False,False,0.26
4658,syn_004658.png,images/syn_004658.png,R2,R2,,,simple_radius_corner,False,False,0.61
4659,syn_004659.png,images/syn_004659.png,R3 MIN,R3 MIN,,,simple_radius_corner,False,False,43.99
4660,syn_004660.png,images/syn_004660.png,C1.870 +0.003/0,C1.870,+0.003,0,stacked_fraction,True,False,-0.77
4661,syn_004661.png,images/syn_004661.png,0°14',0°14',,,angle_dms_min,False,False,16.24
4662,syn_004662.png,images/syn_004662.png,41.381 +0.02/0,41.381,+0.02,0,stacked_fraction,True,False,-0.34
4663,syn_004663.png,images/syn_004663.png,R2.75 0/-0.003,R2.75,0,-0.003,stacked_normal,False,False,-0.05
4664,syn_004664.png,images/syn_004664.png,26.197 0/-0.01,26.197,0,-0.01,stacked_fraction,True,False,0.1
4665,syn_004665.png,images/syn_004665.png,27.970,27.970,,,simple_nominal_plain,False,False,-0.31
4666,syn_004666.png,images/syn_004666.png,28°26',28°26',,,angle_dms_min,False,False,-0.46
4667,syn_004667.png,images/syn_004667.png,5°18',5°18',,,angle_dms_min,False,False,0.39
4668,syn_004668.png,images/syn_004668.png,72.702 +0.02/0,72.702,+0.02,0,stacked_normal,False,False,-0.24
4669,syn_004669.png,images/syn_004669.png,Ø0.25 +0.007/+0.005,Ø0.25,+0.007,+0.005,stacked_fraction,True,False,-0.16
4670,syn_004670.png,images/syn_004670.png,C0.15,C0.15,,,simple_chamfer,False,False,30.23
4671,syn_004671.png,images/syn_004671.png,R35.726±0.05,R35.726,+0.05,-0.05,symmetric_tight,False,False,0.7
4672,syn_004672.png,images/syn_004672.png,C1.5,C1.5,,,simple_chamfer,False,False,-0.36
4673,syn_004673.png,images/syn_004673.png,0.2034 +0.05/-0.03,0.2034,+0.05,-0.03,stacked_fraction,True,False,0.36
4674,syn_004674.png,images/syn_004674.png,Ø0.652 +0.05/-0.005,Ø0.652,+0.05,-0.005,stacked_fraction,True,False,-0.02
4675,syn_004675.png,images/syn_004675.png,16 +0.01/0,16,+0.01,0,stacked_fraction,True,False,0.67
4676,syn_004676.png,images/syn_004676.png,1.240±0.005,1.240,+0.005,-0.005,symmetric_tight,False,False,0.18
4677,syn_004677.png,images/syn_004677.png,36.773 +0.002/0,36.773,+0.002,0,stacked_normal,False,False,-0.63
4678,syn_004678.png,images/syn_004678.png,44.166 -0.005/-0.008,44.166,-0.005,-0.008,stacked_normal,False,False,-0.17
4679,syn_004679.png,images/syn_004679.png,28.65°,28.65°,,,angle_decimal_deg,False,False,29.67
4680,syn_004680.png,images/syn_004680.png,Ø3.032 +0.003/0,Ø3.032,+0.003,0,stacked_normal,False,False,-0.11
4681,syn_004681.png,images/syn_004681.png,R21.766 0/-0.01,R21.766,0,-0.01,stacked_normal,False,False,-0.5
4682,syn_004682.png,images/syn_004682.png,R0.03MAX,R0.03MAX,,,simple_radius_corner,False,False,15.93
4683,syn_004683.png,images/syn_004683.png,50.324 0/-0.005,50.324,0,-0.005,stacked_fraction,True,False,-0.13
4684,syn_004684.png,images/syn_004684.png,Ø20 -0.003/-0.005,Ø20,-0.003,-0.005,stacked_normal,False,False,-0.55
4685,syn_004685.png,images/syn_004685.png,R0.5 MAX,R0.5 MAX,,,simple_radius_corner,False,False,-0.31
4686,syn_004686.png,images/syn_004686.png,26.197 0/-0.008,26.197,0,-0.008,stacked_fraction,True,False,0.23
4687,syn_004687.png,images/syn_004687.png,M6,M6,,,simple_thread_qty,False,False,-0.64
4688,syn_004688.png,images/syn_004688.png,3.968 -0.002/-0.005,3.968,-0.002,-0.005,stacked_fraction,True,False,0.61
4689,syn_004689.png,images/syn_004689.png,0.1970 +0.015/0,0.1970,+0.015,0,stacked_normal,False,False,-0.51
4690,syn_004690.png,images/syn_004690.png,11.89 +0.02/0,11.89,+0.02,0,stacked_normal,False,False,-0.35
4691,syn_004691.png,images/syn_004691.png,0.0484 +0.03/0,0.0484,+0.03,0,stacked_normal,False,False,-0.35
4692,syn_004692.png,images/syn_004692.png,0.652 -0.01/-0.015,0.652,-0.01,-0.015,stacked_fraction,True,False,-0.29
4693,syn_004693.png,images/syn_004693.png,0.4931 +0.05/0,0.4931,+0.05,0,stacked_normal,False,False,-5.76
4694,syn_004694.png,images/syn_004694.png,12.805 +0.01/0,12.805,+0.01,0,stacked_normal,False,False,-0.33
4695,syn_004695.png,images/syn_004695.png,M39.800 0/-0.003,M39.800,0,-0.003,stacked_normal,False,False,-0.21
4696,syn_004696.png,images/syn_004696.png,R3 MIN,R3 MIN,,,simple_radius_corner,False,False,-15.56
4697,syn_004697.png,images/syn_004697.png,0.4780 -0.005/-0.008,0.4780,-0.005,-0.008,stacked_fraction,True,False,-0.17
4698,syn_004698.png,images/syn_004698.png,0.2118 0/-0.02,0.2118,0,-0.02,stacked_normal,False,False,0.4
4699,syn_004699.png,images/syn_004699.png,12.160 +0.008/+0.005,12.160,+0.008,+0.005,stacked_normal,False,False,0.67
4700,syn_004700.png,images/syn_004700.png,12.160,12.160,,,simple_boxed_ref,False,True,0.58
4701,syn_004701.png,images/syn_004701.png,Ø57.631±0.01,Ø57.631,+0.01,-0.01,symmetric_tight,False,False,0.72
4702,syn_004702.png,images/syn_004702.png,0.785°,0.785°,,,angle_decimal_deg,False,False,45.65
4703,syn_004703.png,images/syn_004703.png,Ø35.726 +0.005/0,Ø35.726,+0.005,0,stacked_fraction,True,False,-0.61
4704,syn_004704.png,images/syn_004704.png,"90°44'5""","90°44'5""",,,angle_dms_full,False,False,-43.55
4705,syn_004705.png,images/syn_004705.png,0.652 -0.001/-0.006,0.652,-0.001,-0.006,stacked_normal,False,False,-0.13
4706,syn_004706.png,images/syn_004706.png,R5.04 +0.015/0,R5.04,+0.015,0,stacked_normal,False,False,0.75
4707,syn_004707.png,images/syn_004707.png,"89°17'5""","89°17'5""",,,angle_dms_full,False,False,-0.54
4708,syn_004708.png,images/syn_004708.png,2.75±0.025,2.75,+0.025,-0.025,symmetric_tight,False,False,0.54
4709,syn_004709.png,images/syn_004709.png,Ø10.50 +0.002/0,Ø10.50,+0.002,0,stacked_fraction,True,False,-0.1
4710,syn_004710.png,images/syn_004710.png,Ø83.784±0.015,Ø83.784,+0.015,-0.015,symmetric_tight,False,False,0.53
4711,syn_004711.png,images/syn_004711.png,0.052°,0.052°,,,angle_decimal_deg,False,False,-0.75
4712,syn_004712.png,images/syn_004712.png,R11.89 +0.005/-0.02,R11.89,+0.005,-0.02,stacked_normal,False,False,0.26
4713,syn_004713.png,images/syn_004713.png,21.603 +0.003/0,21.603,+0.003,0,stacked_fraction,True,False,0.58
4714,syn_004714.png,images/syn_004714.png,24.110±0.015,24.110,+0.015,-0.015,symmetric_tight,False,False,-0.04
4715,syn_004715.png,images/syn_004715.png,C60 -0.01/-0.015,C60,-0.01,-0.015,stacked_fraction,True,False,-2.97
4716,syn_004716.png,images/syn_004716.png,15°±15',15°,+15',-15',angle_dms_tol,False,False,0.65
4717,syn_004717.png,images/syn_004717.png,Ø57.63 0/-0.002,Ø57.63,0,-0.002,stacked_fraction,True,False,0.38
4718,syn_004718.png,images/syn_004718.png,56.655 +0.01/-0.03,56.655,+0.01,-0.03,stacked_fraction,True,False,-0.12
4719,syn_004719.png,images/syn_004719.png,C4.491 +0.005/0,C4.491,+0.005,0,stacked_fraction,True,False,-0.7
4720,syn_004720.png,images/syn_004720.png,45°39',45°39',,,angle_dms_min,False,False,-14.66
4721,syn_004721.png,images/syn_004721.png,0.4924 0/-0.005,0.4924,0,-0.005,stacked_fraction,True,False,0.36
4722,syn_004722.png,images/syn_004722.png,20.920 +0.01/-0.03,20.920,+0.01,-0.03,stacked_normal,False,False,-1.22
4723,syn_004723.png,images/syn_004723.png,Ø2.160 0/-0.03,Ø2.160,0,-0.03,stacked_normal,False,False,-0.51
4724,syn_004724.png,images/syn_004724.png,Ø3.032 0/-0.003,Ø3.032,0,-0.003,stacked_normal,False,False,0.52
4725,syn_004725.png,images/syn_004725.png,R12 +0.01/0,R12,+0.01,0,stacked_fraction,True,False,0.29
4726,syn_004726.png,images/syn_004726.png,Ø4.04±0.05,Ø4.04,+0.05,-0.05,symmetric_tight,False,False,-0.09
4727,syn_004727.png,images/syn_004727.png,12.150 +0.01/0,12.150,+0.01,0,stacked_fraction,True,False,0.29
4728,syn_004728.png,images/syn_004728.png,0.2546 0/-0.008,0.2546,0,-0.008,stacked_normal,False,False,0.47
4729,syn_004729.png,images/syn_004729.png,50.324±0.025,50.324,+0.025,-0.025,symmetric_tight,False,False,0.24
4730,syn_004730.png,images/syn_004730.png,14.941 0/-0.005,14.941,0,-0.005,stacked_fraction,True,False,0.69
4731,syn_004731.png,images/syn_004731.png,100 0/-0.002,100,0,-0.002,stacked_normal,False,False,-0.16
4732,syn_004732.png,images/syn_004732.png,C16 0/-0.01,C16,0,-0.01,stacked_normal,False,False,0.37
4733,syn_004733.png,images/syn_004733.png,R70.462 0/-0.05,R70.462,0,-0.05,stacked_normal,False,False,0.55
4734,syn_004734.png,images/syn_004734.png,C2.0,C2.0,,,simple_chamfer,False,False,-0.21
4735,syn_004735.png,images/syn_004735.png,50.00±0.1,50.00,+0.1,-0.1,symmetric_tight,False,False,0.23
4736,syn_004736.png,images/syn_004736.png,M2.160±0.01,M2.160,+0.01,-0.01,symmetric_tight,False,False,0.32
4737,syn_004737.png,images/syn_004737.png,50.00 0/-0.003,50.00,0,-0.003,stacked_normal,False,False,-2.66
4738,syn_004738.png,images/syn_004738.png,16.350 0/-0.008,16.350,0,-0.008,stacked_fraction,True,False,0.48
4739,syn_004739.png,images/syn_004739.png,M26.380±0.025,M26.380,+0.025,-0.025,symmetric_tight,False,False,0.02
4740,syn_004740.png,images/syn_004740.png,C35.726 +0.008/+0.005,C35.726,+0.008,+0.005,stacked_fraction,True,False,-0.75
4741,syn_004741.png,images/syn_004741.png,15.092 0/-0.01,15.092,0,-0.01,stacked_normal,False,False,0.72
4742,syn_004742.png,images/syn_004742.png,28.65°,28.65°,,,angle_decimal_deg,False,False,-60.62
4743,syn_004743.png,images/syn_004743.png,8.308 +0.02/0,8.308,+0.02,0,stacked_normal,False,False,0.06
4744,syn_004744.png,images/syn_004744.png,M0.652±0.025,M0.652,+0.025,-0.025,symmetric_tight,False,False,0.66
4745,syn_004745.png,images/syn_004745.png,7.525±0.1,7.525,+0.1,-0.1,symmetric_tight,False,False,0.57
4746,syn_004746.png,images/syn_004746.png,60°±5',60°,+5',-5',angle_dms_tol,False,False,0.63
4747,syn_004747.png,images/syn_004747.png,50.145 0/-0.008,50.145,0,-0.008,stacked_normal,False,False,-0.51
4748,syn_004748.png,images/syn_004748.png,Ø77.669 +0.013/+0.01,Ø77.669,+0.013,+0.01,stacked_fraction,True,False,0.52
4749,syn_004749.png,images/syn_004749.png,90.429 -0.01/-0.012,90.429,-0.01,-0.012,stacked_fraction,True,False,-0.75
4750,syn_004750.png,images/syn_004750.png,Ø0.3912 +0.02/0,Ø0.3912,+0.02,0,stacked_normal,False,False,-1.05
4751,syn_004751.png,images/syn_004751.png,0°30',0°30',,,angle_dms_min,False,False,44.2
4752,syn_004752.png,images/syn_004752.png,M10,M10,,,simple_thread_qty,False,False,0.61
4753,syn_004753.png,images/syn_004753.png,2.75,2.75,,,simple_nominal_plain,False,False,-0.36
4754,syn_004754.png,images/syn_004754.png,60±0.1,60,+0.1,-0.1,symmetric_tight,False,False,0.3
4755,syn_004755.png,images/syn_004755.png,7.525 0/-0.008,7.525,0,-0.008,stacked_fraction,True,False,-0.58
4756,syn_004756.png,images/syn_004756.png,Ø12.50 +0.005/-0.02,Ø12.50,+0.005,-0.02,stacked_normal,False,False,5.06
4757,syn_004757.png,images/syn_004757.png,12.150 +0.01/+0.005,12.150,+0.01,+0.005,stacked_normal,False,False,-4.58
4758,syn_004758.png,images/syn_004758.png,15.80 0/-0.003,15.80,0,-0.003,stacked_normal,False,False,-0.39
4759,syn_004759.png,images/syn_004759.png,5±0.02,5,+0.02,-0.02,symmetric_tight,False,False,-0.41
4760,syn_004760.png,images/syn_004760.png,Ø3.032±0.005,Ø3.032,+0.005,-0.005,symmetric_tight,False,False,0.39
4761,syn_004761.png,images/syn_004761.png,R3,R3,,,simple_radius_corner,False,False,-14.89
4762,syn_004762.png,images/syn_004762.png,56.003±0.005,56.003,+0.005,-0.005,symmetric_tight,False,False,-0.19
4763,syn_004763.png,images/syn_004763.png,C100 +0.007/+0.002,C100,+0.007,+0.002,stacked_normal,False,False,0.42
4764,syn_004764.png,images/syn_004764.png,12° 25',12° 25',,,angle_dms_min,False,False,-60.85
4765,syn_004765.png,images/syn_004765.png,14.941 0/-0.002,14.941,0,-0.002,stacked_fraction,True,False,-0.73
4766,syn_004766.png,images/syn_004766.png,20 0/-0.02,20,0,-0.02,stacked_normal,False,False,-0.66
4767,syn_004767.png,images/syn_004767.png,14.941 +0.015/+0.01,14.941,+0.015,+0.01,stacked_normal,False,False,0.67
4768,syn_004768.png,images/syn_004768.png,Ø3.032 +0.05/-0.005,Ø3.032,+0.05,-0.005,stacked_fraction,True,False,0.56
4769,syn_004769.png,images/syn_004769.png,5.04 +0.015/0,5.04,+0.015,0,stacked_fraction,True,False,0.26
4770,syn_004770.png,images/syn_004770.png,4.04±0.02,4.04,+0.02,-0.02,symmetric_tight,False,False,0.57
4771,syn_004771.png,images/syn_004771.png,0.5,0.5,,,simple_nominal_plain,False,False,-0.75
4772,syn_004772.png,images/syn_004772.png,R1.5,R1.5,,,simple_radius_corner,False,False,46.48
4773,syn_004773.png,images/syn_004773.png,0.0631±0.005,0.0631,+0.005,-0.005,symmetric_tight,False,False,-0.02
4774,syn_004774.png,images/syn_004774.png,R4.618 0/-0.01,R4.618,0,-0.01,stacked_normal,False,False,-0.03
4775,syn_004775.png,images/syn_004775.png,2.75 -0.01/-0.015,2.75,-0.01,-0.015,stacked_normal,False,False,2.62
4776,syn_004776.png,images/syn_004776.png,Ø57.926 -0.003/-0.006,Ø57.926,-0.003,-0.006,stacked_normal,False,False,0.21
4777,syn_004777.png,images/syn_004777.png,M12,M12,,,simple_thread_qty,False,False,-0.13
4778,syn_004778.png,images/syn_004778.png,0.4208 +0.005/0,0.4208,+0.005,0,stacked_normal,False,False,-2.35
4779,syn_004779.png,images/syn_004779.png,12.150±0.005,12.150,+0.005,-0.005,symmetric_tight,False,False,-0.48
4780,syn_004780.png,images/syn_004780.png,12°35',12°35',,,angle_dms_min,False,False,-0.23
4781,syn_004781.png,images/syn_004781.png,4.04±0.01,4.04,+0.01,-0.01,symmetric_tight,False,False,-0.66
4782,syn_004782.png,images/syn_004782.png,94.514,94.514,,,simple_nominal_plain,False,False,0.66
4783,syn_004783.png,images/syn_004783.png,Ø0.2280 0/-0.003,Ø0.2280,0,-0.003,stacked_normal,False,False,0.55
4784,syn_004784.png,images/syn_004784.png,11.713 -0.003/-0.005,11.713,-0.003,-0.005,stacked_fraction,True,False,-0.57
4785,syn_004785.png,images/syn_004785.png,33.742 +0.05/-0.03,33.742,+0.05,-0.03,stacked_fraction,True,False,5.5
4786,syn_004786.png,images/syn_004786.png,Ø34.597 -0.001/-0.003,Ø34.597,-0.001,-0.003,stacked_fraction,True,False,0.31
4787,syn_004787.png,images/syn_004787.png,24.516 +0.01/0,24.516,+0.01,0,stacked_fraction,True,False,-0.26
4788,syn_004788.png,images/syn_004788.png,10.50±0.002,10.50,+0.002,-0.002,symmetric_tight,False,False,-0.25
4789,syn_004789.png,images/syn_004789.png,Ø50.324±0.002,Ø50.324,+0.002,-0.002,symmetric_tight,False,False,0.43
4790,syn_004790.png,images/syn_004790.png,50.00,50.00,,,simple_nominal_plain,False,False,-0.1
4791,syn_004791.png,images/syn_004791.png,50.00 +0.015/-0.005,50.00,+0.015,-0.005,stacked_normal,False,False,0.04
4792,syn_004792.png,images/syn_004792.png,8.331 -0.005/-0.008,8.331,-0.005,-0.008,stacked_fraction,True,False,0.08
4793,syn_004793.png,images/syn_004793.png,0.5°,0.5°,,,angle_decimal_deg,False,False,-0.53
4794,syn_004794.png,images/syn_004794.png,Ø3.032 0/-0.015,Ø3.032,0,-0.015,stacked_normal,False,False,0.35
4795,syn_004795.png,images/syn_004795.png,20,20,,,simple_nominal_plain,False,False,0.57
4796,syn_004796.png,images/syn_004796.png,R56.003±0.015,R56.003,+0.015,-0.015,symmetric_tight,False,False,0.05
4797,syn_004797.png,images/syn_004797.png,46.384 +0.015/-0.02,46.384,+0.015,-0.02,stacked_normal,False,False,0.31
4798,syn_004798.png,images/syn_004798.png,Ø25.4,Ø25.4,,,simple_diameter,False,False,-0.63
4799,syn_004799.png,images/syn_004799.png,90.5°,90.5°,,,angle_decimal_deg,False,False,-59.09
4800,syn_004800.png,images/syn_004800.png,0.262°,0.262°,,,angle_decimal_deg,False,False,-14.78
4801,syn_004801.png,images/syn_004801.png,4.026 0/-0.003,4.026,0,-0.003,stacked_fraction,True,False,0.19
4802,syn_004802.png,images/syn_004802.png,4.04 +0.01/0,4.04,+0.01,0,stacked_normal,False,False,-0.47
4803,syn_004803.png,images/syn_004803.png,Ø6,Ø6,,,simple_diameter,False,False,0.28
4804,syn_004804.png,images/syn_004804.png,11.89,11.89,,,simple_nominal_plain,False,False,-0.42
4805,syn_004805.png,images/syn_004805.png,Ø15±0.1,Ø15,+0.1,-0.1,symmetric_tight,False,False,-0.02
4806,syn_004806.png,images/syn_004806.png,M26.197 +0.05/-0.002,M26.197,+0.05,-0.002,stacked_normal,False,False,0.19
4807,syn_004807.png,images/syn_004807.png,0.4730±0.005,0.4730,+0.005,-0.005,symmetric_tight,False,False,-0.62
4808,syn_004808.png,images/syn_004808.png,48.969 0/-0.003,48.969,0,-0.003,stacked_fraction,True,False,0.31
4809,syn_004809.png,images/syn_004809.png,12.5°,12.5°,,,angle_decimal_deg,False,False,-0.72
4810,syn_004810.png,images/syn_004810.png,2.75 0/-0.005,2.75,0,-0.005,stacked_fraction,True,False,-0.8
4811,syn_004811.png,images/syn_004811.png,C0.5,C0.5,,,simple_chamfer,False,False,0.13
4812,syn_004812.png,images/syn_004812.png,0.941 -0.002/-0.007,0.941,-0.002,-0.007,stacked_fraction,True,False,0.46
4813,syn_004813.png,images/syn_004813.png,12.150 0/-0.01,12.150,0,-0.01,stacked_fraction,True,False,-0.61
4814,syn_004814.png,images/syn_004814.png,34.337 +0.015/+0.01,34.337,+0.015,+0.01,stacked_normal,False,False,0.1
4815,syn_004815.png,images/syn_004815.png,90°±15',90°,+15',-15',angle_dms_tol,False,False,-0.63
4816,syn_004816.png,images/syn_004816.png,C0.05,C0.05,,,simple_chamfer,False,False,0.27
4817,syn_004817.png,images/syn_004817.png,0.3039±0.005,0.3039,+0.005,-0.005,symmetric_tight,False,False,-0.56
4818,syn_004818.png,images/syn_004818.png,56.003 0/-0.015,56.003,0,-0.015,stacked_fraction,True,False,0.45
4819,syn_004819.png,images/syn_004819.png,C20 +0.02/0,C20,+0.02,0,stacked_normal,False,False,2.94
4820,syn_004820.png,images/syn_004820.png,C4.429 +0.02/-0.01,C4.429,+0.02,-0.01,stacked_fraction,True,False,-0.47
4821,syn_004821.png,images/syn_004821.png,Ø0.4415 +0.01/-0.005,Ø0.4415,+0.01,-0.005,stacked_normal,False,False,-0.24
4822,syn_004822.png,images/syn_004822.png,28.65°,28.65°,,,angle_decimal_deg,False,False,-0.19
4823,syn_004823.png,images/syn_004823.png,16.350 +0.05/-0.002,16.350,+0.05,-0.002,stacked_normal,False,False,-0.76
4824,syn_004824.png,images/syn_004824.png,50 +0.03/0,50,+0.03,0,stacked_fraction,True,False,-0.74
4825,syn_004825.png,images/syn_004825.png,Ø2.75 +0.015/-0.002,Ø2.75,+0.015,-0.002,stacked_fraction,True,False,0.79
4826,syn_004826.png,images/syn_004826.png,Ø0.25 +0.002/0,Ø0.25,+0.002,0,stacked_fraction,True,False,0.41
4827,syn_004827.png,images/syn_004827.png,8.308 +0.015/0,8.308,+0.015,0,stacked_fraction,True,False,-0.38
4828,syn_004828.png,images/syn_004828.png,8.308 0/-0.005,8.308,0,-0.005,stacked_normal,False,False,0.52
4829,syn_004829.png,images/syn_004829.png,10.50 0/-0.008,10.50,0,-0.008,stacked_fraction,True,False,0.55
4830,syn_004830.png,images/syn_004830.png,50.324 +0.05/0,50.324,+0.05,0,stacked_normal,False,False,-0.17
4831,syn_004831.png,images/syn_004831.png,Ø33.613 0/-0.003,Ø33.613,0,-0.003,stacked_normal,False,False,0.16
4832,syn_004832.png,images/syn_004832.png,C1.5,C1.5,,,simple_chamfer,False,False,0.25
4833,syn_004833.png,images/syn_004833.png,Ø73.65±0.01,Ø73.65,+0.01,-0.01,symmetric_tight,False,False,0.22
4834,syn_004834.png,images/syn_004834.png,C30±0.1,C30,+0.1,-0.1,symmetric_tight,False,False,0.41
4835,syn_004835.png,images/syn_004835.png,C90.909 +0.003/0,C90.909,+0.003,0,stacked_fraction,True,False,-0.68
4836,syn_004836.png,images/syn_004836.png,Ø12.155 +0.02/-0.01,Ø12.155,+0.02,-0.01,stacked_normal,False,False,-0.49
4837,syn_004837.png,images/syn_004837.png,11.89±0.1,11.89,+0.1,-0.1,symmetric_tight,False,False,-0.12
4838,syn_004838.png,images/syn_004838.png,37.246,37.246,,,simple_nominal_plain,False,False,-0.36
4839,syn_004839.png,images/syn_004839.png,10.50 0/-0.01,10.50,0,-0.01,stacked_fraction,True,False,-0.3
4840,syn_004840.png,images/syn_004840.png,"0°51'36""","0°51'36""",,,angle_dms_full,False,False,13.81
4841,syn_004841.png,images/syn_004841.png,90°±1°,90°,+1°,-1°,angle_dms_tol,False,False,-59.79
4842,syn_004842.png,images/syn_004842.png,0.0425±0.002,0.0425,+0.002,-0.002,symmetric_tight,False,False,-0.45
4843,syn_004843.png,images/syn_004843.png,60°17',60°17',,,angle_dms_min,False,False,-59.08
4844,syn_004844.png,images/syn_004844.png,24.50 0/-0.01,24.50,0,-0.01,stacked_normal,False,False,0.24
4845,syn_004845.png,images/syn_004845.png,0.0675 +0.01/-0.002,0.0675,+0.01,-0.002,stacked_fraction,True,False,0.62
4846,syn_004846.png,images/syn_004846.png,11.89 0/-0.005,11.89,0,-0.005,stacked_normal,False,False,0.19
4847,syn_004847.png,images/syn_004847.png,12.50 +0.02/0,12.50,+0.02,0,stacked_fraction,True,False,-0.41
4848,syn_004848.png,images/syn_004848.png,"0°24'58""","0°24'58""",,,angle_dms_full,False,False,0.05
4849,syn_004849.png,images/syn_004849.png,Ø21.977±0.025,Ø21.977,+0.025,-0.025,symmetric_tight,False,False,0.55
4850,syn_004850.png,images/syn_004850.png,0.1624 0/-0.002,0.1624,0,-0.002,stacked_fraction,True,False,0.44
4851,syn_004851.png,images/syn_004851.png,73.65 +0.002/0,73.65,+0.002,0,stacked_fraction,True,False,-0.47
4852,syn_004852.png,images/syn_004852.png,C0.05,C0.05,,,simple_chamfer,False,False,0.21
4853,syn_004853.png,images/syn_004853.png,24.50 +0.01/-0.02,24.50,+0.01,-0.02,stacked_fraction,True,False,-0.77
4854,syn_004854.png,images/syn_004854.png,R5MAX,R5MAX,,,simple_radius_corner,False,False,0.44
4855,syn_004855.png,images/syn_004855.png,R13.071 0/-0.002,R13.071,0,-0.002,stacked_normal,False,False,0.33
4856,syn_004856.png,images/syn_004856.png,30,30,,,simple_nominal_plain,False,False,-0.39
4857,syn_004857.png,images/syn_004857.png,R0.03 MIN,R0.03 MIN,,,simple_radius_corner,False,False,-0.48
4858,syn_004858.png,images/syn_004858.png,R1.0,R1.0,,,simple_radius_corner,False,False,14.38
4859,syn_004859.png,images/syn_004859.png,Ø0.0796±0.05,Ø0.0796,+0.05,-0.05,symmetric_tight,False,False,0.53
4860,syn_004860.png,images/syn_004860.png,R0.5,R0.5,,,simple_radius_corner,False,False,0.52
4861,syn_004861.png,images/syn_004861.png,0.1977 +0.015/0,0.1977,+0.015,0,stacked_normal,False,False,-0.75
4862,syn_004862.png,images/syn_004862.png,50.00,50.00,,,simple_nominal_plain,False,False,0.49
4863,syn_004863.png,images/syn_004863.png,7.525 +0.015/-0.03,7.525,+0.015,-0.03,stacked_fraction,True,False,-0.22
4864,syn_004864.png,images/syn_004864.png,11.89 +0.002/0,11.89,+0.002,0,stacked_normal,False,False,0.02
4865,syn_004865.png,images/syn_004865.png,35.726 +0.02/0,35.726,+0.02,0,stacked_normal,False,False,0.37
4866,syn_004866.png,images/syn_004866.png,3.302 -0.005/-0.007,3.302,-0.005,-0.007,stacked_fraction,True,False,-0.59
4867,syn_004867.png,images/syn_004867.png,Ø6,Ø6,,,simple_diameter,False,False,0.55
4868,syn_004868.png,images/syn_004868.png,Ø12.160±0.1,Ø12.160,+0.1,-0.1,symmetric_tight,False,False,0.44
4869,syn_004869.png,images/syn_004869.png,R0.12 MAX,R0.12 MAX,,,simple_radius_corner,False,False,-0.03
4870,syn_004870.png,images/syn_004870.png,24.407 -0.002/-0.007,24.407,-0.002,-0.007,stacked_normal,False,False,-0.56
4871,syn_004871.png,images/syn_004871.png,15.80 0/-0.01,15.80,0,-0.01,stacked_fraction,True,False,-0.68
4872,syn_004872.png,images/syn_004872.png,"25°33'42""","25°33'42""",,,angle_dms_full,False,False,0.64
4873,syn_004873.png,images/syn_004873.png,0.290±0.1,0.290,+0.1,-0.1,symmetric_tight,False,False,-0.01
4874,syn_004874.png,images/syn_004874.png,C1.5,C1.5,,,simple_chamfer,False,False,-0.44
4875,syn_004875.png,images/syn_004875.png,Ø26.197 0/-0.03,Ø26.197,0,-0.03,stacked_normal,False,False,-0.35
4876,syn_004876.png,images/syn_004876.png,M10.50 +0.015/-0.02,M10.50,+0.015,-0.02,stacked_normal,False,False,0.71
4877,syn_004877.png,images/syn_004877.png,2.094°,2.094°,,,angle_decimal_deg,False,False,-0.53
4878,syn_004878.png,images/syn_004878.png,R0.1MIN,R0.1MIN,,,simple_radius_corner,False,False,0.57
4879,syn_004879.png,images/syn_004879.png,Ø0.941±0.01,Ø0.941,+0.01,-0.01,symmetric_tight,False,False,-0.69
4880,syn_004880.png,images/syn_004880.png,25±0.01,25,+0.01,-0.01,symmetric_tight,False,False,-0.52
4881,syn_004881.png,images/syn_004881.png,73.65 -0.002/-0.005,73.65,-0.002,-0.005,stacked_normal,False,False,-0.77
4882,syn_004882.png,images/syn_004882.png,30°±30',30°,+30',-30',angle_dms_tol,False,False,44.98
4883,syn_004883.png,images/syn_004883.png,50.050 +0.002/0,50.050,+0.002,0,stacked_normal,False,False,0.39
4884,syn_004884.png,images/syn_004884.png,Ø15±0.025,Ø15,+0.025,-0.025,symmetric_tight,False,False,0.32
4885,syn_004885.png,images/syn_004885.png,58.937 -0.005/-0.008,58.937,-0.005,-0.008,stacked_fraction,True,False,0.07
4886,syn_004886.png,images/syn_004886.png,1.25°,1.25°,,,angle_decimal_deg,False,False,-14.16
4887,syn_004887.png,images/syn_004887.png,69.876 +0.02/-0.002,69.876,+0.02,-0.002,stacked_normal,False,False,-0.04
4888,syn_004888.png,images/syn_004888.png,Ø30,Ø30,,,simple_diameter,False,False,0.13
4889,syn_004889.png,images/syn_004889.png,43.531 0/-0.005,43.531,0,-0.005,stacked_normal,False,False,-0.71
4890,syn_004890.png,images/syn_004890.png,R12.155 0/-0.02,R12.155,0,-0.02,stacked_fraction,True,False,0.31
4891,syn_004891.png,images/syn_004891.png,5° 9',5° 9',,,angle_dms_min,False,False,-15.27
4892,syn_004892.png,images/syn_004892.png,15°±10',15°,+10',-10',angle_dms_tol,False,False,-61.13
4893,syn_004893.png,images/syn_004893.png,Ø36.669 -0.002/-0.004,Ø36.669,-0.002,-0.004,stacked_normal,False,False,0.16
4894,syn_004894.png,images/syn_004894.png,Ø2.160 +0.03/0,Ø2.160,+0.03,0,stacked_normal,False,False,0.35
4895,syn_004895.png,images/syn_004895.png,0.3142 +0.006/+0.001,0.3142,+0.006,+0.001,stacked_fraction,True,False,0.36
4896,syn_004896.png,images/syn_004896.png,90°49',90°49',,,angle_dms_min,False,False,28.99
4897,syn_004897.png,images/syn_004897.png,38.959 -0.002/-0.004,38.959,-0.002,-0.004,stacked_fraction,True,False,-0.26
4898,syn_004898.png,images/syn_004898.png,57.63±0.015,57.63,+0.015,-0.015,symmetric_tight,False,False,-0.29
4899,syn_004899.png,images/syn_004899.png,28.592±0.002,28.592,+0.002,-0.002,symmetric_tight,False,False,0.47
4900,syn_004900.png,images/syn_004900.png,14.859 +0.015/+0.01,14.859,+0.015,+0.01,stacked_fraction,True,False,-0.79
4901,syn_004901.png,images/syn_004901.png,44.770 -0.005/-0.008,44.770,-0.005,-0.008,stacked_fraction,True,False,-0.51
4902,syn_004902.png,images/syn_004902.png,R0.0912±0.005,R0.0912,+0.005,-0.005,symmetric_tight,False,False,-0.06
4903,syn_004903.png,images/syn_004903.png,Ø73.65±0.025,Ø73.65,+0.025,-0.025,symmetric_tight,False,False,-0.19
4904,syn_004904.png,images/syn_004904.png,12.50 +0.03/0,12.50,+0.03,0,stacked_normal,False,False,0.56
4905,syn_004905.png,images/syn_004905.png,80.598 +0.005/+0.002,80.598,+0.005,+0.002,stacked_fraction,True,False,-0.09
4906,syn_004906.png,images/syn_004906.png,40 +0.005/0,40,+0.005,0,stacked_fraction,True,False,0.07
4907,syn_004907.png,images/syn_004907.png,Ø12.155 0/-0.003,Ø12.155,0,-0.003,stacked_normal,False,False,0.05
4908,syn_004908.png,images/syn_004908.png,2.160 +0.002/0,2.160,+0.002,0,stacked_fraction,True,False,0.29
4909,syn_004909.png,images/syn_004909.png,0.1635±0.025,0.1635,+0.025,-0.025,symmetric_tight,False,False,-0.26
4910,syn_004910.png,images/syn_004910.png,73.65 +0.006/+0.001,73.65,+0.006,+0.001,stacked_fraction,True,False,-0.67
4911,syn_004911.png,images/syn_004911.png,12.50 +0.03/0,12.50,+0.03,0,stacked_normal,False,False,0.72
4912,syn_004912.png,images/syn_004912.png,5°53',5°53',,,angle_dms_min,False,False,0.0
4913,syn_004913.png,images/syn_004913.png,"15° 14' 22""","15° 14' 22""",,,angle_dms_full,False,False,-0.2
4914,syn_004914.png,images/syn_004914.png,0.3168 0/-0.01,0.3168,0,-0.01,stacked_fraction,True,False,0.35
4915,syn_004915.png,images/syn_004915.png,Ø12.150±0.01,Ø12.150,+0.01,-0.01,symmetric_tight,False,False,-0.65
4916,syn_004916.png,images/syn_004916.png,Ø22.031 -0.002/-0.005,Ø22.031,-0.002,-0.005,stacked_fraction,True,False,-0.39
4917,syn_004917.png,images/syn_004917.png,12.50 +0.005/+0.002,12.50,+0.005,+0.002,stacked_normal,False,False,-0.59
4918,syn_004918.png,images/syn_004918.png,5.04,5.04,,,simple_nominal_plain,False,False,0.65
4919,syn_004919.png,images/syn_004919.png,52.847±0.1,52.847,+0.1,-0.1,symmetric_tight,False,False,-0.62
4920,syn_004920.png,images/syn_004920.png,Ø0.2742 0/-0.002,Ø0.2742,0,-0.002,stacked_fraction,True,False,0.31
4921,syn_004921.png,images/syn_004921.png,0.1865 0/-0.03,0.1865,0,-0.03,stacked_fraction,True,False,-2.69
4922,syn_004922.png,images/syn_004922.png,10.106±0.005,10.106,+0.005,-0.005,symmetric_tight,False,False,-0.45
4923,syn_004923.png,images/syn_004923.png,0.008 +0.008/+0.005,0.008,+0.008,+0.005,stacked_fraction,True,False,0.34
4924,syn_004924.png,images/syn_004924.png,8.308 +0.015/-0.005,8.308,+0.015,-0.005,stacked_fraction,True,False,0.45
4925,syn_004925.png,images/syn_004925.png,Ø14.941 0/-0.02,Ø14.941,0,-0.02,stacked_fraction,True,False,-0.75
4926,syn_004926.png,images/syn_004926.png,56.003±0.02,56.003,+0.02,-0.02,symmetric_tight,False,False,-0.23
4927,syn_004927.png,images/syn_004927.png,R43.467±0.1,R43.467,+0.1,-0.1,symmetric_tight,False,False,-0.08
4928,syn_004928.png,images/syn_004928.png,2X Ø5,2X Ø5,,,simple_thread_qty,False,False,0.47
4929,syn_004929.png,images/syn_004929.png,Ø0.1429 -0.01/-0.013,Ø0.1429,-0.01,-0.013,stacked_fraction,True,False,0.16
4930,syn_004930.png,images/syn_004930.png,60±0.01,60,+0.01,-0.01,symmetric_tight,False,False,0.3
4931,syn_004931.png,images/syn_004931.png,3.032 +0.003/0,3.032,+0.003,0,stacked_fraction,True,False,-0.58
4932,syn_004932.png,images/syn_004932.png,C1.0,C1.0,,,simple_chamfer,False,False,0.72
4933,syn_004933.png,images/syn_004933.png,5.800 +0.013/+0.01,5.800,+0.013,+0.01,stacked_fraction,True,False,-0.28
4934,syn_004934.png,images/syn_004934.png,12.155 +0.02/-0.002,12.155,+0.02,-0.002,stacked_fraction,True,False,-0.11
4935,syn_004935.png,images/syn_004935.png,57.096±0.02,57.096,+0.02,-0.02,symmetric_tight,False,False,-0.44
4936,syn_004936.png,images/syn_004936.png,35.726 +0.01/-0.03,35.726,+0.01,-0.03,stacked_normal,False,False,0.17
4937,syn_004937.png,images/syn_004937.png,Ø33.613±0.005,Ø33.613,+0.005,-0.005,symmetric_tight,False,False,0.63
4938,syn_004938.png,images/syn_004938.png,R0.1054±0.025,R0.1054,+0.025,-0.025,symmetric_tight,False,False,0.35
4939,syn_004939.png,images/syn_004939.png,2.75±0.005,2.75,+0.005,-0.005,symmetric_tight,False,False,-0.57
4940,syn_004940.png,images/syn_004940.png,M0.2192 +0.01/0,M0.2192,+0.01,0,stacked_fraction,True,False,3.05
4941,syn_004941.png,images/syn_004941.png,"25°2'28""","25°2'28""",,,angle_dms_full,False,False,-0.22
4942,syn_004942.png,images/syn_004942.png,1.998 0/-0.05,1.998,0,-0.05,stacked_fraction,True,False,-0.42
4943,syn_004943.png,images/syn_004943.png,0.1585 +0.015/+0.01,0.1585,+0.015,+0.01,stacked_fraction,True,False,-0.42
4944,syn_004944.png,images/syn_004944.png,Ø16,Ø16,,,simple_diameter,False,False,0.13
4945,syn_004945.png,images/syn_004945.png,Ø93.055 0/-0.015,Ø93.055,0,-0.015,stacked_fraction,True,False,0.64
4946,syn_004946.png,images/syn_004946.png,R60 +0.005/0,R60,+0.005,0,stacked_normal,False,False,-0.26
4947,syn_004947.png,images/syn_004947.png,11.89±0.01,11.89,+0.01,-0.01,symmetric_tight,False,False,0.04
4948,syn_004948.png,images/syn_004948.png,29.810±0.005,29.810,+0.005,-0.005,symmetric_tight,False,False,-0.54
4949,syn_004949.png,images/syn_004949.png,Ø0.652 -0.005/-0.008,Ø0.652,-0.005,-0.008,stacked_fraction,True,False,0.1
4950,syn_004950.png,images/syn_004950.png,0.4479 0/-0.005,0.4479,0,-0.005,stacked_fraction,True,False,-0.57
4951,syn_004951.png,images/syn_004951.png,4.026±0.015,4.026,+0.015,-0.015,symmetric_tight,False,False,0.15
4952,syn_004952.png,images/syn_004952.png,Ø2.75±0.05,Ø2.75,+0.05,-0.05,symmetric_tight,False,False,-0.64
4953,syn_004953.png,images/syn_004953.png,3.390 -0.003/-0.008,3.390,-0.003,-0.008,stacked_fraction,True,False,-0.66
4954,syn_004954.png,images/syn_004954.png,0.0631 +0.02/-0.005,0.0631,+0.02,-0.005,stacked_fraction,True,False,-0.18
4955,syn_004955.png,images/syn_004955.png,4.04 +0.004/+0.001,4.04,+0.004,+0.001,stacked_normal,False,False,0.22
4956,syn_004956.png,images/syn_004956.png,4.04 +0.005/0,4.04,+0.005,0,stacked_normal,False,False,-0.46
4957,syn_004957.png,images/syn_004957.png,1.25°,1.25°,,,angle_decimal_deg,False,False,0.78
4958,syn_004958.png,images/syn_004958.png,R0.03 MIN,R0.03 MIN,,,simple_radius_corner,False,False,-0.41
4959,syn_004959.png,images/syn_004959.png,C2.0,C2.0,,,simple_chamfer,False,False,-16.2
4960,syn_004960.png,images/syn_004960.png,15 +0.003/+0.001,15,+0.003,+0.001,stacked_fraction,True,False,-0.62
4961,syn_004961.png,images/syn_004961.png,38.629,38.629,,,simple_nominal_plain,False,False,0.2
4962,syn_004962.png,images/syn_004962.png,14.941 +0.005/-0.03,14.941,+0.005,-0.03,stacked_normal,False,False,-0.22
4963,syn_004963.png,images/syn_004963.png,55.202 0/-0.005,55.202,0,-0.005,stacked_normal,False,False,0.14
4964,syn_004964.png,images/syn_004964.png,15.450 0/-0.002,15.450,0,-0.002,stacked_fraction,True,False,0.79
4965,syn_004965.png,images/syn_004965.png,Ø24.50 +0.003/+0.001,Ø24.50,+0.003,+0.001,stacked_normal,False,False,-0.3
4966,syn_004966.png,images/syn_004966.png,1.309,1.309,,,simple_nominal_plain,False,False,-0.12
4967,syn_004967.png,images/syn_004967.png,R0.05 MAX,R0.05 MAX,,,simple_radius_corner,False,False,-0.69
4968,syn_004968.png,images/syn_004968.png,29.490 -0.001/-0.006,29.490,-0.001,-0.006,stacked_normal,False,False,-0.1
4969,syn_004969.png,images/syn_004969.png,62.534 0/-0.015,62.534,0,-0.015,stacked_fraction,True,False,-0.5
4970,syn_004970.png,images/syn_004970.png,5.04 0/-0.02,5.04,0,-0.02,stacked_normal,False,False,-0.22
4971,syn_004971.png,images/syn_004971.png,"5°51'47""","5°51'47""",,,angle_dms_full,False,False,-0.45
4972,syn_004972.png,images/syn_004972.png,Ø0.25 0/-0.05,Ø0.25,0,-0.05,stacked_normal,False,False,-0.62
4973,syn_004973.png,images/syn_004973.png,R50.324 +0.005/-0.02,R50.324,+0.005,-0.02,stacked_fraction,True,False,-0.37
4974,syn_004974.png,images/syn_004974.png,90°34',90°34',,,angle_dms_min,False,False,0.72
4975,syn_004975.png,images/syn_004975.png,73.65 +0.015/0,73.65,+0.015,0,stacked_normal,False,False,0.55
4976,syn_004976.png,images/syn_004976.png,11.89 0/-0.005,11.89,0,-0.005,stacked_normal,False,False,-5.5
4977,syn_004977.png,images/syn_004977.png,Ø10.50±0.015,Ø10.50,+0.015,-0.015,symmetric_tight,False,False,0.06
4978,syn_004978.png,images/syn_004978.png,79.129±0.002,79.129,+0.002,-0.002,symmetric_tight,False,False,-0.62
4979,syn_004979.png,images/syn_004979.png,0.4171±0.005,0.4171,+0.005,-0.005,symmetric_tight,False,False,-0.15
4980,syn_004980.png,images/syn_004980.png,36.245 +0.02/0,36.245,+0.02,0,stacked_fraction,True,False,-0.39
4981,syn_004981.png,images/syn_004981.png,Ø56.003±0.015,Ø56.003,+0.015,-0.015,symmetric_tight,False,False,-0.16
4982,syn_004982.png,images/syn_004982.png,Ø2.160±0.05,Ø2.160,+0.05,-0.05,symmetric_tight,False,False,-0.16
4983,syn_004983.png,images/syn_004983.png,2.160 +0.004/+0.002,2.160,+0.004,+0.002,stacked_normal,False,False,-0.67
4984,syn_004984.png,images/syn_004984.png,M10 0/-0.02,M10,0,-0.02,stacked_fraction,True,False,-0.15
4985,syn_004985.png,images/syn_004985.png,75.241 -0.003/-0.006,75.241,-0.003,-0.006,stacked_fraction,True,False,0.79
4986,syn_004986.png,images/syn_004986.png,R68.112 0/-0.05,R68.112,0,-0.05,stacked_fraction,True,False,-0.53
4987,syn_004987.png,images/syn_004987.png,Ø77.321 0/-0.02,Ø77.321,0,-0.02,stacked_normal,False,False,-0.5
4988,syn_004988.png,images/syn_004988.png,Ø2.75 +0.004/+0.001,Ø2.75,+0.004,+0.001,stacked_normal,False,False,-0.11
4989,syn_004989.png,images/syn_004989.png,15.80 +0.05/0,15.80,+0.05,0,stacked_normal,False,False,-3.07
4990,syn_004990.png,images/syn_004990.png,R20±0.002,R20,+0.002,-0.002,symmetric_tight,False,False,0.38
4991,syn_004991.png,images/syn_004991.png,56.003±0.005,56.003,+0.005,-0.005,symmetric_tight,False,False,0.13
4992,syn_004992.png,images/syn_004992.png,50.00 +0.01/+0.005,50.00,+0.01,+0.005,stacked_normal,False,False,0.59
4993,syn_004993.png,images/syn_004993.png,45°±15',45°,+15',-15',angle_dms_tol,False,False,30.8
4994,syn_004994.png,images/syn_004994.png,2.160 0/-0.003,2.160,0,-0.003,stacked_fraction,True,False,-0.08
4995,syn_004995.png,images/syn_004995.png,24.5,24.5,,,simple_nominal_plain,False,False,-0.17
4996,syn_004996.png,images/syn_004996.png,Ø49.341 +0.004/+0.001,Ø49.341,+0.004,+0.001,stacked_normal,False,False,0.13
4997,syn_004997.png,images/syn_004997.png,M15.80±0.015,M15.80,+0.015,-0.015,symmetric_tight,False,False,0.13
4998,syn_004998.png,images/syn_004998.png,M11.89 0/-0.02,M11.89,0,-0.02,stacked_fraction,True,False,0.79
4999,syn_004999.png,images/syn_004999.png,37.645±0.002,37.645,+0.002,-0.002,symmetric_tight,False,False,0.46
5000,syn_005000.png,images/syn_005000.png,0.008±0.002,0.008,+0.002,-0.002,symmetric_tight,False,False,-0.6
